system:index,east,mean,north,south,west,.geo
0_21,75.21751229500882,1931.9792232895593,29.605780772151988,29.54617302599793,75.15630221535736,"{""geodesic"":false,""type"":""Polygon"",""coordinates"":[[[75.15630221535736,29.54617302599793],[75.21751229500882,29.54617302599793],[75.21751229500882,29.605780772151988],[75.15630221535736,29.605780772151988],[75.15630221535736,29.54617302599793]]]}"
0_22,75.27872237466028,1932.2349761583653,29.605780772151988,29.54617302599793,75.21751229500882,"{""geodesic"":false,""type"":""Polygon"",""coordinates"":[[[75.21751229500882,29.54617302599793],[75.27872237466028,29.54617302599793],[75.27872237466028,29.605780772151988],[75.21751229500882,29.605780772151988],[75.21751229500882,29.54617302599793]]]}"
0_23,75.33993245431174,1932.687275330828,29.605780772151988,29.54617302599793,75.27872237466028,"{""geodesic"":false,""type"":""Polygon"",""coordinates"":[[[75.27872237466028,29.54617302599793],[75.33993245431174,29.54617302599793],[75.33993245431174,29.605780772151988],[75.27872237466028,29.605780772151988],[75.27872237466028,29.54617302599793]]]}"
1_21,75.21751229500882,1932.0920902465166,29.665388518306045,29.605780772151988,75.15630221535736,"{""geodesic"":false,""type"":""Polygon"",""coordinates"":[[[75.15630221535736,29.605780772151988],[75.21751229500882,29.605780772151988],[75.21751229500882,29.665388518306045],[75.15630221535736,29.665388518306045],[75.15630221535736,29.605780772151988]]]}"
1_22,75.27872237466028,1932.7278583826794,29.665388518306045,29.605780772151988,75.21751229500882,"{""geodesic"":false,""type"":""Polygon"",""coordinates"":[[[75.21751229500882,29.605780772151988],[75.27872237466028,29.605780772151988],[75.27872237466028,29.665388518306045],[75.21751229500882,29.665388518306045],[75.21751229500882,29.605780772151988]]]}"
1_23,75.33993245431174,1931.2857865041983,29.665388518306045,29.605780772151988,75.27872237466028,"{""geodesic"":false,""type"":""Polygon"",""coordinates"":[[[75.27872237466028,29.605780772151988],[75.33993245431174,29.605780772151988],[75.33993245431174,29.665388518306045],[75.27872237466028,29.665388518306045],[75.27872237466028,29.605780772151988]]]}"
1_24,75.4011425339632,1930.8546343534179,29.665388518306045,29.605780772151988,75.33993245431174,"{""geodesic"":false,""type"":""Polygon"",""coordinates"":[[[75.33993245431174,29.605780772151988],[75.4011425339632,29.605780772151988],[75.4011425339632,29.665388518306045],[75.33993245431174,29.665388518306045],[75.33993245431174,29.605780772151988]]]}"
2_21,75.21751229500882,1932.4398943913845,29.724996264460103,29.665388518306045,75.15630221535736,"{""geodesic"":false,""type"":""Polygon"",""coordinates"":[[[75.15630221535736,29.665388518306045],[75.21751229500882,29.665388518306045],[75.21751229500882,29.724996264460103],[75.15630221535736,29.724996264460103],[75.15630221535736,29.665388518306045]]]}"
2_22,75.27872237466028,1932.9055443806533,29.724996264460103,29.665388518306045,75.21751229500882,"{""geodesic"":false,""type"":""Polygon"",""coordinates"":[[[75.21751229500882,29.665388518306045],[75.27872237466028,29.665388518306045],[75.27872237466028,29.724996264460103],[75.21751229500882,29.724996264460103],[75.21751229500882,29.665388518306045]]]}"
2_23,75.33993245431174,1931.389825666796,29.724996264460103,29.665388518306045,75.27872237466028,"{""geodesic"":false,""type"":""Polygon"",""coordinates"":[[[75.27872237466028,29.665388518306045],[75.33993245431174,29.665388518306045],[75.33993245431174,29.724996264460103],[75.27872237466028,29.724996264460103],[75.27872237466028,29.665388518306045]]]}"
2_24,75.4011425339632,1931.5012619947024,29.724996264460103,29.665388518306045,75.33993245431174,"{""geodesic"":false,""type"":""Polygon"",""coordinates"":[[[75.33993245431174,29.665388518306045],[75.4011425339632,29.665388518306045],[75.4011425339632,29.724996264460103],[75.33993245431174,29.724996264460103],[75.33993245431174,29.665388518306045]]]}"
3_20,75.15630221535736,1927.6112994838736,29.784604010614164,29.724996264460106,75.0950921357059,"{""geodesic"":false,""type"":""Polygon"",""coordinates"":[[[75.0950921357059,29.724996264460106],[75.15630221535736,29.724996264460106],[75.15630221535736,29.784604010614164],[75.0950921357059,29.784604010614164],[75.0950921357059,29.724996264460106]]]}"
3_21,75.21751229500882,1931.5736304059724,29.784604010614164,29.724996264460106,75.15630221535736,"{""geodesic"":false,""type"":""Polygon"",""coordinates"":[[[75.15630221535736,29.724996264460106],[75.21751229500882,29.724996264460106],[75.21751229500882,29.784604010614164],[75.15630221535736,29.784604010614164],[75.15630221535736,29.724996264460106]]]}"
3_22,75.27872237466028,1932.2042195825472,29.784604010614164,29.724996264460106,75.21751229500882,"{""geodesic"":false,""type"":""Polygon"",""coordinates"":[[[75.21751229500882,29.724996264460106],[75.27872237466028,29.724996264460106],[75.27872237466028,29.784604010614164],[75.21751229500882,29.784604010614164],[75.21751229500882,29.724996264460106]]]}"
3_23,75.33993245431174,1931.7329939535882,29.784604010614164,29.724996264460106,75.27872237466028,"{""geodesic"":false,""type"":""Polygon"",""coordinates"":[[[75.27872237466028,29.724996264460106],[75.33993245431174,29.724996264460106],[75.33993245431174,29.784604010614164],[75.27872237466028,29.784604010614164],[75.27872237466028,29.724996264460106]]]}"
3_24,75.4011425339632,1931.735643430819,29.784604010614164,29.724996264460106,75.33993245431174,"{""geodesic"":false,""type"":""Polygon"",""coordinates"":[[[75.33993245431174,29.724996264460106],[75.4011425339632,29.724996264460106],[75.4011425339632,29.784604010614164],[75.33993245431174,29.784604010614164],[75.33993245431174,29.724996264460106]]]}"
3_25,75.46235261361466,1932.353888626688,29.784604010614164,29.724996264460106,75.4011425339632,"{""geodesic"":false,""type"":""Polygon"",""coordinates"":[[[75.4011425339632,29.724996264460106],[75.46235261361466,29.724996264460106],[75.46235261361466,29.784604010614164],[75.4011425339632,29.784604010614164],[75.4011425339632,29.724996264460106]]]}"
3_26,75.52356269326613,1932.03222193347,29.784604010614164,29.724996264460106,75.46235261361467,"{""geodesic"":false,""type"":""Polygon"",""coordinates"":[[[75.46235261361467,29.724996264460106],[75.52356269326613,29.724996264460106],[75.52356269326613,29.784604010614164],[75.46235261361467,29.784604010614164],[75.46235261361467,29.724996264460106]]]}"
3_27,75.58477277291759,1933.3325599170498,29.784604010614164,29.724996264460106,75.52356269326613,"{""geodesic"":false,""type"":""Polygon"",""coordinates"":[[[75.52356269326613,29.724996264460106],[75.58477277291759,29.724996264460106],[75.58477277291759,29.784604010614164],[75.52356269326613,29.784604010614164],[75.52356269326613,29.724996264460106]]]}"
3_28,75.64598285256905,1934.0233594549918,29.784604010614164,29.724996264460106,75.58477277291759,"{""geodesic"":false,""type"":""Polygon"",""coordinates"":[[[75.58477277291759,29.724996264460106],[75.64598285256905,29.724996264460106],[75.64598285256905,29.784604010614164],[75.58477277291759,29.784604010614164],[75.58477277291759,29.724996264460106]]]}"
3_29,75.70719293222051,1933.6046974288322,29.784604010614164,29.724996264460106,75.64598285256905,"{""geodesic"":false,""type"":""Polygon"",""coordinates"":[[[75.64598285256905,29.724996264460106],[75.70719293222051,29.724996264460106],[75.70719293222051,29.784604010614164],[75.64598285256905,29.784604010614164],[75.64598285256905,29.724996264460106]]]}"
3_32,75.89082317117489,1935.1064543645543,29.784604010614164,29.724996264460106,75.82961309152343,"{""geodesic"":false,""type"":""Polygon"",""coordinates"":[[[75.82961309152343,29.724996264460106],[75.89082317117489,29.724996264460106],[75.89082317117489,29.784604010614164],[75.82961309152343,29.784604010614164],[75.82961309152343,29.724996264460106]]]}"
3_33,75.95203325082635,1934.9613453757465,29.784604010614164,29.724996264460106,75.89082317117489,"{""geodesic"":false,""type"":""Polygon"",""coordinates"":[[[75.89082317117489,29.724996264460106],[75.95203325082635,29.724996264460106],[75.95203325082635,29.784604010614164],[75.89082317117489,29.784604010614164],[75.89082317117489,29.724996264460106]]]}"
3_34,76.0132433304778,1933.7076832300813,29.784604010614164,29.724996264460106,75.95203325082635,"{""geodesic"":false,""type"":""Polygon"",""coordinates"":[[[75.95203325082635,29.724996264460106],[76.0132433304778,29.724996264460106],[76.0132433304778,29.784604010614164],[75.95203325082635,29.784604010614164],[75.95203325082635,29.724996264460106]]]}"
3_35,76.07445341012927,1934.441386116526,29.784604010614164,29.724996264460106,76.0132433304778,"{""geodesic"":false,""type"":""Polygon"",""coordinates"":[[[76.0132433304778,29.724996264460106],[76.07445341012927,29.724996264460106],[76.07445341012927,29.784604010614164],[76.0132433304778,29.784604010614164],[76.0132433304778,29.724996264460106]]]}"
3_36,76.13566348978073,1934.3053241430887,29.784604010614164,29.724996264460106,76.07445341012927,"{""geodesic"":false,""type"":""Polygon"",""coordinates"":[[[76.07445341012927,29.724996264460106],[76.13566348978073,29.724996264460106],[76.13566348978073,29.784604010614164],[76.07445341012927,29.784604010614164],[76.07445341012927,29.724996264460106]]]}"
4_19,75.0950921357059,1928.7557211269507,29.84421175676822,29.784604010614164,75.03388205605444,"{""geodesic"":false,""type"":""Polygon"",""coordinates"":[[[75.03388205605444,29.784604010614164],[75.0950921357059,29.784604010614164],[75.0950921357059,29.84421175676822],[75.03388205605444,29.84421175676822],[75.03388205605444,29.784604010614164]]]}"
4_20,75.15630221535736,1928.102909863153,29.84421175676822,29.784604010614164,75.0950921357059,"{""geodesic"":false,""type"":""Polygon"",""coordinates"":[[[75.0950921357059,29.784604010614164],[75.15630221535736,29.784604010614164],[75.15630221535736,29.84421175676822],[75.0950921357059,29.84421175676822],[75.0950921357059,29.784604010614164]]]}"
4_21,75.21751229500882,1929.7049629776345,29.84421175676822,29.784604010614164,75.15630221535736,"{""geodesic"":false,""type"":""Polygon"",""coordinates"":[[[75.15630221535736,29.784604010614164],[75.21751229500882,29.784604010614164],[75.21751229500882,29.84421175676822],[75.15630221535736,29.84421175676822],[75.15630221535736,29.784604010614164]]]}"
4_22,75.27872237466028,1930.8816789033892,29.84421175676822,29.784604010614164,75.21751229500882,"{""geodesic"":false,""type"":""Polygon"",""coordinates"":[[[75.21751229500882,29.784604010614164],[75.27872237466028,29.784604010614164],[75.27872237466028,29.84421175676822],[75.21751229500882,29.84421175676822],[75.21751229500882,29.784604010614164]]]}"
4_23,75.33993245431174,1932.3558361652767,29.84421175676822,29.784604010614164,75.27872237466028,"{""geodesic"":false,""type"":""Polygon"",""coordinates"":[[[75.27872237466028,29.784604010614164],[75.33993245431174,29.784604010614164],[75.33993245431174,29.84421175676822],[75.27872237466028,29.84421175676822],[75.27872237466028,29.784604010614164]]]}"
4_24,75.4011425339632,1932.447992957705,29.84421175676822,29.784604010614164,75.33993245431174,"{""geodesic"":false,""type"":""Polygon"",""coordinates"":[[[75.33993245431174,29.784604010614164],[75.4011425339632,29.784604010614164],[75.4011425339632,29.84421175676822],[75.33993245431174,29.84421175676822],[75.33993245431174,29.784604010614164]]]}"
4_25,75.46235261361466,1932.5567976026944,29.84421175676822,29.784604010614164,75.4011425339632,"{""geodesic"":false,""type"":""Polygon"",""coordinates"":[[[75.4011425339632,29.784604010614164],[75.46235261361466,29.784604010614164],[75.46235261361466,29.84421175676822],[75.4011425339632,29.84421175676822],[75.4011425339632,29.784604010614164]]]}"
4_26,75.52356269326613,1931.603710542069,29.84421175676822,29.784604010614164,75.46235261361467,"{""geodesic"":false,""type"":""Polygon"",""coordinates"":[[[75.46235261361467,29.784604010614164],[75.52356269326613,29.784604010614164],[75.52356269326613,29.84421175676822],[75.46235261361467,29.84421175676822],[75.46235261361467,29.784604010614164]]]}"
4_27,75.58477277291759,1932.2013762662114,29.84421175676822,29.784604010614164,75.52356269326613,"{""geodesic"":false,""type"":""Polygon"",""coordinates"":[[[75.52356269326613,29.784604010614164],[75.58477277291759,29.784604010614164],[75.58477277291759,29.84421175676822],[75.52356269326613,29.84421175676822],[75.52356269326613,29.784604010614164]]]}"
4_28,75.64598285256905,1932.1124954209488,29.84421175676822,29.784604010614164,75.58477277291759,"{""geodesic"":false,""type"":""Polygon"",""coordinates"":[[[75.58477277291759,29.784604010614164],[75.64598285256905,29.784604010614164],[75.64598285256905,29.84421175676822],[75.58477277291759,29.84421175676822],[75.58477277291759,29.784604010614164]]]}"
4_29,75.70719293222051,1932.12500047615,29.84421175676822,29.784604010614164,75.64598285256905,"{""geodesic"":false,""type"":""Polygon"",""coordinates"":[[[75.64598285256905,29.784604010614164],[75.70719293222051,29.784604010614164],[75.70719293222051,29.84421175676822],[75.64598285256905,29.84421175676822],[75.64598285256905,29.784604010614164]]]}"
4_30,75.76840301187197,1931.5584898140294,29.84421175676822,29.784604010614164,75.70719293222051,"{""geodesic"":false,""type"":""Polygon"",""coordinates"":[[[75.70719293222051,29.784604010614164],[75.76840301187197,29.784604010614164],[75.76840301187197,29.84421175676822],[75.70719293222051,29.84421175676822],[75.70719293222051,29.784604010614164]]]}"
4_31,75.82961309152343,1931.5095198323634,29.84421175676822,29.784604010614164,75.76840301187197,"{""geodesic"":false,""type"":""Polygon"",""coordinates"":[[[75.76840301187197,29.784604010614164],[75.82961309152343,29.784604010614164],[75.82961309152343,29.84421175676822],[75.76840301187197,29.84421175676822],[75.76840301187197,29.784604010614164]]]}"
4_32,75.89082317117489,1932.583713628935,29.84421175676822,29.784604010614164,75.82961309152343,"{""geodesic"":false,""type"":""Polygon"",""coordinates"":[[[75.82961309152343,29.784604010614164],[75.89082317117489,29.784604010614164],[75.89082317117489,29.84421175676822],[75.82961309152343,29.84421175676822],[75.82961309152343,29.784604010614164]]]}"
4_33,75.95203325082635,1933.0747203350932,29.84421175676822,29.784604010614164,75.89082317117489,"{""geodesic"":false,""type"":""Polygon"",""coordinates"":[[[75.89082317117489,29.784604010614164],[75.95203325082635,29.784604010614164],[75.95203325082635,29.84421175676822],[75.89082317117489,29.84421175676822],[75.89082317117489,29.784604010614164]]]}"
4_34,76.0132433304778,1933.2166255616908,29.84421175676822,29.784604010614164,75.95203325082635,"{""geodesic"":false,""type"":""Polygon"",""coordinates"":[[[75.95203325082635,29.784604010614164],[76.0132433304778,29.784604010614164],[76.0132433304778,29.84421175676822],[75.95203325082635,29.84421175676822],[75.95203325082635,29.784604010614164]]]}"
4_35,76.07445341012927,1933.2215292108272,29.84421175676822,29.784604010614164,76.0132433304778,"{""geodesic"":false,""type"":""Polygon"",""coordinates"":[[[76.0132433304778,29.784604010614164],[76.07445341012927,29.784604010614164],[76.07445341012927,29.84421175676822],[76.0132433304778,29.84421175676822],[76.0132433304778,29.784604010614164]]]}"
4_36,76.13566348978073,1932.5821630332457,29.84421175676822,29.784604010614164,76.07445341012927,"{""geodesic"":false,""type"":""Polygon"",""coordinates"":[[[76.07445341012927,29.784604010614164],[76.13566348978073,29.784604010614164],[76.13566348978073,29.84421175676822],[76.07445341012927,29.84421175676822],[76.07445341012927,29.784604010614164]]]}"
4_37,76.19687356943219,1932.8513857715811,29.84421175676822,29.784604010614164,76.13566348978073,"{""geodesic"":false,""type"":""Polygon"",""coordinates"":[[[76.13566348978073,29.784604010614164],[76.19687356943219,29.784604010614164],[76.19687356943219,29.84421175676822],[76.13566348978073,29.84421175676822],[76.13566348978073,29.784604010614164]]]}"
4_38,76.25808364908364,1934.2898505400624,29.84421175676822,29.784604010614164,76.19687356943219,"{""geodesic"":false,""type"":""Polygon"",""coordinates"":[[[76.19687356943219,29.784604010614164],[76.25808364908364,29.784604010614164],[76.25808364908364,29.84421175676822],[76.19687356943219,29.84421175676822],[76.19687356943219,29.784604010614164]]]}"
5_17,74.97267197640298,1932.8214626836411,29.90381950292228,29.84421175676822,74.91146189675152,"{""geodesic"":false,""type"":""Polygon"",""coordinates"":[[[74.91146189675152,29.84421175676822],[74.97267197640298,29.84421175676822],[74.97267197640298,29.90381950292228],[74.91146189675152,29.90381950292228],[74.91146189675152,29.84421175676822]]]}"
5_18,75.03388205605444,1932.9613997029849,29.90381950292228,29.84421175676822,74.97267197640298,"{""geodesic"":false,""type"":""Polygon"",""coordinates"":[[[74.97267197640298,29.84421175676822],[75.03388205605444,29.84421175676822],[75.03388205605444,29.90381950292228],[74.97267197640298,29.90381950292228],[74.97267197640298,29.84421175676822]]]}"
5_19,75.0950921357059,1931.0567268664236,29.90381950292228,29.84421175676822,75.03388205605444,"{""geodesic"":false,""type"":""Polygon"",""coordinates"":[[[75.03388205605444,29.84421175676822],[75.0950921357059,29.84421175676822],[75.0950921357059,29.90381950292228],[75.03388205605444,29.90381950292228],[75.03388205605444,29.84421175676822]]]}"
5_20,75.15630221535736,1930.7793773577707,29.90381950292228,29.84421175676822,75.0950921357059,"{""geodesic"":false,""type"":""Polygon"",""coordinates"":[[[75.0950921357059,29.84421175676822],[75.15630221535736,29.84421175676822],[75.15630221535736,29.90381950292228],[75.0950921357059,29.90381950292228],[75.0950921357059,29.84421175676822]]]}"
5_21,75.21751229500882,1931.9965570738477,29.90381950292228,29.84421175676822,75.15630221535736,"{""geodesic"":false,""type"":""Polygon"",""coordinates"":[[[75.15630221535736,29.84421175676822],[75.21751229500882,29.84421175676822],[75.21751229500882,29.90381950292228],[75.15630221535736,29.90381950292228],[75.15630221535736,29.84421175676822]]]}"
5_22,75.27872237466028,1932.902360768856,29.90381950292228,29.84421175676822,75.21751229500882,"{""geodesic"":false,""type"":""Polygon"",""coordinates"":[[[75.21751229500882,29.84421175676822],[75.27872237466028,29.84421175676822],[75.27872237466028,29.90381950292228],[75.21751229500882,29.90381950292228],[75.21751229500882,29.84421175676822]]]}"
5_23,75.33993245431174,1932.3059347542187,29.90381950292228,29.84421175676822,75.27872237466028,"{""geodesic"":false,""type"":""Polygon"",""coordinates"":[[[75.27872237466028,29.84421175676822],[75.33993245431174,29.84421175676822],[75.33993245431174,29.90381950292228],[75.27872237466028,29.90381950292228],[75.27872237466028,29.84421175676822]]]}"
5_24,75.4011425339632,1931.8662555267483,29.90381950292228,29.84421175676822,75.33993245431174,"{""geodesic"":false,""type"":""Polygon"",""coordinates"":[[[75.33993245431174,29.84421175676822],[75.4011425339632,29.84421175676822],[75.4011425339632,29.90381950292228],[75.33993245431174,29.90381950292228],[75.33993245431174,29.84421175676822]]]}"
5_25,75.46235261361466,1932.3781409743242,29.90381950292228,29.84421175676822,75.4011425339632,"{""geodesic"":false,""type"":""Polygon"",""coordinates"":[[[75.4011425339632,29.84421175676822],[75.46235261361466,29.84421175676822],[75.46235261361466,29.90381950292228],[75.4011425339632,29.90381950292228],[75.4011425339632,29.84421175676822]]]}"
5_26,75.52356269326613,1932.232093831578,29.90381950292228,29.84421175676822,75.46235261361467,"{""geodesic"":false,""type"":""Polygon"",""coordinates"":[[[75.46235261361467,29.84421175676822],[75.52356269326613,29.84421175676822],[75.52356269326613,29.90381950292228],[75.46235261361467,29.90381950292228],[75.46235261361467,29.84421175676822]]]}"
5_27,75.58477277291759,1932.7171466137354,29.90381950292228,29.84421175676822,75.52356269326613,"{""geodesic"":false,""type"":""Polygon"",""coordinates"":[[[75.52356269326613,29.84421175676822],[75.58477277291759,29.84421175676822],[75.58477277291759,29.90381950292228],[75.52356269326613,29.90381950292228],[75.52356269326613,29.84421175676822]]]}"
5_28,75.64598285256905,1933.3150264829803,29.90381950292228,29.84421175676822,75.58477277291759,"{""geodesic"":false,""type"":""Polygon"",""coordinates"":[[[75.58477277291759,29.84421175676822],[75.64598285256905,29.84421175676822],[75.64598285256905,29.90381950292228],[75.58477277291759,29.90381950292228],[75.58477277291759,29.84421175676822]]]}"
5_29,75.70719293222051,1932.4158364974794,29.90381950292228,29.84421175676822,75.64598285256905,"{""geodesic"":false,""type"":""Polygon"",""coordinates"":[[[75.64598285256905,29.84421175676822],[75.70719293222051,29.84421175676822],[75.70719293222051,29.90381950292228],[75.64598285256905,29.90381950292228],[75.64598285256905,29.84421175676822]]]}"
5_30,75.76840301187197,1931.9538337880256,29.90381950292228,29.84421175676822,75.70719293222051,"{""geodesic"":false,""type"":""Polygon"",""coordinates"":[[[75.70719293222051,29.84421175676822],[75.76840301187197,29.84421175676822],[75.76840301187197,29.90381950292228],[75.70719293222051,29.90381950292228],[75.70719293222051,29.84421175676822]]]}"
5_31,75.82961309152343,1931.841239479291,29.90381950292228,29.84421175676822,75.76840301187197,"{""geodesic"":false,""type"":""Polygon"",""coordinates"":[[[75.76840301187197,29.84421175676822],[75.82961309152343,29.84421175676822],[75.82961309152343,29.90381950292228],[75.76840301187197,29.90381950292228],[75.76840301187197,29.84421175676822]]]}"
5_32,75.89082317117489,1934.1268228175459,29.90381950292228,29.84421175676822,75.82961309152343,"{""geodesic"":false,""type"":""Polygon"",""coordinates"":[[[75.82961309152343,29.84421175676822],[75.89082317117489,29.84421175676822],[75.89082317117489,29.90381950292228],[75.82961309152343,29.90381950292228],[75.82961309152343,29.84421175676822]]]}"
5_33,75.95203325082635,1934.3989612539128,29.90381950292228,29.84421175676822,75.89082317117489,"{""geodesic"":false,""type"":""Polygon"",""coordinates"":[[[75.89082317117489,29.84421175676822],[75.95203325082635,29.84421175676822],[75.95203325082635,29.90381950292228],[75.89082317117489,29.90381950292228],[75.89082317117489,29.84421175676822]]]}"
5_34,76.0132433304778,1934.957063403078,29.90381950292228,29.84421175676822,75.95203325082635,"{""geodesic"":false,""type"":""Polygon"",""coordinates"":[[[75.95203325082635,29.84421175676822],[76.0132433304778,29.84421175676822],[76.0132433304778,29.90381950292228],[75.95203325082635,29.90381950292228],[75.95203325082635,29.84421175676822]]]}"
5_35,76.07445341012927,1934.8912787832605,29.90381950292228,29.84421175676822,76.0132433304778,"{""geodesic"":false,""type"":""Polygon"",""coordinates"":[[[76.0132433304778,29.84421175676822],[76.07445341012927,29.84421175676822],[76.07445341012927,29.90381950292228],[76.0132433304778,29.90381950292228],[76.0132433304778,29.84421175676822]]]}"
5_36,76.13566348978073,1932.391330954567,29.90381950292228,29.84421175676822,76.07445341012927,"{""geodesic"":false,""type"":""Polygon"",""coordinates"":[[[76.07445341012927,29.84421175676822],[76.13566348978073,29.84421175676822],[76.13566348978073,29.90381950292228],[76.07445341012927,29.90381950292228],[76.07445341012927,29.84421175676822]]]}"
5_37,76.19687356943219,1932.3347855253444,29.90381950292228,29.84421175676822,76.13566348978073,"{""geodesic"":false,""type"":""Polygon"",""coordinates"":[[[76.13566348978073,29.84421175676822],[76.19687356943219,29.84421175676822],[76.19687356943219,29.90381950292228],[76.13566348978073,29.90381950292228],[76.13566348978073,29.84421175676822]]]}"
5_38,76.25808364908364,1933.675041311473,29.90381950292228,29.84421175676822,76.19687356943219,"{""geodesic"":false,""type"":""Polygon"",""coordinates"":[[[76.19687356943219,29.84421175676822],[76.25808364908364,29.84421175676822],[76.25808364908364,29.90381950292228],[76.19687356943219,29.90381950292228],[76.19687356943219,29.84421175676822]]]}"
6_4,74.17694094093399,1934.137034555674,29.963427249076336,29.90381950292228,74.11573086128253,"{""geodesic"":false,""type"":""Polygon"",""coordinates"":[[[74.11573086128253,29.90381950292228],[74.17694094093399,29.90381950292228],[74.17694094093399,29.963427249076336],[74.11573086128253,29.963427249076336],[74.11573086128253,29.90381950292228]]]}"
6_5,74.23815102058545,1934.1879880540016,29.963427249076336,29.90381950292228,74.17694094093399,"{""geodesic"":false,""type"":""Polygon"",""coordinates"":[[[74.17694094093399,29.90381950292228],[74.23815102058545,29.90381950292228],[74.23815102058545,29.963427249076336],[74.17694094093399,29.963427249076336],[74.17694094093399,29.90381950292228]]]}"
6_6,74.29936110023691,1935.7206369043397,29.963427249076336,29.90381950292228,74.23815102058545,"{""geodesic"":false,""type"":""Polygon"",""coordinates"":[[[74.23815102058545,29.90381950292228],[74.29936110023691,29.90381950292228],[74.29936110023691,29.963427249076336],[74.23815102058545,29.963427249076336],[74.23815102058545,29.90381950292228]]]}"
6_7,74.36057117988837,1936.4020418303983,29.963427249076336,29.90381950292228,74.29936110023691,"{""geodesic"":false,""type"":""Polygon"",""coordinates"":[[[74.29936110023691,29.90381950292228],[74.36057117988837,29.90381950292228],[74.36057117988837,29.963427249076336],[74.29936110023691,29.963427249076336],[74.29936110023691,29.90381950292228]]]}"
6_8,74.42178125953983,1935.7521577870443,29.963427249076336,29.90381950292228,74.36057117988837,"{""geodesic"":false,""type"":""Polygon"",""coordinates"":[[[74.36057117988837,29.90381950292228],[74.42178125953983,29.90381950292228],[74.42178125953983,29.963427249076336],[74.36057117988837,29.963427249076336],[74.36057117988837,29.90381950292228]]]}"
6_9,74.4829913391913,1933.8429176559935,29.963427249076336,29.90381950292228,74.42178125953984,"{""geodesic"":false,""type"":""Polygon"",""coordinates"":[[[74.42178125953984,29.90381950292228],[74.4829913391913,29.90381950292228],[74.4829913391913,29.963427249076336],[74.42178125953984,29.963427249076336],[74.42178125953984,29.90381950292228]]]}"
6_10,74.54420141884276,1931.2924915920014,29.963427249076336,29.90381950292228,74.4829913391913,"{""geodesic"":false,""type"":""Polygon"",""coordinates"":[[[74.4829913391913,29.90381950292228],[74.54420141884276,29.90381950292228],[74.54420141884276,29.963427249076336],[74.4829913391913,29.963427249076336],[74.4829913391913,29.90381950292228]]]}"
6_11,74.60541149849422,1928.1954418175424,29.963427249076336,29.90381950292228,74.54420141884276,"{""geodesic"":false,""type"":""Polygon"",""coordinates"":[[[74.54420141884276,29.90381950292228],[74.60541149849422,29.90381950292228],[74.60541149849422,29.963427249076336],[74.54420141884276,29.963427249076336],[74.54420141884276,29.90381950292228]]]}"
6_12,74.66662157814568,1929.4886585930715,29.963427249076336,29.90381950292228,74.60541149849422,"{""geodesic"":false,""type"":""Polygon"",""coordinates"":[[[74.60541149849422,29.90381950292228],[74.66662157814568,29.90381950292228],[74.66662157814568,29.963427249076336],[74.60541149849422,29.963427249076336],[74.60541149849422,29.90381950292228]]]}"
6_13,74.72783165779714,1931.662653524983,29.963427249076336,29.90381950292228,74.66662157814568,"{""geodesic"":false,""type"":""Polygon"",""coordinates"":[[[74.66662157814568,29.90381950292228],[74.72783165779714,29.90381950292228],[74.72783165779714,29.963427249076336],[74.66662157814568,29.963427249076336],[74.66662157814568,29.90381950292228]]]}"
6_15,74.85025181710006,1930.8574588933961,29.963427249076336,29.90381950292228,74.7890417374486,"{""geodesic"":false,""type"":""Polygon"",""coordinates"":[[[74.7890417374486,29.90381950292228],[74.85025181710006,29.90381950292228],[74.85025181710006,29.963427249076336],[74.7890417374486,29.963427249076336],[74.7890417374486,29.90381950292228]]]}"
6_16,74.91146189675152,1931.9360329499254,29.963427249076336,29.90381950292228,74.85025181710006,"{""geodesic"":false,""type"":""Polygon"",""coordinates"":[[[74.85025181710006,29.90381950292228],[74.91146189675152,29.90381950292228],[74.91146189675152,29.963427249076336],[74.85025181710006,29.963427249076336],[74.85025181710006,29.90381950292228]]]}"
6_17,74.97267197640298,1933.3162826378536,29.963427249076336,29.90381950292228,74.91146189675152,"{""geodesic"":false,""type"":""Polygon"",""coordinates"":[[[74.91146189675152,29.90381950292228],[74.97267197640298,29.90381950292228],[74.97267197640298,29.963427249076336],[74.91146189675152,29.963427249076336],[74.91146189675152,29.90381950292228]]]}"
6_18,75.03388205605444,1932.9982309114284,29.963427249076336,29.90381950292228,74.97267197640298,"{""geodesic"":false,""type"":""Polygon"",""coordinates"":[[[74.97267197640298,29.90381950292228],[75.03388205605444,29.90381950292228],[75.03388205605444,29.963427249076336],[74.97267197640298,29.963427249076336],[74.97267197640298,29.90381950292228]]]}"
6_19,75.0950921357059,1931.3553918737996,29.963427249076336,29.90381950292228,75.03388205605444,"{""geodesic"":false,""type"":""Polygon"",""coordinates"":[[[75.03388205605444,29.90381950292228],[75.0950921357059,29.90381950292228],[75.0950921357059,29.963427249076336],[75.03388205605444,29.963427249076336],[75.03388205605444,29.90381950292228]]]}"
6_20,75.15630221535736,1932.0171910670058,29.963427249076336,29.90381950292228,75.0950921357059,"{""geodesic"":false,""type"":""Polygon"",""coordinates"":[[[75.0950921357059,29.90381950292228],[75.15630221535736,29.90381950292228],[75.15630221535736,29.963427249076336],[75.0950921357059,29.963427249076336],[75.0950921357059,29.90381950292228]]]}"
6_21,75.21751229500882,1932.1509479966255,29.963427249076336,29.90381950292228,75.15630221535736,"{""geodesic"":false,""type"":""Polygon"",""coordinates"":[[[75.15630221535736,29.90381950292228],[75.21751229500882,29.90381950292228],[75.21751229500882,29.963427249076336],[75.15630221535736,29.963427249076336],[75.15630221535736,29.90381950292228]]]}"
6_22,75.27872237466028,1932.3001667880496,29.963427249076336,29.90381950292228,75.21751229500882,"{""geodesic"":false,""type"":""Polygon"",""coordinates"":[[[75.21751229500882,29.90381950292228],[75.27872237466028,29.90381950292228],[75.27872237466028,29.963427249076336],[75.21751229500882,29.963427249076336],[75.21751229500882,29.90381950292228]]]}"
6_23,75.33993245431174,1931.9827823748574,29.963427249076336,29.90381950292228,75.27872237466028,"{""geodesic"":false,""type"":""Polygon"",""coordinates"":[[[75.27872237466028,29.90381950292228],[75.33993245431174,29.90381950292228],[75.33993245431174,29.963427249076336],[75.27872237466028,29.963427249076336],[75.27872237466028,29.90381950292228]]]}"
6_24,75.4011425339632,1932.0327899441302,29.963427249076336,29.90381950292228,75.33993245431174,"{""geodesic"":false,""type"":""Polygon"",""coordinates"":[[[75.33993245431174,29.90381950292228],[75.4011425339632,29.90381950292228],[75.4011425339632,29.963427249076336],[75.33993245431174,29.963427249076336],[75.33993245431174,29.90381950292228]]]}"
6_25,75.46235261361466,1932.1285184405572,29.963427249076336,29.90381950292228,75.4011425339632,"{""geodesic"":false,""type"":""Polygon"",""coordinates"":[[[75.4011425339632,29.90381950292228],[75.46235261361466,29.90381950292228],[75.46235261361466,29.963427249076336],[75.4011425339632,29.963427249076336],[75.4011425339632,29.90381950292228]]]}"
6_26,75.52356269326613,1933.0810987235052,29.963427249076336,29.90381950292228,75.46235261361467,"{""geodesic"":false,""type"":""Polygon"",""coordinates"":[[[75.46235261361467,29.90381950292228],[75.52356269326613,29.90381950292228],[75.52356269326613,29.963427249076336],[75.46235261361467,29.963427249076336],[75.46235261361467,29.90381950292228]]]}"
6_27,75.58477277291759,1933.89466200657,29.963427249076336,29.90381950292228,75.52356269326613,"{""geodesic"":false,""type"":""Polygon"",""coordinates"":[[[75.52356269326613,29.90381950292228],[75.58477277291759,29.90381950292228],[75.58477277291759,29.963427249076336],[75.52356269326613,29.963427249076336],[75.52356269326613,29.90381950292228]]]}"
6_28,75.64598285256905,1933.6988270735346,29.963427249076336,29.90381950292228,75.58477277291759,"{""geodesic"":false,""type"":""Polygon"",""coordinates"":[[[75.58477277291759,29.90381950292228],[75.64598285256905,29.90381950292228],[75.64598285256905,29.963427249076336],[75.58477277291759,29.963427249076336],[75.58477277291759,29.90381950292228]]]}"
6_29,75.70719293222051,1932.8118065680997,29.963427249076336,29.90381950292228,75.64598285256905,"{""geodesic"":false,""type"":""Polygon"",""coordinates"":[[[75.64598285256905,29.90381950292228],[75.70719293222051,29.90381950292228],[75.70719293222051,29.963427249076336],[75.64598285256905,29.963427249076336],[75.64598285256905,29.90381950292228]]]}"
6_30,75.76840301187197,1932.9566507451186,29.963427249076336,29.90381950292228,75.70719293222051,"{""geodesic"":false,""type"":""Polygon"",""coordinates"":[[[75.70719293222051,29.90381950292228],[75.76840301187197,29.90381950292228],[75.76840301187197,29.963427249076336],[75.70719293222051,29.963427249076336],[75.70719293222051,29.90381950292228]]]}"
6_31,75.82961309152343,1933.7876403065623,29.963427249076336,29.90381950292228,75.76840301187197,"{""geodesic"":false,""type"":""Polygon"",""coordinates"":[[[75.76840301187197,29.90381950292228],[75.82961309152343,29.90381950292228],[75.82961309152343,29.963427249076336],[75.76840301187197,29.963427249076336],[75.76840301187197,29.90381950292228]]]}"
6_32,75.89082317117489,1935.442346535983,29.963427249076336,29.90381950292228,75.82961309152343,"{""geodesic"":false,""type"":""Polygon"",""coordinates"":[[[75.82961309152343,29.90381950292228],[75.89082317117489,29.90381950292228],[75.89082317117489,29.963427249076336],[75.82961309152343,29.963427249076336],[75.82961309152343,29.90381950292228]]]}"
6_33,75.95203325082635,1935.151537701816,29.963427249076336,29.90381950292228,75.89082317117489,"{""geodesic"":false,""type"":""Polygon"",""coordinates"":[[[75.89082317117489,29.90381950292228],[75.95203325082635,29.90381950292228],[75.95203325082635,29.963427249076336],[75.89082317117489,29.963427249076336],[75.89082317117489,29.90381950292228]]]}"
6_34,76.0132433304778,1935.895127927636,29.963427249076336,29.90381950292228,75.95203325082635,"{""geodesic"":false,""type"":""Polygon"",""coordinates"":[[[75.95203325082635,29.90381950292228],[76.0132433304778,29.90381950292228],[76.0132433304778,29.963427249076336],[75.95203325082635,29.963427249076336],[75.95203325082635,29.90381950292228]]]}"
6_35,76.07445341012927,1936.785592308462,29.963427249076336,29.90381950292228,76.0132433304778,"{""geodesic"":false,""type"":""Polygon"",""coordinates"":[[[76.0132433304778,29.90381950292228],[76.07445341012927,29.90381950292228],[76.07445341012927,29.963427249076336],[76.0132433304778,29.963427249076336],[76.0132433304778,29.90381950292228]]]}"
6_36,76.13566348978073,1933.9073932907463,29.963427249076336,29.90381950292228,76.07445341012927,"{""geodesic"":false,""type"":""Polygon"",""coordinates"":[[[76.07445341012927,29.90381950292228],[76.13566348978073,29.90381950292228],[76.13566348978073,29.963427249076336],[76.07445341012927,29.963427249076336],[76.07445341012927,29.90381950292228]]]}"
6_37,76.19687356943219,1932.529975595642,29.963427249076336,29.90381950292228,76.13566348978073,"{""geodesic"":false,""type"":""Polygon"",""coordinates"":[[[76.13566348978073,29.90381950292228],[76.19687356943219,29.90381950292228],[76.19687356943219,29.963427249076336],[76.13566348978073,29.963427249076336],[76.13566348978073,29.90381950292228]]]}"
6_38,76.25808364908364,1933.2235486755599,29.963427249076336,29.90381950292228,76.19687356943219,"{""geodesic"":false,""type"":""Polygon"",""coordinates"":[[[76.19687356943219,29.90381950292228],[76.25808364908364,29.90381950292228],[76.25808364908364,29.963427249076336],[76.19687356943219,29.963427249076336],[76.19687356943219,29.90381950292228]]]}"
7_0,73.93210062232815,1934.6008482849018,30.023034995230397,29.96342724907634,73.87089054267669,"{""geodesic"":false,""type"":""Polygon"",""coordinates"":[[[73.87089054267669,29.96342724907634],[73.93210062232815,29.96342724907634],[73.93210062232815,30.023034995230397],[73.87089054267669,30.023034995230397],[73.87089054267669,29.96342724907634]]]}"
7_1,73.99331070197961,1935.5664373083703,30.023034995230397,29.96342724907634,73.93210062232815,"{""geodesic"":false,""type"":""Polygon"",""coordinates"":[[[73.93210062232815,29.96342724907634],[73.99331070197961,29.96342724907634],[73.99331070197961,30.023034995230397],[73.93210062232815,30.023034995230397],[73.93210062232815,29.96342724907634]]]}"
7_2,74.05452078163107,1935.4347928684442,30.023034995230397,29.96342724907634,73.99331070197961,"{""geodesic"":false,""type"":""Polygon"",""coordinates"":[[[73.99331070197961,29.96342724907634],[74.05452078163107,29.96342724907634],[74.05452078163107,30.023034995230397],[73.99331070197961,30.023034995230397],[73.99331070197961,29.96342724907634]]]}"
7_3,74.11573086128253,1934.3519143688914,30.023034995230397,29.96342724907634,74.05452078163107,"{""geodesic"":false,""type"":""Polygon"",""coordinates"":[[[74.05452078163107,29.96342724907634],[74.11573086128253,29.96342724907634],[74.11573086128253,30.023034995230397],[74.05452078163107,30.023034995230397],[74.05452078163107,29.96342724907634]]]}"
7_4,74.17694094093399,1933.2312418540716,30.023034995230397,29.96342724907634,74.11573086128253,"{""geodesic"":false,""type"":""Polygon"",""coordinates"":[[[74.11573086128253,29.96342724907634],[74.17694094093399,29.96342724907634],[74.17694094093399,30.023034995230397],[74.11573086128253,30.023034995230397],[74.11573086128253,29.96342724907634]]]}"
7_5,74.23815102058545,1933.7352472861833,30.023034995230397,29.96342724907634,74.17694094093399,"{""geodesic"":false,""type"":""Polygon"",""coordinates"":[[[74.17694094093399,29.96342724907634],[74.23815102058545,29.96342724907634],[74.23815102058545,30.023034995230397],[74.17694094093399,30.023034995230397],[74.17694094093399,29.96342724907634]]]}"
7_6,74.29936110023691,1935.2557322992934,30.023034995230397,29.96342724907634,74.23815102058545,"{""geodesic"":false,""type"":""Polygon"",""coordinates"":[[[74.23815102058545,29.96342724907634],[74.29936110023691,29.96342724907634],[74.29936110023691,30.023034995230397],[74.23815102058545,30.023034995230397],[74.23815102058545,29.96342724907634]]]}"
7_7,74.36057117988837,1935.3975878646102,30.023034995230397,29.96342724907634,74.29936110023691,"{""geodesic"":false,""type"":""Polygon"",""coordinates"":[[[74.29936110023691,29.96342724907634],[74.36057117988837,29.96342724907634],[74.36057117988837,30.023034995230397],[74.29936110023691,30.023034995230397],[74.29936110023691,29.96342724907634]]]}"
7_8,74.42178125953983,1934.2122441390545,30.023034995230397,29.96342724907634,74.36057117988837,"{""geodesic"":false,""type"":""Polygon"",""coordinates"":[[[74.36057117988837,29.96342724907634],[74.42178125953983,29.96342724907634],[74.42178125953983,30.023034995230397],[74.36057117988837,30.023034995230397],[74.36057117988837,29.96342724907634]]]}"
7_9,74.4829913391913,1932.8022543320035,30.023034995230397,29.96342724907634,74.42178125953984,"{""geodesic"":false,""type"":""Polygon"",""coordinates"":[[[74.42178125953984,29.96342724907634],[74.4829913391913,29.96342724907634],[74.4829913391913,30.023034995230397],[74.42178125953984,30.023034995230397],[74.42178125953984,29.96342724907634]]]}"
7_10,74.54420141884276,1932.089396554332,30.023034995230397,29.96342724907634,74.4829913391913,"{""geodesic"":false,""type"":""Polygon"",""coordinates"":[[[74.4829913391913,29.96342724907634],[74.54420141884276,29.96342724907634],[74.54420141884276,30.023034995230397],[74.4829913391913,30.023034995230397],[74.4829913391913,29.96342724907634]]]}"
7_11,74.60541149849422,1930.3880407116296,30.023034995230397,29.96342724907634,74.54420141884276,"{""geodesic"":false,""type"":""Polygon"",""coordinates"":[[[74.54420141884276,29.96342724907634],[74.60541149849422,29.96342724907634],[74.60541149849422,30.023034995230397],[74.54420141884276,30.023034995230397],[74.54420141884276,29.96342724907634]]]}"
7_12,74.66662157814568,1930.768525083758,30.023034995230397,29.96342724907634,74.60541149849422,"{""geodesic"":false,""type"":""Polygon"",""coordinates"":[[[74.60541149849422,29.96342724907634],[74.66662157814568,29.96342724907634],[74.66662157814568,30.023034995230397],[74.60541149849422,30.023034995230397],[74.60541149849422,29.96342724907634]]]}"
7_13,74.72783165779714,1933.0789973802448,30.023034995230397,29.96342724907634,74.66662157814568,"{""geodesic"":false,""type"":""Polygon"",""coordinates"":[[[74.66662157814568,29.96342724907634],[74.72783165779714,29.96342724907634],[74.72783165779714,30.023034995230397],[74.66662157814568,30.023034995230397],[74.66662157814568,29.96342724907634]]]}"
7_14,74.7890417374486,1933.496932636409,30.023034995230397,29.96342724907634,74.72783165779714,"{""geodesic"":false,""type"":""Polygon"",""coordinates"":[[[74.72783165779714,29.96342724907634],[74.7890417374486,29.96342724907634],[74.7890417374486,30.023034995230397],[74.72783165779714,30.023034995230397],[74.72783165779714,29.96342724907634]]]}"
7_15,74.85025181710006,1930.5128853538351,30.023034995230397,29.96342724907634,74.7890417374486,"{""geodesic"":false,""type"":""Polygon"",""coordinates"":[[[74.7890417374486,29.96342724907634],[74.85025181710006,29.96342724907634],[74.85025181710006,30.023034995230397],[74.7890417374486,30.023034995230397],[74.7890417374486,29.96342724907634]]]}"
7_16,74.91146189675152,1930.1057402510455,30.023034995230397,29.96342724907634,74.85025181710006,"{""geodesic"":false,""type"":""Polygon"",""coordinates"":[[[74.85025181710006,29.96342724907634],[74.91146189675152,29.96342724907634],[74.91146189675152,30.023034995230397],[74.85025181710006,30.023034995230397],[74.85025181710006,29.96342724907634]]]}"
7_17,74.97267197640298,1931.213388554769,30.023034995230397,29.96342724907634,74.91146189675152,"{""geodesic"":false,""type"":""Polygon"",""coordinates"":[[[74.91146189675152,29.96342724907634],[74.97267197640298,29.96342724907634],[74.97267197640298,30.023034995230397],[74.91146189675152,30.023034995230397],[74.91146189675152,29.96342724907634]]]}"
7_18,75.03388205605444,1930.0391589326202,30.023034995230397,29.96342724907634,74.97267197640298,"{""geodesic"":false,""type"":""Polygon"",""coordinates"":[[[74.97267197640298,29.96342724907634],[75.03388205605444,29.96342724907634],[75.03388205605444,30.023034995230397],[74.97267197640298,30.023034995230397],[74.97267197640298,29.96342724907634]]]}"
7_19,75.0950921357059,1929.4733090870395,30.023034995230397,29.96342724907634,75.03388205605444,"{""geodesic"":false,""type"":""Polygon"",""coordinates"":[[[75.03388205605444,29.96342724907634],[75.0950921357059,29.96342724907634],[75.0950921357059,30.023034995230397],[75.03388205605444,30.023034995230397],[75.03388205605444,29.96342724907634]]]}"
7_20,75.15630221535736,1932.8870561513916,30.023034995230397,29.96342724907634,75.0950921357059,"{""geodesic"":false,""type"":""Polygon"",""coordinates"":[[[75.0950921357059,29.96342724907634],[75.15630221535736,29.96342724907634],[75.15630221535736,30.023034995230397],[75.0950921357059,30.023034995230397],[75.0950921357059,29.96342724907634]]]}"
7_21,75.21751229500882,1932.988211433408,30.023034995230397,29.96342724907634,75.15630221535736,"{""geodesic"":false,""type"":""Polygon"",""coordinates"":[[[75.15630221535736,29.96342724907634],[75.21751229500882,29.96342724907634],[75.21751229500882,30.023034995230397],[75.15630221535736,30.023034995230397],[75.15630221535736,29.96342724907634]]]}"
7_22,75.27872237466028,1933.746578977824,30.023034995230397,29.96342724907634,75.21751229500882,"{""geodesic"":false,""type"":""Polygon"",""coordinates"":[[[75.21751229500882,29.96342724907634],[75.27872237466028,29.96342724907634],[75.27872237466028,30.023034995230397],[75.21751229500882,30.023034995230397],[75.21751229500882,29.96342724907634]]]}"
7_23,75.33993245431174,1933.4424148494093,30.023034995230397,29.96342724907634,75.27872237466028,"{""geodesic"":false,""type"":""Polygon"",""coordinates"":[[[75.27872237466028,29.96342724907634],[75.33993245431174,29.96342724907634],[75.33993245431174,30.023034995230397],[75.27872237466028,30.023034995230397],[75.27872237466028,29.96342724907634]]]}"
7_24,75.4011425339632,1933.7841120092376,30.023034995230397,29.96342724907634,75.33993245431174,"{""geodesic"":false,""type"":""Polygon"",""coordinates"":[[[75.33993245431174,29.96342724907634],[75.4011425339632,29.96342724907634],[75.4011425339632,30.023034995230397],[75.33993245431174,30.023034995230397],[75.33993245431174,29.96342724907634]]]}"
7_25,75.46235261361466,1933.7874601166516,30.023034995230397,29.96342724907634,75.4011425339632,"{""geodesic"":false,""type"":""Polygon"",""coordinates"":[[[75.4011425339632,29.96342724907634],[75.46235261361466,29.96342724907634],[75.46235261361466,30.023034995230397],[75.4011425339632,30.023034995230397],[75.4011425339632,29.96342724907634]]]}"
7_26,75.52356269326613,1933.113525710376,30.023034995230397,29.96342724907634,75.46235261361467,"{""geodesic"":false,""type"":""Polygon"",""coordinates"":[[[75.46235261361467,29.96342724907634],[75.52356269326613,29.96342724907634],[75.52356269326613,30.023034995230397],[75.46235261361467,30.023034995230397],[75.46235261361467,29.96342724907634]]]}"
7_27,75.58477277291759,1933.6927356985207,30.023034995230397,29.96342724907634,75.52356269326613,"{""geodesic"":false,""type"":""Polygon"",""coordinates"":[[[75.52356269326613,29.96342724907634],[75.58477277291759,29.96342724907634],[75.58477277291759,30.023034995230397],[75.52356269326613,30.023034995230397],[75.52356269326613,29.96342724907634]]]}"
7_28,75.64598285256905,1933.095296659802,30.023034995230397,29.96342724907634,75.58477277291759,"{""geodesic"":false,""type"":""Polygon"",""coordinates"":[[[75.58477277291759,29.96342724907634],[75.64598285256905,29.96342724907634],[75.64598285256905,30.023034995230397],[75.58477277291759,30.023034995230397],[75.58477277291759,29.96342724907634]]]}"
7_29,75.70719293222051,1931.9966936198664,30.023034995230397,29.96342724907634,75.64598285256905,"{""geodesic"":false,""type"":""Polygon"",""coordinates"":[[[75.64598285256905,29.96342724907634],[75.70719293222051,29.96342724907634],[75.70719293222051,30.023034995230397],[75.64598285256905,30.023034995230397],[75.64598285256905,29.96342724907634]]]}"
7_30,75.76840301187197,1932.3998828429314,30.023034995230397,29.96342724907634,75.70719293222051,"{""geodesic"":false,""type"":""Polygon"",""coordinates"":[[[75.70719293222051,29.96342724907634],[75.76840301187197,29.96342724907634],[75.76840301187197,30.023034995230397],[75.70719293222051,30.023034995230397],[75.70719293222051,29.96342724907634]]]}"
7_31,75.82961309152343,1934.2531035979932,30.023034995230397,29.96342724907634,75.76840301187197,"{""geodesic"":false,""type"":""Polygon"",""coordinates"":[[[75.76840301187197,29.96342724907634],[75.82961309152343,29.96342724907634],[75.82961309152343,30.023034995230397],[75.76840301187197,30.023034995230397],[75.76840301187197,29.96342724907634]]]}"
7_32,75.89082317117489,1935.3050348661404,30.023034995230397,29.96342724907634,75.82961309152343,"{""geodesic"":false,""type"":""Polygon"",""coordinates"":[[[75.82961309152343,29.96342724907634],[75.89082317117489,29.96342724907634],[75.89082317117489,30.023034995230397],[75.82961309152343,30.023034995230397],[75.82961309152343,29.96342724907634]]]}"
7_33,75.95203325082635,1934.7002901886556,30.023034995230397,29.96342724907634,75.89082317117489,"{""geodesic"":false,""type"":""Polygon"",""coordinates"":[[[75.89082317117489,29.96342724907634],[75.95203325082635,29.96342724907634],[75.95203325082635,30.023034995230397],[75.89082317117489,30.023034995230397],[75.89082317117489,29.96342724907634]]]}"
7_34,76.0132433304778,1935.7249863018171,30.023034995230397,29.96342724907634,75.95203325082635,"{""geodesic"":false,""type"":""Polygon"",""coordinates"":[[[75.95203325082635,29.96342724907634],[76.0132433304778,29.96342724907634],[76.0132433304778,30.023034995230397],[75.95203325082635,30.023034995230397],[75.95203325082635,29.96342724907634]]]}"
7_35,76.07445341012927,1936.037691799896,30.023034995230397,29.96342724907634,76.0132433304778,"{""geodesic"":false,""type"":""Polygon"",""coordinates"":[[[76.0132433304778,29.96342724907634],[76.07445341012927,29.96342724907634],[76.07445341012927,30.023034995230397],[76.0132433304778,30.023034995230397],[76.0132433304778,29.96342724907634]]]}"
7_36,76.13566348978073,1934.2530069770758,30.023034995230397,29.96342724907634,76.07445341012927,"{""geodesic"":false,""type"":""Polygon"",""coordinates"":[[[76.07445341012927,29.96342724907634],[76.13566348978073,29.96342724907634],[76.13566348978073,30.023034995230397],[76.07445341012927,30.023034995230397],[76.07445341012927,29.96342724907634]]]}"
7_37,76.19687356943219,1933.3762569805094,30.023034995230397,29.96342724907634,76.13566348978073,"{""geodesic"":false,""type"":""Polygon"",""coordinates"":[[[76.13566348978073,29.96342724907634],[76.19687356943219,29.96342724907634],[76.19687356943219,30.023034995230397],[76.13566348978073,30.023034995230397],[76.13566348978073,29.96342724907634]]]}"
7_38,76.25808364908364,1931.90530389446,30.023034995230397,29.96342724907634,76.19687356943219,"{""geodesic"":false,""type"":""Polygon"",""coordinates"":[[[76.19687356943219,29.96342724907634],[76.25808364908364,29.96342724907634],[76.25808364908364,30.023034995230397],[76.19687356943219,30.023034995230397],[76.19687356943219,29.96342724907634]]]}"
8_0,73.93210062232815,1934.3807338203526,30.082642741384454,30.023034995230397,73.87089054267669,"{""geodesic"":false,""type"":""Polygon"",""coordinates"":[[[73.87089054267669,30.023034995230397],[73.93210062232815,30.023034995230397],[73.93210062232815,30.082642741384454],[73.87089054267669,30.082642741384454],[73.87089054267669,30.023034995230397]]]}"
8_1,73.99331070197961,1934.5317336367457,30.082642741384454,30.023034995230397,73.93210062232815,"{""geodesic"":false,""type"":""Polygon"",""coordinates"":[[[73.93210062232815,30.023034995230397],[73.99331070197961,30.023034995230397],[73.99331070197961,30.082642741384454],[73.93210062232815,30.082642741384454],[73.93210062232815,30.023034995230397]]]}"
8_2,74.05452078163107,1932.0194087257523,30.082642741384454,30.023034995230397,73.99331070197961,"{""geodesic"":false,""type"":""Polygon"",""coordinates"":[[[73.99331070197961,30.023034995230397],[74.05452078163107,30.023034995230397],[74.05452078163107,30.082642741384454],[73.99331070197961,30.082642741384454],[73.99331070197961,30.023034995230397]]]}"
8_3,74.11573086128253,1929.6716757380213,30.082642741384454,30.023034995230397,74.05452078163107,"{""geodesic"":false,""type"":""Polygon"",""coordinates"":[[[74.05452078163107,30.023034995230397],[74.11573086128253,30.023034995230397],[74.11573086128253,30.082642741384454],[74.05452078163107,30.082642741384454],[74.05452078163107,30.023034995230397]]]}"
8_4,74.17694094093399,1930.837178811468,30.082642741384454,30.023034995230397,74.11573086128253,"{""geodesic"":false,""type"":""Polygon"",""coordinates"":[[[74.11573086128253,30.023034995230397],[74.17694094093399,30.023034995230397],[74.17694094093399,30.082642741384454],[74.11573086128253,30.082642741384454],[74.11573086128253,30.023034995230397]]]}"
8_5,74.23815102058545,1933.1575651846472,30.082642741384454,30.023034995230397,74.17694094093399,"{""geodesic"":false,""type"":""Polygon"",""coordinates"":[[[74.17694094093399,30.023034995230397],[74.23815102058545,30.023034995230397],[74.23815102058545,30.082642741384454],[74.17694094093399,30.082642741384454],[74.17694094093399,30.023034995230397]]]}"
8_6,74.29936110023691,1935.586613511634,30.082642741384454,30.023034995230397,74.23815102058545,"{""geodesic"":false,""type"":""Polygon"",""coordinates"":[[[74.23815102058545,30.023034995230397],[74.29936110023691,30.023034995230397],[74.29936110023691,30.082642741384454],[74.23815102058545,30.082642741384454],[74.23815102058545,30.023034995230397]]]}"
8_7,74.36057117988837,1936.019031939069,30.082642741384454,30.023034995230397,74.29936110023691,"{""geodesic"":false,""type"":""Polygon"",""coordinates"":[[[74.29936110023691,30.023034995230397],[74.36057117988837,30.023034995230397],[74.36057117988837,30.082642741384454],[74.29936110023691,30.082642741384454],[74.29936110023691,30.023034995230397]]]}"
8_8,74.42178125953983,1933.8604537918468,30.082642741384454,30.023034995230397,74.36057117988837,"{""geodesic"":false,""type"":""Polygon"",""coordinates"":[[[74.36057117988837,30.023034995230397],[74.42178125953983,30.023034995230397],[74.42178125953983,30.082642741384454],[74.36057117988837,30.082642741384454],[74.36057117988837,30.023034995230397]]]}"
8_9,74.4829913391913,1932.9958564264105,30.082642741384454,30.023034995230397,74.42178125953984,"{""geodesic"":false,""type"":""Polygon"",""coordinates"":[[[74.42178125953984,30.023034995230397],[74.4829913391913,30.023034995230397],[74.4829913391913,30.082642741384454],[74.42178125953984,30.082642741384454],[74.42178125953984,30.023034995230397]]]}"
8_10,74.54420141884276,1932.7580742069438,30.082642741384454,30.023034995230397,74.4829913391913,"{""geodesic"":false,""type"":""Polygon"",""coordinates"":[[[74.4829913391913,30.023034995230397],[74.54420141884276,30.023034995230397],[74.54420141884276,30.082642741384454],[74.4829913391913,30.082642741384454],[74.4829913391913,30.023034995230397]]]}"
8_11,74.60541149849422,1932.5773418139086,30.082642741384454,30.023034995230397,74.54420141884276,"{""geodesic"":false,""type"":""Polygon"",""coordinates"":[[[74.54420141884276,30.023034995230397],[74.60541149849422,30.023034995230397],[74.60541149849422,30.082642741384454],[74.54420141884276,30.082642741384454],[74.54420141884276,30.023034995230397]]]}"
8_12,74.66662157814568,1932.3274143031829,30.082642741384454,30.023034995230397,74.60541149849422,"{""geodesic"":false,""type"":""Polygon"",""coordinates"":[[[74.60541149849422,30.023034995230397],[74.66662157814568,30.023034995230397],[74.66662157814568,30.082642741384454],[74.60541149849422,30.082642741384454],[74.60541149849422,30.023034995230397]]]}"
8_13,74.72783165779714,1933.4638873170954,30.082642741384454,30.023034995230397,74.66662157814568,"{""geodesic"":false,""type"":""Polygon"",""coordinates"":[[[74.66662157814568,30.023034995230397],[74.72783165779714,30.023034995230397],[74.72783165779714,30.082642741384454],[74.66662157814568,30.082642741384454],[74.66662157814568,30.023034995230397]]]}"
8_14,74.7890417374486,1933.2811004600503,30.082642741384454,30.023034995230397,74.72783165779714,"{""geodesic"":false,""type"":""Polygon"",""coordinates"":[[[74.72783165779714,30.023034995230397],[74.7890417374486,30.023034995230397],[74.7890417374486,30.082642741384454],[74.72783165779714,30.082642741384454],[74.72783165779714,30.023034995230397]]]}"
8_15,74.85025181710006,1930.82715580981,30.082642741384454,30.023034995230397,74.7890417374486,"{""geodesic"":false,""type"":""Polygon"",""coordinates"":[[[74.7890417374486,30.023034995230397],[74.85025181710006,30.023034995230397],[74.85025181710006,30.082642741384454],[74.7890417374486,30.082642741384454],[74.7890417374486,30.023034995230397]]]}"
8_16,74.91146189675152,1930.4189099593661,30.082642741384454,30.023034995230397,74.85025181710006,"{""geodesic"":false,""type"":""Polygon"",""coordinates"":[[[74.85025181710006,30.023034995230397],[74.91146189675152,30.023034995230397],[74.91146189675152,30.082642741384454],[74.85025181710006,30.082642741384454],[74.85025181710006,30.023034995230397]]]}"
8_17,74.97267197640298,1930.417555949196,30.082642741384454,30.023034995230397,74.91146189675152,"{""geodesic"":false,""type"":""Polygon"",""coordinates"":[[[74.91146189675152,30.023034995230397],[74.97267197640298,30.023034995230397],[74.97267197640298,30.082642741384454],[74.91146189675152,30.082642741384454],[74.91146189675152,30.023034995230397]]]}"
8_18,75.03388205605444,1929.5113754862634,30.082642741384454,30.023034995230397,74.97267197640298,"{""geodesic"":false,""type"":""Polygon"",""coordinates"":[[[74.97267197640298,30.023034995230397],[75.03388205605444,30.023034995230397],[75.03388205605444,30.082642741384454],[74.97267197640298,30.082642741384454],[74.97267197640298,30.023034995230397]]]}"
8_19,75.0950921357059,1929.3940359014846,30.082642741384454,30.023034995230397,75.03388205605444,"{""geodesic"":false,""type"":""Polygon"",""coordinates"":[[[75.03388205605444,30.023034995230397],[75.0950921357059,30.023034995230397],[75.0950921357059,30.082642741384454],[75.03388205605444,30.082642741384454],[75.03388205605444,30.023034995230397]]]}"
8_20,75.15630221535736,1933.068732875123,30.082642741384454,30.023034995230397,75.0950921357059,"{""geodesic"":false,""type"":""Polygon"",""coordinates"":[[[75.0950921357059,30.023034995230397],[75.15630221535736,30.023034995230397],[75.15630221535736,30.082642741384454],[75.0950921357059,30.082642741384454],[75.0950921357059,30.023034995230397]]]}"
8_21,75.21751229500882,1933.8208087437831,30.082642741384454,30.023034995230397,75.15630221535736,"{""geodesic"":false,""type"":""Polygon"",""coordinates"":[[[75.15630221535736,30.023034995230397],[75.21751229500882,30.023034995230397],[75.21751229500882,30.082642741384454],[75.15630221535736,30.082642741384454],[75.15630221535736,30.023034995230397]]]}"
8_22,75.27872237466028,1933.526849701163,30.082642741384454,30.023034995230397,75.21751229500882,"{""geodesic"":false,""type"":""Polygon"",""coordinates"":[[[75.21751229500882,30.023034995230397],[75.27872237466028,30.023034995230397],[75.27872237466028,30.082642741384454],[75.21751229500882,30.082642741384454],[75.21751229500882,30.023034995230397]]]}"
8_23,75.33993245431174,1933.086425236003,30.082642741384454,30.023034995230397,75.27872237466028,"{""geodesic"":false,""type"":""Polygon"",""coordinates"":[[[75.27872237466028,30.023034995230397],[75.33993245431174,30.023034995230397],[75.33993245431174,30.082642741384454],[75.27872237466028,30.082642741384454],[75.27872237466028,30.023034995230397]]]}"
8_24,75.4011425339632,1933.8443578369631,30.082642741384454,30.023034995230397,75.33993245431174,"{""geodesic"":false,""type"":""Polygon"",""coordinates"":[[[75.33993245431174,30.023034995230397],[75.4011425339632,30.023034995230397],[75.4011425339632,30.082642741384454],[75.33993245431174,30.082642741384454],[75.33993245431174,30.023034995230397]]]}"
8_25,75.46235261361466,1933.8523926239804,30.082642741384454,30.023034995230397,75.4011425339632,"{""geodesic"":false,""type"":""Polygon"",""coordinates"":[[[75.4011425339632,30.023034995230397],[75.46235261361466,30.023034995230397],[75.46235261361466,30.082642741384454],[75.4011425339632,30.082642741384454],[75.4011425339632,30.023034995230397]]]}"
8_26,75.52356269326613,1933.6174663776214,30.082642741384454,30.023034995230397,75.46235261361467,"{""geodesic"":false,""type"":""Polygon"",""coordinates"":[[[75.46235261361467,30.023034995230397],[75.52356269326613,30.023034995230397],[75.52356269326613,30.082642741384454],[75.46235261361467,30.082642741384454],[75.46235261361467,30.023034995230397]]]}"
8_27,75.58477277291759,1934.1742505156876,30.082642741384454,30.023034995230397,75.52356269326613,"{""geodesic"":false,""type"":""Polygon"",""coordinates"":[[[75.52356269326613,30.023034995230397],[75.58477277291759,30.023034995230397],[75.58477277291759,30.082642741384454],[75.52356269326613,30.082642741384454],[75.52356269326613,30.023034995230397]]]}"
8_28,75.64598285256905,1932.8360555414947,30.082642741384454,30.023034995230397,75.58477277291759,"{""geodesic"":false,""type"":""Polygon"",""coordinates"":[[[75.58477277291759,30.023034995230397],[75.64598285256905,30.023034995230397],[75.64598285256905,30.082642741384454],[75.58477277291759,30.082642741384454],[75.58477277291759,30.023034995230397]]]}"
8_29,75.70719293222051,1931.9578832992186,30.082642741384454,30.023034995230397,75.64598285256905,"{""geodesic"":false,""type"":""Polygon"",""coordinates"":[[[75.64598285256905,30.023034995230397],[75.70719293222051,30.023034995230397],[75.70719293222051,30.082642741384454],[75.64598285256905,30.082642741384454],[75.64598285256905,30.023034995230397]]]}"
8_30,75.76840301187197,1931.5624806816622,30.082642741384454,30.023034995230397,75.70719293222051,"{""geodesic"":false,""type"":""Polygon"",""coordinates"":[[[75.70719293222051,30.023034995230397],[75.76840301187197,30.023034995230397],[75.76840301187197,30.082642741384454],[75.70719293222051,30.082642741384454],[75.70719293222051,30.023034995230397]]]}"
8_31,75.82961309152343,1932.3167033210173,30.082642741384454,30.023034995230397,75.76840301187197,"{""geodesic"":false,""type"":""Polygon"",""coordinates"":[[[75.76840301187197,30.023034995230397],[75.82961309152343,30.023034995230397],[75.82961309152343,30.082642741384454],[75.76840301187197,30.082642741384454],[75.76840301187197,30.023034995230397]]]}"
8_32,75.89082317117489,1933.1839258037114,30.082642741384454,30.023034995230397,75.82961309152343,"{""geodesic"":false,""type"":""Polygon"",""coordinates"":[[[75.82961309152343,30.023034995230397],[75.89082317117489,30.023034995230397],[75.89082317117489,30.082642741384454],[75.82961309152343,30.082642741384454],[75.82961309152343,30.023034995230397]]]}"
8_33,75.95203325082635,1934.6023958052756,30.082642741384454,30.023034995230397,75.89082317117489,"{""geodesic"":false,""type"":""Polygon"",""coordinates"":[[[75.89082317117489,30.023034995230397],[75.95203325082635,30.023034995230397],[75.95203325082635,30.082642741384454],[75.89082317117489,30.082642741384454],[75.89082317117489,30.023034995230397]]]}"
8_34,76.0132433304778,1936.7932256279048,30.082642741384454,30.023034995230397,75.95203325082635,"{""geodesic"":false,""type"":""Polygon"",""coordinates"":[[[75.95203325082635,30.023034995230397],[76.0132433304778,30.023034995230397],[76.0132433304778,30.082642741384454],[75.95203325082635,30.082642741384454],[75.95203325082635,30.023034995230397]]]}"
8_35,76.07445341012927,1935.7872953940541,30.082642741384454,30.023034995230397,76.0132433304778,"{""geodesic"":false,""type"":""Polygon"",""coordinates"":[[[76.0132433304778,30.023034995230397],[76.07445341012927,30.023034995230397],[76.07445341012927,30.082642741384454],[76.0132433304778,30.082642741384454],[76.0132433304778,30.023034995230397]]]}"
8_36,76.13566348978073,1934.4979596898509,30.082642741384454,30.023034995230397,76.07445341012927,"{""geodesic"":false,""type"":""Polygon"",""coordinates"":[[[76.07445341012927,30.023034995230397],[76.13566348978073,30.023034995230397],[76.13566348978073,30.082642741384454],[76.07445341012927,30.082642741384454],[76.07445341012927,30.023034995230397]]]}"
8_37,76.19687356943219,1931.8635225397913,30.082642741384454,30.023034995230397,76.13566348978073,"{""geodesic"":false,""type"":""Polygon"",""coordinates"":[[[76.13566348978073,30.023034995230397],[76.19687356943219,30.023034995230397],[76.19687356943219,30.082642741384454],[76.13566348978073,30.082642741384454],[76.13566348978073,30.023034995230397]]]}"
8_38,76.25808364908364,1930.9225668324514,30.082642741384454,30.023034995230397,76.19687356943219,"{""geodesic"":false,""type"":""Polygon"",""coordinates"":[[[76.19687356943219,30.023034995230397],[76.25808364908364,30.023034995230397],[76.25808364908364,30.082642741384454],[76.19687356943219,30.082642741384454],[76.19687356943219,30.023034995230397]]]}"
8_42,76.5029239676895,1939.6910616877399,30.082642741384454,30.023034995230397,76.44171388803804,"{""geodesic"":false,""type"":""Polygon"",""coordinates"":[[[76.44171388803804,30.023034995230397],[76.5029239676895,30.023034995230397],[76.5029239676895,30.082642741384454],[76.44171388803804,30.082642741384454],[76.44171388803804,30.023034995230397]]]}"
8_43,76.56413404734096,1939.6811192395767,30.082642741384454,30.023034995230397,76.5029239676895,"{""geodesic"":false,""type"":""Polygon"",""coordinates"":[[[76.5029239676895,30.023034995230397],[76.56413404734096,30.023034995230397],[76.56413404734096,30.082642741384454],[76.5029239676895,30.082642741384454],[76.5029239676895,30.023034995230397]]]}"
8_44,76.62534412699242,1939.143314163866,30.082642741384454,30.023034995230397,76.56413404734096,"{""geodesic"":false,""type"":""Polygon"",""coordinates"":[[[76.56413404734096,30.023034995230397],[76.62534412699242,30.023034995230397],[76.62534412699242,30.082642741384454],[76.56413404734096,30.082642741384454],[76.56413404734096,30.023034995230397]]]}"
9_0,73.93210062232815,1933.6533500026096,30.14225048753851,30.082642741384454,73.87089054267669,"{""geodesic"":false,""type"":""Polygon"",""coordinates"":[[[73.87089054267669,30.082642741384454],[73.93210062232815,30.082642741384454],[73.93210062232815,30.14225048753851],[73.87089054267669,30.14225048753851],[73.87089054267669,30.082642741384454]]]}"
9_1,73.99331070197961,1935.4774518210827,30.14225048753851,30.082642741384454,73.93210062232815,"{""geodesic"":false,""type"":""Polygon"",""coordinates"":[[[73.93210062232815,30.082642741384454],[73.99331070197961,30.082642741384454],[73.99331070197961,30.14225048753851],[73.93210062232815,30.14225048753851],[73.93210062232815,30.082642741384454]]]}"
9_2,74.05452078163107,1932.411049509604,30.14225048753851,30.082642741384454,73.99331070197961,"{""geodesic"":false,""type"":""Polygon"",""coordinates"":[[[73.99331070197961,30.082642741384454],[74.05452078163107,30.082642741384454],[74.05452078163107,30.14225048753851],[73.99331070197961,30.14225048753851],[73.99331070197961,30.082642741384454]]]}"
9_3,74.11573086128253,1930.099897109268,30.14225048753851,30.082642741384454,74.05452078163107,"{""geodesic"":false,""type"":""Polygon"",""coordinates"":[[[74.05452078163107,30.082642741384454],[74.11573086128253,30.082642741384454],[74.11573086128253,30.14225048753851],[74.05452078163107,30.14225048753851],[74.05452078163107,30.082642741384454]]]}"
9_4,74.17694094093399,1931.1508870527146,30.14225048753851,30.082642741384454,74.11573086128253,"{""geodesic"":false,""type"":""Polygon"",""coordinates"":[[[74.11573086128253,30.082642741384454],[74.17694094093399,30.082642741384454],[74.17694094093399,30.14225048753851],[74.11573086128253,30.14225048753851],[74.11573086128253,30.082642741384454]]]}"
9_5,74.23815102058545,1933.7217510535697,30.14225048753851,30.082642741384454,74.17694094093399,"{""geodesic"":false,""type"":""Polygon"",""coordinates"":[[[74.17694094093399,30.082642741384454],[74.23815102058545,30.082642741384454],[74.23815102058545,30.14225048753851],[74.17694094093399,30.14225048753851],[74.17694094093399,30.082642741384454]]]}"
9_6,74.29936110023691,1935.6207754673,30.14225048753851,30.082642741384454,74.23815102058545,"{""geodesic"":false,""type"":""Polygon"",""coordinates"":[[[74.23815102058545,30.082642741384454],[74.29936110023691,30.082642741384454],[74.29936110023691,30.14225048753851],[74.23815102058545,30.14225048753851],[74.23815102058545,30.082642741384454]]]}"
9_7,74.36057117988837,1935.7075300919914,30.14225048753851,30.082642741384454,74.29936110023691,"{""geodesic"":false,""type"":""Polygon"",""coordinates"":[[[74.29936110023691,30.082642741384454],[74.36057117988837,30.082642741384454],[74.36057117988837,30.14225048753851],[74.29936110023691,30.14225048753851],[74.29936110023691,30.082642741384454]]]}"
9_8,74.42178125953983,1933.5715658955264,30.14225048753851,30.082642741384454,74.36057117988837,"{""geodesic"":false,""type"":""Polygon"",""coordinates"":[[[74.36057117988837,30.082642741384454],[74.42178125953983,30.082642741384454],[74.42178125953983,30.14225048753851],[74.36057117988837,30.14225048753851],[74.36057117988837,30.082642741384454]]]}"
9_9,74.4829913391913,1933.613007604636,30.14225048753851,30.082642741384454,74.42178125953984,"{""geodesic"":false,""type"":""Polygon"",""coordinates"":[[[74.42178125953984,30.082642741384454],[74.4829913391913,30.082642741384454],[74.4829913391913,30.14225048753851],[74.42178125953984,30.14225048753851],[74.42178125953984,30.082642741384454]]]}"
9_10,74.54420141884276,1932.7056687297418,30.14225048753851,30.082642741384454,74.4829913391913,"{""geodesic"":false,""type"":""Polygon"",""coordinates"":[[[74.4829913391913,30.082642741384454],[74.54420141884276,30.082642741384454],[74.54420141884276,30.14225048753851],[74.4829913391913,30.14225048753851],[74.4829913391913,30.082642741384454]]]}"
9_11,74.60541149849422,1931.653945166489,30.14225048753851,30.082642741384454,74.54420141884276,"{""geodesic"":false,""type"":""Polygon"",""coordinates"":[[[74.54420141884276,30.082642741384454],[74.60541149849422,30.082642741384454],[74.60541149849422,30.14225048753851],[74.54420141884276,30.14225048753851],[74.54420141884276,30.082642741384454]]]}"
9_12,74.66662157814568,1932.510209535737,30.14225048753851,30.082642741384454,74.60541149849422,"{""geodesic"":false,""type"":""Polygon"",""coordinates"":[[[74.60541149849422,30.082642741384454],[74.66662157814568,30.082642741384454],[74.66662157814568,30.14225048753851],[74.60541149849422,30.14225048753851],[74.60541149849422,30.082642741384454]]]}"
9_13,74.72783165779714,1933.418333834258,30.14225048753851,30.082642741384454,74.66662157814568,"{""geodesic"":false,""type"":""Polygon"",""coordinates"":[[[74.66662157814568,30.082642741384454],[74.72783165779714,30.082642741384454],[74.72783165779714,30.14225048753851],[74.66662157814568,30.14225048753851],[74.66662157814568,30.082642741384454]]]}"
9_14,74.7890417374486,1932.7571253413205,30.14225048753851,30.082642741384454,74.72783165779714,"{""geodesic"":false,""type"":""Polygon"",""coordinates"":[[[74.72783165779714,30.082642741384454],[74.7890417374486,30.082642741384454],[74.7890417374486,30.14225048753851],[74.72783165779714,30.14225048753851],[74.72783165779714,30.082642741384454]]]}"
9_15,74.85025181710006,1931.680057166542,30.14225048753851,30.082642741384454,74.7890417374486,"{""geodesic"":false,""type"":""Polygon"",""coordinates"":[[[74.7890417374486,30.082642741384454],[74.85025181710006,30.082642741384454],[74.85025181710006,30.14225048753851],[74.7890417374486,30.14225048753851],[74.7890417374486,30.082642741384454]]]}"
9_16,74.91146189675152,1931.7710841372366,30.14225048753851,30.082642741384454,74.85025181710006,"{""geodesic"":false,""type"":""Polygon"",""coordinates"":[[[74.85025181710006,30.082642741384454],[74.91146189675152,30.082642741384454],[74.91146189675152,30.14225048753851],[74.85025181710006,30.14225048753851],[74.85025181710006,30.082642741384454]]]}"
9_17,74.97267197640298,1931.558799176963,30.14225048753851,30.082642741384454,74.91146189675152,"{""geodesic"":false,""type"":""Polygon"",""coordinates"":[[[74.91146189675152,30.082642741384454],[74.97267197640298,30.082642741384454],[74.97267197640298,30.14225048753851],[74.91146189675152,30.14225048753851],[74.91146189675152,30.082642741384454]]]}"
9_18,75.03388205605444,1930.0486706102088,30.14225048753851,30.082642741384454,74.97267197640298,"{""geodesic"":false,""type"":""Polygon"",""coordinates"":[[[74.97267197640298,30.082642741384454],[75.03388205605444,30.082642741384454],[75.03388205605444,30.14225048753851],[74.97267197640298,30.14225048753851],[74.97267197640298,30.082642741384454]]]}"
9_19,75.0950921357059,1929.8034735495496,30.14225048753851,30.082642741384454,75.03388205605444,"{""geodesic"":false,""type"":""Polygon"",""coordinates"":[[[75.03388205605444,30.082642741384454],[75.0950921357059,30.082642741384454],[75.0950921357059,30.14225048753851],[75.03388205605444,30.14225048753851],[75.03388205605444,30.082642741384454]]]}"
9_20,75.15630221535736,1933.7033568741588,30.14225048753851,30.082642741384454,75.0950921357059,"{""geodesic"":false,""type"":""Polygon"",""coordinates"":[[[75.0950921357059,30.082642741384454],[75.15630221535736,30.082642741384454],[75.15630221535736,30.14225048753851],[75.0950921357059,30.14225048753851],[75.0950921357059,30.082642741384454]]]}"
9_21,75.21751229500882,1933.9016851693525,30.14225048753851,30.082642741384454,75.15630221535736,"{""geodesic"":false,""type"":""Polygon"",""coordinates"":[[[75.15630221535736,30.082642741384454],[75.21751229500882,30.082642741384454],[75.21751229500882,30.14225048753851],[75.15630221535736,30.14225048753851],[75.15630221535736,30.082642741384454]]]}"
9_22,75.27872237466028,1932.970206775834,30.14225048753851,30.082642741384454,75.21751229500882,"{""geodesic"":false,""type"":""Polygon"",""coordinates"":[[[75.21751229500882,30.082642741384454],[75.27872237466028,30.082642741384454],[75.27872237466028,30.14225048753851],[75.21751229500882,30.14225048753851],[75.21751229500882,30.082642741384454]]]}"
9_23,75.33993245431174,1932.8362247953214,30.14225048753851,30.082642741384454,75.27872237466028,"{""geodesic"":false,""type"":""Polygon"",""coordinates"":[[[75.27872237466028,30.082642741384454],[75.33993245431174,30.082642741384454],[75.33993245431174,30.14225048753851],[75.27872237466028,30.14225048753851],[75.27872237466028,30.082642741384454]]]}"
9_24,75.4011425339632,1932.3432250431954,30.14225048753851,30.082642741384454,75.33993245431174,"{""geodesic"":false,""type"":""Polygon"",""coordinates"":[[[75.33993245431174,30.082642741384454],[75.4011425339632,30.082642741384454],[75.4011425339632,30.14225048753851],[75.33993245431174,30.14225048753851],[75.33993245431174,30.082642741384454]]]}"
9_25,75.46235261361466,1932.4655594339727,30.14225048753851,30.082642741384454,75.4011425339632,"{""geodesic"":false,""type"":""Polygon"",""coordinates"":[[[75.4011425339632,30.082642741384454],[75.46235261361466,30.082642741384454],[75.46235261361466,30.14225048753851],[75.4011425339632,30.14225048753851],[75.4011425339632,30.082642741384454]]]}"
9_26,75.52356269326613,1933.0128974380764,30.14225048753851,30.082642741384454,75.46235261361467,"{""geodesic"":false,""type"":""Polygon"",""coordinates"":[[[75.46235261361467,30.082642741384454],[75.52356269326613,30.082642741384454],[75.52356269326613,30.14225048753851],[75.46235261361467,30.14225048753851],[75.46235261361467,30.082642741384454]]]}"
9_27,75.58477277291759,1933.3062268553933,30.14225048753851,30.082642741384454,75.52356269326613,"{""geodesic"":false,""type"":""Polygon"",""coordinates"":[[[75.52356269326613,30.082642741384454],[75.58477277291759,30.082642741384454],[75.58477277291759,30.14225048753851],[75.52356269326613,30.14225048753851],[75.52356269326613,30.082642741384454]]]}"
9_28,75.64598285256905,1932.3783788884423,30.14225048753851,30.082642741384454,75.58477277291759,"{""geodesic"":false,""type"":""Polygon"",""coordinates"":[[[75.58477277291759,30.082642741384454],[75.64598285256905,30.082642741384454],[75.64598285256905,30.14225048753851],[75.58477277291759,30.14225048753851],[75.58477277291759,30.082642741384454]]]}"
9_29,75.70719293222051,1931.8135853681654,30.14225048753851,30.082642741384454,75.64598285256905,"{""geodesic"":false,""type"":""Polygon"",""coordinates"":[[[75.64598285256905,30.082642741384454],[75.70719293222051,30.082642741384454],[75.70719293222051,30.14225048753851],[75.64598285256905,30.14225048753851],[75.64598285256905,30.082642741384454]]]}"
9_30,75.76840301187197,1931.4086080650777,30.14225048753851,30.082642741384454,75.70719293222051,"{""geodesic"":false,""type"":""Polygon"",""coordinates"":[[[75.70719293222051,30.082642741384454],[75.76840301187197,30.082642741384454],[75.76840301187197,30.14225048753851],[75.70719293222051,30.14225048753851],[75.70719293222051,30.082642741384454]]]}"
9_31,75.82961309152343,1932.7091969341384,30.14225048753851,30.082642741384454,75.76840301187197,"{""geodesic"":false,""type"":""Polygon"",""coordinates"":[[[75.76840301187197,30.082642741384454],[75.82961309152343,30.082642741384454],[75.82961309152343,30.14225048753851],[75.76840301187197,30.14225048753851],[75.76840301187197,30.082642741384454]]]}"
9_32,75.89082317117489,1932.8030609025277,30.14225048753851,30.082642741384454,75.82961309152343,"{""geodesic"":false,""type"":""Polygon"",""coordinates"":[[[75.82961309152343,30.082642741384454],[75.89082317117489,30.082642741384454],[75.89082317117489,30.14225048753851],[75.82961309152343,30.14225048753851],[75.82961309152343,30.082642741384454]]]}"
9_33,75.95203325082635,1934.474904790281,30.14225048753851,30.082642741384454,75.89082317117489,"{""geodesic"":false,""type"":""Polygon"",""coordinates"":[[[75.89082317117489,30.082642741384454],[75.95203325082635,30.082642741384454],[75.95203325082635,30.14225048753851],[75.89082317117489,30.14225048753851],[75.89082317117489,30.082642741384454]]]}"
9_34,76.0132433304778,1935.9281530685948,30.14225048753851,30.082642741384454,75.95203325082635,"{""geodesic"":false,""type"":""Polygon"",""coordinates"":[[[75.95203325082635,30.082642741384454],[76.0132433304778,30.082642741384454],[76.0132433304778,30.14225048753851],[75.95203325082635,30.14225048753851],[75.95203325082635,30.082642741384454]]]}"
9_35,76.07445341012927,1935.5701576524925,30.14225048753851,30.082642741384454,76.0132433304778,"{""geodesic"":false,""type"":""Polygon"",""coordinates"":[[[76.0132433304778,30.082642741384454],[76.07445341012927,30.082642741384454],[76.07445341012927,30.14225048753851],[76.0132433304778,30.14225048753851],[76.0132433304778,30.082642741384454]]]}"
9_36,76.13566348978073,1934.8312690491994,30.14225048753851,30.082642741384454,76.07445341012927,"{""geodesic"":false,""type"":""Polygon"",""coordinates"":[[[76.07445341012927,30.082642741384454],[76.13566348978073,30.082642741384454],[76.13566348978073,30.14225048753851],[76.07445341012927,30.14225048753851],[76.07445341012927,30.082642741384454]]]}"
9_37,76.19687356943219,1932.7043644973567,30.14225048753851,30.082642741384454,76.13566348978073,"{""geodesic"":false,""type"":""Polygon"",""coordinates"":[[[76.13566348978073,30.082642741384454],[76.19687356943219,30.082642741384454],[76.19687356943219,30.14225048753851],[76.13566348978073,30.14225048753851],[76.13566348978073,30.082642741384454]]]}"
9_38,76.25808364908364,1932.2162229995222,30.14225048753851,30.082642741384454,76.19687356943219,"{""geodesic"":false,""type"":""Polygon"",""coordinates"":[[[76.19687356943219,30.082642741384454],[76.25808364908364,30.082642741384454],[76.25808364908364,30.14225048753851],[76.19687356943219,30.14225048753851],[76.19687356943219,30.082642741384454]]]}"
9_39,76.3192937287351,1933.8930481397806,30.14225048753851,30.082642741384454,76.25808364908364,"{""geodesic"":false,""type"":""Polygon"",""coordinates"":[[[76.25808364908364,30.082642741384454],[76.3192937287351,30.082642741384454],[76.3192937287351,30.14225048753851],[76.25808364908364,30.14225048753851],[76.25808364908364,30.082642741384454]]]}"
9_40,76.38050380838656,1934.633657426801,30.14225048753851,30.082642741384454,76.3192937287351,"{""geodesic"":false,""type"":""Polygon"",""coordinates"":[[[76.3192937287351,30.082642741384454],[76.38050380838656,30.082642741384454],[76.38050380838656,30.14225048753851],[76.3192937287351,30.14225048753851],[76.3192937287351,30.082642741384454]]]}"
9_41,76.44171388803802,1934.3635349810718,30.14225048753851,30.082642741384454,76.38050380838656,"{""geodesic"":false,""type"":""Polygon"",""coordinates"":[[[76.38050380838656,30.082642741384454],[76.44171388803802,30.082642741384454],[76.44171388803802,30.14225048753851],[76.38050380838656,30.14225048753851],[76.38050380838656,30.082642741384454]]]}"
9_42,76.5029239676895,1936.0102691927043,30.14225048753851,30.082642741384454,76.44171388803804,"{""geodesic"":false,""type"":""Polygon"",""coordinates"":[[[76.44171388803804,30.082642741384454],[76.5029239676895,30.082642741384454],[76.5029239676895,30.14225048753851],[76.44171388803804,30.14225048753851],[76.44171388803804,30.082642741384454]]]}"
9_43,76.56413404734096,1936.2041114006818,30.14225048753851,30.082642741384454,76.5029239676895,"{""geodesic"":false,""type"":""Polygon"",""coordinates"":[[[76.5029239676895,30.082642741384454],[76.56413404734096,30.082642741384454],[76.56413404734096,30.14225048753851],[76.5029239676895,30.14225048753851],[76.5029239676895,30.082642741384454]]]}"
9_44,76.62534412699242,1937.993950860001,30.14225048753851,30.082642741384454,76.56413404734096,"{""geodesic"":false,""type"":""Polygon"",""coordinates"":[[[76.56413404734096,30.082642741384454],[76.62534412699242,30.082642741384454],[76.62534412699242,30.14225048753851],[76.56413404734096,30.14225048753851],[76.56413404734096,30.082642741384454]]]}"
9_45,76.68655420664388,1937.4307986340975,30.14225048753851,30.082642741384454,76.62534412699242,"{""geodesic"":false,""type"":""Polygon"",""coordinates"":[[[76.62534412699242,30.082642741384454],[76.68655420664388,30.082642741384454],[76.68655420664388,30.14225048753851],[76.62534412699242,30.14225048753851],[76.62534412699242,30.082642741384454]]]}"
10_1,73.99331070197961,1939.7400784445624,30.20185823369257,30.14225048753851,73.93210062232815,"{""geodesic"":false,""type"":""Polygon"",""coordinates"":[[[73.93210062232815,30.14225048753851],[73.99331070197961,30.14225048753851],[73.99331070197961,30.20185823369257],[73.93210062232815,30.20185823369257],[73.93210062232815,30.14225048753851]]]}"
10_2,74.05452078163107,1933.1490585879233,30.20185823369257,30.14225048753851,73.99331070197961,"{""geodesic"":false,""type"":""Polygon"",""coordinates"":[[[73.99331070197961,30.14225048753851],[74.05452078163107,30.14225048753851],[74.05452078163107,30.20185823369257],[73.99331070197961,30.20185823369257],[73.99331070197961,30.14225048753851]]]}"
10_3,74.11573086128253,1930.558793748092,30.20185823369257,30.14225048753851,74.05452078163107,"{""geodesic"":false,""type"":""Polygon"",""coordinates"":[[[74.05452078163107,30.14225048753851],[74.11573086128253,30.14225048753851],[74.11573086128253,30.20185823369257],[74.05452078163107,30.20185823369257],[74.05452078163107,30.14225048753851]]]}"
10_4,74.17694094093399,1932.1429821859463,30.20185823369257,30.14225048753851,74.11573086128253,"{""geodesic"":false,""type"":""Polygon"",""coordinates"":[[[74.11573086128253,30.14225048753851],[74.17694094093399,30.14225048753851],[74.17694094093399,30.20185823369257],[74.11573086128253,30.20185823369257],[74.11573086128253,30.14225048753851]]]}"
10_5,74.23815102058545,1933.699914628852,30.20185823369257,30.14225048753851,74.17694094093399,"{""geodesic"":false,""type"":""Polygon"",""coordinates"":[[[74.17694094093399,30.14225048753851],[74.23815102058545,30.14225048753851],[74.23815102058545,30.20185823369257],[74.17694094093399,30.20185823369257],[74.17694094093399,30.14225048753851]]]}"
10_6,74.29936110023691,1934.2010643695085,30.20185823369257,30.14225048753851,74.23815102058545,"{""geodesic"":false,""type"":""Polygon"",""coordinates"":[[[74.23815102058545,30.14225048753851],[74.29936110023691,30.14225048753851],[74.29936110023691,30.20185823369257],[74.23815102058545,30.20185823369257],[74.23815102058545,30.14225048753851]]]}"
10_7,74.36057117988837,1934.1393485513768,30.20185823369257,30.14225048753851,74.29936110023691,"{""geodesic"":false,""type"":""Polygon"",""coordinates"":[[[74.29936110023691,30.14225048753851],[74.36057117988837,30.14225048753851],[74.36057117988837,30.20185823369257],[74.29936110023691,30.20185823369257],[74.29936110023691,30.14225048753851]]]}"
10_8,74.42178125953983,1934.6962631214635,30.20185823369257,30.14225048753851,74.36057117988837,"{""geodesic"":false,""type"":""Polygon"",""coordinates"":[[[74.36057117988837,30.14225048753851],[74.42178125953983,30.14225048753851],[74.42178125953983,30.20185823369257],[74.36057117988837,30.20185823369257],[74.36057117988837,30.14225048753851]]]}"
10_9,74.4829913391913,1934.1517814250997,30.20185823369257,30.14225048753851,74.42178125953984,"{""geodesic"":false,""type"":""Polygon"",""coordinates"":[[[74.42178125953984,30.14225048753851],[74.4829913391913,30.14225048753851],[74.4829913391913,30.20185823369257],[74.42178125953984,30.20185823369257],[74.42178125953984,30.14225048753851]]]}"
10_10,74.54420141884276,1931.7926645079294,30.20185823369257,30.14225048753851,74.4829913391913,"{""geodesic"":false,""type"":""Polygon"",""coordinates"":[[[74.4829913391913,30.14225048753851],[74.54420141884276,30.14225048753851],[74.54420141884276,30.20185823369257],[74.4829913391913,30.20185823369257],[74.4829913391913,30.14225048753851]]]}"
10_11,74.60541149849422,1929.5141767210378,30.20185823369257,30.14225048753851,74.54420141884276,"{""geodesic"":false,""type"":""Polygon"",""coordinates"":[[[74.54420141884276,30.14225048753851],[74.60541149849422,30.14225048753851],[74.60541149849422,30.20185823369257],[74.54420141884276,30.20185823369257],[74.54420141884276,30.14225048753851]]]}"
10_12,74.66662157814568,1931.960837763884,30.20185823369257,30.14225048753851,74.60541149849422,"{""geodesic"":false,""type"":""Polygon"",""coordinates"":[[[74.60541149849422,30.14225048753851],[74.66662157814568,30.14225048753851],[74.66662157814568,30.20185823369257],[74.60541149849422,30.20185823369257],[74.60541149849422,30.14225048753851]]]}"
10_13,74.72783165779714,1933.2075796420488,30.20185823369257,30.14225048753851,74.66662157814568,"{""geodesic"":false,""type"":""Polygon"",""coordinates"":[[[74.66662157814568,30.14225048753851],[74.72783165779714,30.14225048753851],[74.72783165779714,30.20185823369257],[74.66662157814568,30.20185823369257],[74.66662157814568,30.14225048753851]]]}"
10_14,74.7890417374486,1931.8453508488496,30.20185823369257,30.14225048753851,74.72783165779714,"{""geodesic"":false,""type"":""Polygon"",""coordinates"":[[[74.72783165779714,30.14225048753851],[74.7890417374486,30.14225048753851],[74.7890417374486,30.20185823369257],[74.72783165779714,30.20185823369257],[74.72783165779714,30.14225048753851]]]}"
10_15,74.85025181710006,1931.2089406887103,30.20185823369257,30.14225048753851,74.7890417374486,"{""geodesic"":false,""type"":""Polygon"",""coordinates"":[[[74.7890417374486,30.14225048753851],[74.85025181710006,30.14225048753851],[74.85025181710006,30.20185823369257],[74.7890417374486,30.20185823369257],[74.7890417374486,30.14225048753851]]]}"
10_16,74.91146189675152,1932.3961535792735,30.20185823369257,30.14225048753851,74.85025181710006,"{""geodesic"":false,""type"":""Polygon"",""coordinates"":[[[74.85025181710006,30.14225048753851],[74.91146189675152,30.14225048753851],[74.91146189675152,30.20185823369257],[74.85025181710006,30.20185823369257],[74.85025181710006,30.14225048753851]]]}"
10_17,74.97267197640298,1933.1873023508374,30.20185823369257,30.14225048753851,74.91146189675152,"{""geodesic"":false,""type"":""Polygon"",""coordinates"":[[[74.91146189675152,30.14225048753851],[74.97267197640298,30.14225048753851],[74.97267197640298,30.20185823369257],[74.91146189675152,30.20185823369257],[74.91146189675152,30.14225048753851]]]}"
10_18,75.03388205605444,1931.7798658812214,30.20185823369257,30.14225048753851,74.97267197640298,"{""geodesic"":false,""type"":""Polygon"",""coordinates"":[[[74.97267197640298,30.14225048753851],[75.03388205605444,30.14225048753851],[75.03388205605444,30.20185823369257],[74.97267197640298,30.20185823369257],[74.97267197640298,30.14225048753851]]]}"
10_19,75.0950921357059,1932.1165632750951,30.20185823369257,30.14225048753851,75.03388205605444,"{""geodesic"":false,""type"":""Polygon"",""coordinates"":[[[75.03388205605444,30.14225048753851],[75.0950921357059,30.14225048753851],[75.0950921357059,30.20185823369257],[75.03388205605444,30.20185823369257],[75.03388205605444,30.14225048753851]]]}"
10_20,75.15630221535736,1933.7956435585158,30.20185823369257,30.14225048753851,75.0950921357059,"{""geodesic"":false,""type"":""Polygon"",""coordinates"":[[[75.0950921357059,30.14225048753851],[75.15630221535736,30.14225048753851],[75.15630221535736,30.20185823369257],[75.0950921357059,30.20185823369257],[75.0950921357059,30.14225048753851]]]}"
10_21,75.21751229500882,1932.2916846308044,30.20185823369257,30.14225048753851,75.15630221535736,"{""geodesic"":false,""type"":""Polygon"",""coordinates"":[[[75.15630221535736,30.14225048753851],[75.21751229500882,30.14225048753851],[75.21751229500882,30.20185823369257],[75.15630221535736,30.20185823369257],[75.15630221535736,30.14225048753851]]]}"
10_22,75.27872237466028,1932.5553673892978,30.20185823369257,30.14225048753851,75.21751229500882,"{""geodesic"":false,""type"":""Polygon"",""coordinates"":[[[75.21751229500882,30.14225048753851],[75.27872237466028,30.14225048753851],[75.27872237466028,30.20185823369257],[75.21751229500882,30.20185823369257],[75.21751229500882,30.14225048753851]]]}"
10_23,75.33993245431174,1932.1021734928675,30.20185823369257,30.14225048753851,75.27872237466028,"{""geodesic"":false,""type"":""Polygon"",""coordinates"":[[[75.27872237466028,30.14225048753851],[75.33993245431174,30.14225048753851],[75.33993245431174,30.20185823369257],[75.27872237466028,30.20185823369257],[75.27872237466028,30.14225048753851]]]}"
10_24,75.4011425339632,1931.7055434575282,30.20185823369257,30.14225048753851,75.33993245431174,"{""geodesic"":false,""type"":""Polygon"",""coordinates"":[[[75.33993245431174,30.14225048753851],[75.4011425339632,30.14225048753851],[75.4011425339632,30.20185823369257],[75.33993245431174,30.20185823369257],[75.33993245431174,30.14225048753851]]]}"
10_25,75.46235261361466,1932.798756208084,30.20185823369257,30.14225048753851,75.4011425339632,"{""geodesic"":false,""type"":""Polygon"",""coordinates"":[[[75.4011425339632,30.14225048753851],[75.46235261361466,30.14225048753851],[75.46235261361466,30.20185823369257],[75.4011425339632,30.20185823369257],[75.4011425339632,30.14225048753851]]]}"
10_26,75.52356269326613,1933.2207879879204,30.20185823369257,30.14225048753851,75.46235261361467,"{""geodesic"":false,""type"":""Polygon"",""coordinates"":[[[75.46235261361467,30.14225048753851],[75.52356269326613,30.14225048753851],[75.52356269326613,30.20185823369257],[75.46235261361467,30.20185823369257],[75.46235261361467,30.14225048753851]]]}"
10_27,75.58477277291759,1932.15727042572,30.20185823369257,30.14225048753851,75.52356269326613,"{""geodesic"":false,""type"":""Polygon"",""coordinates"":[[[75.52356269326613,30.14225048753851],[75.58477277291759,30.14225048753851],[75.58477277291759,30.20185823369257],[75.52356269326613,30.20185823369257],[75.52356269326613,30.14225048753851]]]}"
10_28,75.64598285256905,1931.7057761015942,30.20185823369257,30.14225048753851,75.58477277291759,"{""geodesic"":false,""type"":""Polygon"",""coordinates"":[[[75.58477277291759,30.14225048753851],[75.64598285256905,30.14225048753851],[75.64598285256905,30.20185823369257],[75.58477277291759,30.20185823369257],[75.58477277291759,30.14225048753851]]]}"
10_29,75.70719293222051,1932.6763046804726,30.20185823369257,30.14225048753851,75.64598285256905,"{""geodesic"":false,""type"":""Polygon"",""coordinates"":[[[75.64598285256905,30.14225048753851],[75.70719293222051,30.14225048753851],[75.70719293222051,30.20185823369257],[75.64598285256905,30.20185823369257],[75.64598285256905,30.14225048753851]]]}"
10_30,75.76840301187197,1933.5174577211894,30.20185823369257,30.14225048753851,75.70719293222051,"{""geodesic"":false,""type"":""Polygon"",""coordinates"":[[[75.70719293222051,30.14225048753851],[75.76840301187197,30.14225048753851],[75.76840301187197,30.20185823369257],[75.70719293222051,30.20185823369257],[75.70719293222051,30.14225048753851]]]}"
10_31,75.82961309152343,1934.13628057179,30.20185823369257,30.14225048753851,75.76840301187197,"{""geodesic"":false,""type"":""Polygon"",""coordinates"":[[[75.76840301187197,30.14225048753851],[75.82961309152343,30.14225048753851],[75.82961309152343,30.20185823369257],[75.76840301187197,30.20185823369257],[75.76840301187197,30.14225048753851]]]}"
10_32,75.89082317117489,1934.1421044072497,30.20185823369257,30.14225048753851,75.82961309152343,"{""geodesic"":false,""type"":""Polygon"",""coordinates"":[[[75.82961309152343,30.14225048753851],[75.89082317117489,30.14225048753851],[75.89082317117489,30.20185823369257],[75.82961309152343,30.20185823369257],[75.82961309152343,30.14225048753851]]]}"
10_33,75.95203325082635,1934.8896074818258,30.20185823369257,30.14225048753851,75.89082317117489,"{""geodesic"":false,""type"":""Polygon"",""coordinates"":[[[75.89082317117489,30.14225048753851],[75.95203325082635,30.14225048753851],[75.95203325082635,30.20185823369257],[75.89082317117489,30.20185823369257],[75.89082317117489,30.14225048753851]]]}"
10_34,76.0132433304778,1936.4659204466752,30.20185823369257,30.14225048753851,75.95203325082635,"{""geodesic"":false,""type"":""Polygon"",""coordinates"":[[[75.95203325082635,30.14225048753851],[76.0132433304778,30.14225048753851],[76.0132433304778,30.20185823369257],[75.95203325082635,30.20185823369257],[75.95203325082635,30.14225048753851]]]}"
10_35,76.07445341012927,1935.54080128032,30.20185823369257,30.14225048753851,76.0132433304778,"{""geodesic"":false,""type"":""Polygon"",""coordinates"":[[[76.0132433304778,30.14225048753851],[76.07445341012927,30.14225048753851],[76.07445341012927,30.20185823369257],[76.0132433304778,30.20185823369257],[76.0132433304778,30.14225048753851]]]}"
10_36,76.13566348978073,1934.7697877486721,30.20185823369257,30.14225048753851,76.07445341012927,"{""geodesic"":false,""type"":""Polygon"",""coordinates"":[[[76.07445341012927,30.14225048753851],[76.13566348978073,30.14225048753851],[76.13566348978073,30.20185823369257],[76.07445341012927,30.20185823369257],[76.07445341012927,30.14225048753851]]]}"
10_37,76.19687356943219,1932.8387242313552,30.20185823369257,30.14225048753851,76.13566348978073,"{""geodesic"":false,""type"":""Polygon"",""coordinates"":[[[76.13566348978073,30.14225048753851],[76.19687356943219,30.14225048753851],[76.19687356943219,30.20185823369257],[76.13566348978073,30.20185823369257],[76.13566348978073,30.14225048753851]]]}"
10_38,76.25808364908364,1933.3882627156954,30.20185823369257,30.14225048753851,76.19687356943219,"{""geodesic"":false,""type"":""Polygon"",""coordinates"":[[[76.19687356943219,30.14225048753851],[76.25808364908364,30.14225048753851],[76.25808364908364,30.20185823369257],[76.19687356943219,30.20185823369257],[76.19687356943219,30.14225048753851]]]}"
10_39,76.3192937287351,1933.1186021326744,30.20185823369257,30.14225048753851,76.25808364908364,"{""geodesic"":false,""type"":""Polygon"",""coordinates"":[[[76.25808364908364,30.14225048753851],[76.3192937287351,30.14225048753851],[76.3192937287351,30.20185823369257],[76.25808364908364,30.20185823369257],[76.25808364908364,30.14225048753851]]]}"
10_40,76.38050380838656,1931.7640906066908,30.20185823369257,30.14225048753851,76.3192937287351,"{""geodesic"":false,""type"":""Polygon"",""coordinates"":[[[76.3192937287351,30.14225048753851],[76.38050380838656,30.14225048753851],[76.38050380838656,30.20185823369257],[76.3192937287351,30.20185823369257],[76.3192937287351,30.14225048753851]]]}"
10_41,76.44171388803802,1931.3409903249205,30.20185823369257,30.14225048753851,76.38050380838656,"{""geodesic"":false,""type"":""Polygon"",""coordinates"":[[[76.38050380838656,30.14225048753851],[76.44171388803802,30.14225048753851],[76.44171388803802,30.20185823369257],[76.38050380838656,30.20185823369257],[76.38050380838656,30.14225048753851]]]}"
10_42,76.5029239676895,1933.0458442515635,30.20185823369257,30.14225048753851,76.44171388803804,"{""geodesic"":false,""type"":""Polygon"",""coordinates"":[[[76.44171388803804,30.14225048753851],[76.5029239676895,30.14225048753851],[76.5029239676895,30.20185823369257],[76.44171388803804,30.20185823369257],[76.44171388803804,30.14225048753851]]]}"
10_43,76.56413404734096,1933.89754524241,30.20185823369257,30.14225048753851,76.5029239676895,"{""geodesic"":false,""type"":""Polygon"",""coordinates"":[[[76.5029239676895,30.14225048753851],[76.56413404734096,30.14225048753851],[76.56413404734096,30.20185823369257],[76.5029239676895,30.20185823369257],[76.5029239676895,30.14225048753851]]]}"
10_44,76.62534412699242,1933.34218940068,30.20185823369257,30.14225048753851,76.56413404734096,"{""geodesic"":false,""type"":""Polygon"",""coordinates"":[[[76.56413404734096,30.14225048753851],[76.62534412699242,30.14225048753851],[76.62534412699242,30.20185823369257],[76.56413404734096,30.20185823369257],[76.56413404734096,30.14225048753851]]]}"
10_45,76.68655420664388,1935.4424794872875,30.20185823369257,30.14225048753851,76.62534412699242,"{""geodesic"":false,""type"":""Polygon"",""coordinates"":[[[76.62534412699242,30.14225048753851],[76.68655420664388,30.14225048753851],[76.68655420664388,30.20185823369257],[76.62534412699242,30.20185823369257],[76.62534412699242,30.14225048753851]]]}"
11_1,73.99331070197961,1938.2365900382867,30.26146597984663,30.201858233692572,73.93210062232815,"{""geodesic"":false,""type"":""Polygon"",""coordinates"":[[[73.93210062232815,30.201858233692572],[73.99331070197961,30.201858233692572],[73.99331070197961,30.26146597984663],[73.93210062232815,30.26146597984663],[73.93210062232815,30.201858233692572]]]}"
11_2,74.05452078163107,1932.4058772238918,30.26146597984663,30.201858233692572,73.99331070197961,"{""geodesic"":false,""type"":""Polygon"",""coordinates"":[[[73.99331070197961,30.201858233692572],[74.05452078163107,30.201858233692572],[74.05452078163107,30.26146597984663],[73.99331070197961,30.26146597984663],[73.99331070197961,30.201858233692572]]]}"
11_3,74.11573086128253,1930.919448334799,30.26146597984663,30.201858233692572,74.05452078163107,"{""geodesic"":false,""type"":""Polygon"",""coordinates"":[[[74.05452078163107,30.201858233692572],[74.11573086128253,30.201858233692572],[74.11573086128253,30.26146597984663],[74.05452078163107,30.26146597984663],[74.05452078163107,30.201858233692572]]]}"
11_4,74.17694094093399,1932.4670733907374,30.26146597984663,30.201858233692572,74.11573086128253,"{""geodesic"":false,""type"":""Polygon"",""coordinates"":[[[74.11573086128253,30.201858233692572],[74.17694094093399,30.201858233692572],[74.17694094093399,30.26146597984663],[74.11573086128253,30.26146597984663],[74.11573086128253,30.201858233692572]]]}"
11_5,74.23815102058545,1933.5328362674504,30.26146597984663,30.201858233692572,74.17694094093399,"{""geodesic"":false,""type"":""Polygon"",""coordinates"":[[[74.17694094093399,30.201858233692572],[74.23815102058545,30.201858233692572],[74.23815102058545,30.26146597984663],[74.17694094093399,30.26146597984663],[74.17694094093399,30.201858233692572]]]}"
11_6,74.29936110023691,1934.1607423645262,30.26146597984663,30.201858233692572,74.23815102058545,"{""geodesic"":false,""type"":""Polygon"",""coordinates"":[[[74.23815102058545,30.201858233692572],[74.29936110023691,30.201858233692572],[74.29936110023691,30.26146597984663],[74.23815102058545,30.26146597984663],[74.23815102058545,30.201858233692572]]]}"
11_7,74.36057117988837,1934.7338162779517,30.26146597984663,30.201858233692572,74.29936110023691,"{""geodesic"":false,""type"":""Polygon"",""coordinates"":[[[74.29936110023691,30.201858233692572],[74.36057117988837,30.201858233692572],[74.36057117988837,30.26146597984663],[74.29936110023691,30.26146597984663],[74.29936110023691,30.201858233692572]]]}"
11_8,74.42178125953983,1935.1820534734989,30.26146597984663,30.201858233692572,74.36057117988837,"{""geodesic"":false,""type"":""Polygon"",""coordinates"":[[[74.36057117988837,30.201858233692572],[74.42178125953983,30.201858233692572],[74.42178125953983,30.26146597984663],[74.36057117988837,30.26146597984663],[74.36057117988837,30.201858233692572]]]}"
11_9,74.4829913391913,1933.3734903399766,30.26146597984663,30.201858233692572,74.42178125953984,"{""geodesic"":false,""type"":""Polygon"",""coordinates"":[[[74.42178125953984,30.201858233692572],[74.4829913391913,30.201858233692572],[74.4829913391913,30.26146597984663],[74.42178125953984,30.26146597984663],[74.42178125953984,30.201858233692572]]]}"
11_10,74.54420141884276,1931.570692312581,30.26146597984663,30.201858233692572,74.4829913391913,"{""geodesic"":false,""type"":""Polygon"",""coordinates"":[[[74.4829913391913,30.201858233692572],[74.54420141884276,30.201858233692572],[74.54420141884276,30.26146597984663],[74.4829913391913,30.26146597984663],[74.4829913391913,30.201858233692572]]]}"
11_11,74.60541149849422,1931.1400964820457,30.26146597984663,30.201858233692572,74.54420141884276,"{""geodesic"":false,""type"":""Polygon"",""coordinates"":[[[74.54420141884276,30.201858233692572],[74.60541149849422,30.201858233692572],[74.60541149849422,30.26146597984663],[74.54420141884276,30.26146597984663],[74.54420141884276,30.201858233692572]]]}"
11_12,74.66662157814568,1932.288998823762,30.26146597984663,30.201858233692572,74.60541149849422,"{""geodesic"":false,""type"":""Polygon"",""coordinates"":[[[74.60541149849422,30.201858233692572],[74.66662157814568,30.201858233692572],[74.66662157814568,30.26146597984663],[74.60541149849422,30.26146597984663],[74.60541149849422,30.201858233692572]]]}"
11_13,74.72783165779714,1932.7229519571647,30.26146597984663,30.201858233692572,74.66662157814568,"{""geodesic"":false,""type"":""Polygon"",""coordinates"":[[[74.66662157814568,30.201858233692572],[74.72783165779714,30.201858233692572],[74.72783165779714,30.26146597984663],[74.66662157814568,30.26146597984663],[74.66662157814568,30.201858233692572]]]}"
11_14,74.7890417374486,1930.4730473664272,30.26146597984663,30.201858233692572,74.72783165779714,"{""geodesic"":false,""type"":""Polygon"",""coordinates"":[[[74.72783165779714,30.201858233692572],[74.7890417374486,30.201858233692572],[74.7890417374486,30.26146597984663],[74.72783165779714,30.26146597984663],[74.72783165779714,30.201858233692572]]]}"
11_15,74.85025181710006,1930.887513954804,30.26146597984663,30.201858233692572,74.7890417374486,"{""geodesic"":false,""type"":""Polygon"",""coordinates"":[[[74.7890417374486,30.201858233692572],[74.85025181710006,30.201858233692572],[74.85025181710006,30.26146597984663],[74.7890417374486,30.26146597984663],[74.7890417374486,30.201858233692572]]]}"
11_16,74.91146189675152,1931.860476564995,30.26146597984663,30.201858233692572,74.85025181710006,"{""geodesic"":false,""type"":""Polygon"",""coordinates"":[[[74.85025181710006,30.201858233692572],[74.91146189675152,30.201858233692572],[74.91146189675152,30.26146597984663],[74.85025181710006,30.26146597984663],[74.85025181710006,30.201858233692572]]]}"
11_17,74.97267197640298,1932.1246813827138,30.26146597984663,30.201858233692572,74.91146189675152,"{""geodesic"":false,""type"":""Polygon"",""coordinates"":[[[74.91146189675152,30.201858233692572],[74.97267197640298,30.201858233692572],[74.97267197640298,30.26146597984663],[74.91146189675152,30.26146597984663],[74.91146189675152,30.201858233692572]]]}"
11_18,75.03388205605444,1932.0261555716274,30.26146597984663,30.201858233692572,74.97267197640298,"{""geodesic"":false,""type"":""Polygon"",""coordinates"":[[[74.97267197640298,30.201858233692572],[75.03388205605444,30.201858233692572],[75.03388205605444,30.26146597984663],[74.97267197640298,30.26146597984663],[74.97267197640298,30.201858233692572]]]}"
11_19,75.0950921357059,1933.4160599816842,30.26146597984663,30.201858233692572,75.03388205605444,"{""geodesic"":false,""type"":""Polygon"",""coordinates"":[[[75.03388205605444,30.201858233692572],[75.0950921357059,30.201858233692572],[75.0950921357059,30.26146597984663],[75.03388205605444,30.26146597984663],[75.03388205605444,30.201858233692572]]]}"
11_20,75.15630221535736,1934.6963175858857,30.26146597984663,30.201858233692572,75.0950921357059,"{""geodesic"":false,""type"":""Polygon"",""coordinates"":[[[75.0950921357059,30.201858233692572],[75.15630221535736,30.201858233692572],[75.15630221535736,30.26146597984663],[75.0950921357059,30.26146597984663],[75.0950921357059,30.201858233692572]]]}"
11_21,75.21751229500882,1933.9077272860493,30.26146597984663,30.201858233692572,75.15630221535736,"{""geodesic"":false,""type"":""Polygon"",""coordinates"":[[[75.15630221535736,30.201858233692572],[75.21751229500882,30.201858233692572],[75.21751229500882,30.26146597984663],[75.15630221535736,30.26146597984663],[75.15630221535736,30.201858233692572]]]}"
11_22,75.27872237466028,1934.0923620740007,30.26146597984663,30.201858233692572,75.21751229500882,"{""geodesic"":false,""type"":""Polygon"",""coordinates"":[[[75.21751229500882,30.201858233692572],[75.27872237466028,30.201858233692572],[75.27872237466028,30.26146597984663],[75.21751229500882,30.26146597984663],[75.21751229500882,30.201858233692572]]]}"
11_23,75.33993245431174,1933.38153690196,30.26146597984663,30.201858233692572,75.27872237466028,"{""geodesic"":false,""type"":""Polygon"",""coordinates"":[[[75.27872237466028,30.201858233692572],[75.33993245431174,30.201858233692572],[75.33993245431174,30.26146597984663],[75.27872237466028,30.26146597984663],[75.27872237466028,30.201858233692572]]]}"
11_24,75.4011425339632,1931.5887679929704,30.26146597984663,30.201858233692572,75.33993245431174,"{""geodesic"":false,""type"":""Polygon"",""coordinates"":[[[75.33993245431174,30.201858233692572],[75.4011425339632,30.201858233692572],[75.4011425339632,30.26146597984663],[75.33993245431174,30.26146597984663],[75.33993245431174,30.201858233692572]]]}"
11_25,75.46235261361466,1931.7982168449162,30.26146597984663,30.201858233692572,75.4011425339632,"{""geodesic"":false,""type"":""Polygon"",""coordinates"":[[[75.4011425339632,30.201858233692572],[75.46235261361466,30.201858233692572],[75.46235261361466,30.26146597984663],[75.4011425339632,30.26146597984663],[75.4011425339632,30.201858233692572]]]}"
11_26,75.52356269326613,1933.4150195865495,30.26146597984663,30.201858233692572,75.46235261361467,"{""geodesic"":false,""type"":""Polygon"",""coordinates"":[[[75.46235261361467,30.201858233692572],[75.52356269326613,30.201858233692572],[75.52356269326613,30.26146597984663],[75.46235261361467,30.26146597984663],[75.46235261361467,30.201858233692572]]]}"
11_27,75.58477277291759,1931.9686188119854,30.26146597984663,30.201858233692572,75.52356269326613,"{""geodesic"":false,""type"":""Polygon"",""coordinates"":[[[75.52356269326613,30.201858233692572],[75.58477277291759,30.201858233692572],[75.58477277291759,30.26146597984663],[75.52356269326613,30.26146597984663],[75.52356269326613,30.201858233692572]]]}"
11_28,75.64598285256905,1931.5341504625378,30.26146597984663,30.201858233692572,75.58477277291759,"{""geodesic"":false,""type"":""Polygon"",""coordinates"":[[[75.58477277291759,30.201858233692572],[75.64598285256905,30.201858233692572],[75.64598285256905,30.26146597984663],[75.58477277291759,30.26146597984663],[75.58477277291759,30.201858233692572]]]}"
11_29,75.70719293222051,1932.5120195940297,30.26146597984663,30.201858233692572,75.64598285256905,"{""geodesic"":false,""type"":""Polygon"",""coordinates"":[[[75.64598285256905,30.201858233692572],[75.70719293222051,30.201858233692572],[75.70719293222051,30.26146597984663],[75.64598285256905,30.26146597984663],[75.64598285256905,30.201858233692572]]]}"
11_30,75.76840301187197,1934.2013415524343,30.26146597984663,30.201858233692572,75.70719293222051,"{""geodesic"":false,""type"":""Polygon"",""coordinates"":[[[75.70719293222051,30.201858233692572],[75.76840301187197,30.201858233692572],[75.76840301187197,30.26146597984663],[75.70719293222051,30.26146597984663],[75.70719293222051,30.201858233692572]]]}"
11_31,75.82961309152343,1935.3667793719305,30.26146597984663,30.201858233692572,75.76840301187197,"{""geodesic"":false,""type"":""Polygon"",""coordinates"":[[[75.76840301187197,30.201858233692572],[75.82961309152343,30.201858233692572],[75.82961309152343,30.26146597984663],[75.76840301187197,30.26146597984663],[75.76840301187197,30.201858233692572]]]}"
11_32,75.89082317117489,1933.7920290413622,30.26146597984663,30.201858233692572,75.82961309152343,"{""geodesic"":false,""type"":""Polygon"",""coordinates"":[[[75.82961309152343,30.201858233692572],[75.89082317117489,30.201858233692572],[75.89082317117489,30.26146597984663],[75.82961309152343,30.26146597984663],[75.82961309152343,30.201858233692572]]]}"
11_33,75.95203325082635,1933.6922885415347,30.26146597984663,30.201858233692572,75.89082317117489,"{""geodesic"":false,""type"":""Polygon"",""coordinates"":[[[75.89082317117489,30.201858233692572],[75.95203325082635,30.201858233692572],[75.95203325082635,30.26146597984663],[75.89082317117489,30.26146597984663],[75.89082317117489,30.201858233692572]]]}"
11_34,76.0132433304778,1934.5780123829186,30.26146597984663,30.201858233692572,75.95203325082635,"{""geodesic"":false,""type"":""Polygon"",""coordinates"":[[[75.95203325082635,30.201858233692572],[76.0132433304778,30.201858233692572],[76.0132433304778,30.26146597984663],[75.95203325082635,30.26146597984663],[75.95203325082635,30.201858233692572]]]}"
11_35,76.07445341012927,1934.2640482906968,30.26146597984663,30.201858233692572,76.0132433304778,"{""geodesic"":false,""type"":""Polygon"",""coordinates"":[[[76.0132433304778,30.201858233692572],[76.07445341012927,30.201858233692572],[76.07445341012927,30.26146597984663],[76.0132433304778,30.26146597984663],[76.0132433304778,30.201858233692572]]]}"
11_36,76.13566348978073,1933.5084408914993,30.26146597984663,30.201858233692572,76.07445341012927,"{""geodesic"":false,""type"":""Polygon"",""coordinates"":[[[76.07445341012927,30.201858233692572],[76.13566348978073,30.201858233692572],[76.13566348978073,30.26146597984663],[76.07445341012927,30.26146597984663],[76.07445341012927,30.201858233692572]]]}"
11_37,76.19687356943219,1933.4496870932692,30.26146597984663,30.201858233692572,76.13566348978073,"{""geodesic"":false,""type"":""Polygon"",""coordinates"":[[[76.13566348978073,30.201858233692572],[76.19687356943219,30.201858233692572],[76.19687356943219,30.26146597984663],[76.13566348978073,30.26146597984663],[76.13566348978073,30.201858233692572]]]}"
11_38,76.25808364908364,1934.2553216813037,30.26146597984663,30.201858233692572,76.19687356943219,"{""geodesic"":false,""type"":""Polygon"",""coordinates"":[[[76.19687356943219,30.201858233692572],[76.25808364908364,30.201858233692572],[76.25808364908364,30.26146597984663],[76.19687356943219,30.26146597984663],[76.19687356943219,30.201858233692572]]]}"
11_39,76.3192937287351,1933.5963969855968,30.26146597984663,30.201858233692572,76.25808364908364,"{""geodesic"":false,""type"":""Polygon"",""coordinates"":[[[76.25808364908364,30.201858233692572],[76.3192937287351,30.201858233692572],[76.3192937287351,30.26146597984663],[76.25808364908364,30.26146597984663],[76.25808364908364,30.201858233692572]]]}"
11_40,76.38050380838656,1933.0936917715303,30.26146597984663,30.201858233692572,76.3192937287351,"{""geodesic"":false,""type"":""Polygon"",""coordinates"":[[[76.3192937287351,30.201858233692572],[76.38050380838656,30.201858233692572],[76.38050380838656,30.26146597984663],[76.3192937287351,30.26146597984663],[76.3192937287351,30.201858233692572]]]}"
11_41,76.44171388803802,1932.4324797805218,30.26146597984663,30.201858233692572,76.38050380838656,"{""geodesic"":false,""type"":""Polygon"",""coordinates"":[[[76.38050380838656,30.201858233692572],[76.44171388803802,30.201858233692572],[76.44171388803802,30.26146597984663],[76.38050380838656,30.26146597984663],[76.38050380838656,30.201858233692572]]]}"
11_42,76.5029239676895,1933.8237204303584,30.26146597984663,30.201858233692572,76.44171388803804,"{""geodesic"":false,""type"":""Polygon"",""coordinates"":[[[76.44171388803804,30.201858233692572],[76.5029239676895,30.201858233692572],[76.5029239676895,30.26146597984663],[76.44171388803804,30.26146597984663],[76.44171388803804,30.201858233692572]]]}"
11_43,76.56413404734096,1933.4772092678459,30.26146597984663,30.201858233692572,76.5029239676895,"{""geodesic"":false,""type"":""Polygon"",""coordinates"":[[[76.5029239676895,30.201858233692572],[76.56413404734096,30.201858233692572],[76.56413404734096,30.26146597984663],[76.5029239676895,30.26146597984663],[76.5029239676895,30.201858233692572]]]}"
11_44,76.62534412699242,1933.2487526206507,30.26146597984663,30.201858233692572,76.56413404734096,"{""geodesic"":false,""type"":""Polygon"",""coordinates"":[[[76.56413404734096,30.201858233692572],[76.62534412699242,30.201858233692572],[76.62534412699242,30.26146597984663],[76.56413404734096,30.26146597984663],[76.56413404734096,30.201858233692572]]]}"
11_45,76.68655420664388,1935.4513977372824,30.26146597984663,30.201858233692572,76.62534412699242,"{""geodesic"":false,""type"":""Polygon"",""coordinates"":[[[76.62534412699242,30.201858233692572],[76.68655420664388,30.201858233692572],[76.68655420664388,30.26146597984663],[76.62534412699242,30.26146597984663],[76.62534412699242,30.201858233692572]]]}"
12_0,73.93210062232815,1939.7644210610667,30.321073726000687,30.26146597984663,73.87089054267669,"{""geodesic"":false,""type"":""Polygon"",""coordinates"":[[[73.87089054267669,30.26146597984663],[73.93210062232815,30.26146597984663],[73.93210062232815,30.321073726000687],[73.87089054267669,30.321073726000687],[73.87089054267669,30.26146597984663]]]}"
12_1,73.99331070197961,1936.9355810867673,30.321073726000687,30.26146597984663,73.93210062232815,"{""geodesic"":false,""type"":""Polygon"",""coordinates"":[[[73.93210062232815,30.26146597984663],[73.99331070197961,30.26146597984663],[73.99331070197961,30.321073726000687],[73.93210062232815,30.321073726000687],[73.93210062232815,30.26146597984663]]]}"
12_2,74.05452078163107,1933.1102966974174,30.321073726000687,30.26146597984663,73.99331070197961,"{""geodesic"":false,""type"":""Polygon"",""coordinates"":[[[73.99331070197961,30.26146597984663],[74.05452078163107,30.26146597984663],[74.05452078163107,30.321073726000687],[73.99331070197961,30.321073726000687],[73.99331070197961,30.26146597984663]]]}"
12_3,74.11573086128253,1932.921370292472,30.321073726000687,30.26146597984663,74.05452078163107,"{""geodesic"":false,""type"":""Polygon"",""coordinates"":[[[74.05452078163107,30.26146597984663],[74.11573086128253,30.26146597984663],[74.11573086128253,30.321073726000687],[74.05452078163107,30.321073726000687],[74.05452078163107,30.26146597984663]]]}"
12_4,74.17694094093399,1933.8924278603565,30.321073726000687,30.26146597984663,74.11573086128253,"{""geodesic"":false,""type"":""Polygon"",""coordinates"":[[[74.11573086128253,30.26146597984663],[74.17694094093399,30.26146597984663],[74.17694094093399,30.321073726000687],[74.11573086128253,30.321073726000687],[74.11573086128253,30.26146597984663]]]}"
12_5,74.23815102058545,1933.3599930697105,30.321073726000687,30.26146597984663,74.17694094093399,"{""geodesic"":false,""type"":""Polygon"",""coordinates"":[[[74.17694094093399,30.26146597984663],[74.23815102058545,30.26146597984663],[74.23815102058545,30.321073726000687],[74.17694094093399,30.321073726000687],[74.17694094093399,30.26146597984663]]]}"
12_6,74.29936110023691,1932.982540052086,30.321073726000687,30.26146597984663,74.23815102058545,"{""geodesic"":false,""type"":""Polygon"",""coordinates"":[[[74.23815102058545,30.26146597984663],[74.29936110023691,30.26146597984663],[74.29936110023691,30.321073726000687],[74.23815102058545,30.321073726000687],[74.23815102058545,30.26146597984663]]]}"
12_7,74.36057117988837,1934.9485916096996,30.321073726000687,30.26146597984663,74.29936110023691,"{""geodesic"":false,""type"":""Polygon"",""coordinates"":[[[74.29936110023691,30.26146597984663],[74.36057117988837,30.26146597984663],[74.36057117988837,30.321073726000687],[74.29936110023691,30.321073726000687],[74.29936110023691,30.26146597984663]]]}"
12_8,74.42178125953983,1935.419288664028,30.321073726000687,30.26146597984663,74.36057117988837,"{""geodesic"":false,""type"":""Polygon"",""coordinates"":[[[74.36057117988837,30.26146597984663],[74.42178125953983,30.26146597984663],[74.42178125953983,30.321073726000687],[74.36057117988837,30.321073726000687],[74.36057117988837,30.26146597984663]]]}"
12_9,74.4829913391913,1933.4737669991155,30.321073726000687,30.26146597984663,74.42178125953984,"{""geodesic"":false,""type"":""Polygon"",""coordinates"":[[[74.42178125953984,30.26146597984663],[74.4829913391913,30.26146597984663],[74.4829913391913,30.321073726000687],[74.42178125953984,30.321073726000687],[74.42178125953984,30.26146597984663]]]}"
12_10,74.54420141884276,1932.8033390543512,30.321073726000687,30.26146597984663,74.4829913391913,"{""geodesic"":false,""type"":""Polygon"",""coordinates"":[[[74.4829913391913,30.26146597984663],[74.54420141884276,30.26146597984663],[74.54420141884276,30.321073726000687],[74.4829913391913,30.321073726000687],[74.4829913391913,30.26146597984663]]]}"
12_11,74.60541149849422,1933.3778280822144,30.321073726000687,30.26146597984663,74.54420141884276,"{""geodesic"":false,""type"":""Polygon"",""coordinates"":[[[74.54420141884276,30.26146597984663],[74.60541149849422,30.26146597984663],[74.60541149849422,30.321073726000687],[74.54420141884276,30.321073726000687],[74.54420141884276,30.26146597984663]]]}"
12_12,74.66662157814568,1933.4806187761844,30.321073726000687,30.26146597984663,74.60541149849422,"{""geodesic"":false,""type"":""Polygon"",""coordinates"":[[[74.60541149849422,30.26146597984663],[74.66662157814568,30.26146597984663],[74.66662157814568,30.321073726000687],[74.60541149849422,30.321073726000687],[74.60541149849422,30.26146597984663]]]}"
12_13,74.72783165779714,1932.618362120829,30.321073726000687,30.26146597984663,74.66662157814568,"{""geodesic"":false,""type"":""Polygon"",""coordinates"":[[[74.66662157814568,30.26146597984663],[74.72783165779714,30.26146597984663],[74.72783165779714,30.321073726000687],[74.66662157814568,30.321073726000687],[74.66662157814568,30.26146597984663]]]}"
12_14,74.7890417374486,1931.0979980043446,30.321073726000687,30.26146597984663,74.72783165779714,"{""geodesic"":false,""type"":""Polygon"",""coordinates"":[[[74.72783165779714,30.26146597984663],[74.7890417374486,30.26146597984663],[74.7890417374486,30.321073726000687],[74.72783165779714,30.321073726000687],[74.72783165779714,30.26146597984663]]]}"
12_15,74.85025181710006,1931.065142288735,30.321073726000687,30.26146597984663,74.7890417374486,"{""geodesic"":false,""type"":""Polygon"",""coordinates"":[[[74.7890417374486,30.26146597984663],[74.85025181710006,30.26146597984663],[74.85025181710006,30.321073726000687],[74.7890417374486,30.321073726000687],[74.7890417374486,30.26146597984663]]]}"
12_16,74.91146189675152,1932.3858202757626,30.321073726000687,30.26146597984663,74.85025181710006,"{""geodesic"":false,""type"":""Polygon"",""coordinates"":[[[74.85025181710006,30.26146597984663],[74.91146189675152,30.26146597984663],[74.91146189675152,30.321073726000687],[74.85025181710006,30.321073726000687],[74.85025181710006,30.26146597984663]]]}"
12_17,74.97267197640298,1931.9384429474678,30.321073726000687,30.26146597984663,74.91146189675152,"{""geodesic"":false,""type"":""Polygon"",""coordinates"":[[[74.91146189675152,30.26146597984663],[74.97267197640298,30.26146597984663],[74.97267197640298,30.321073726000687],[74.91146189675152,30.321073726000687],[74.91146189675152,30.26146597984663]]]}"
12_18,75.03388205605444,1932.7574126560485,30.321073726000687,30.26146597984663,74.97267197640298,"{""geodesic"":false,""type"":""Polygon"",""coordinates"":[[[74.97267197640298,30.26146597984663],[75.03388205605444,30.26146597984663],[75.03388205605444,30.321073726000687],[74.97267197640298,30.321073726000687],[74.97267197640298,30.26146597984663]]]}"
12_19,75.0950921357059,1933.700827587223,30.321073726000687,30.26146597984663,75.03388205605444,"{""geodesic"":false,""type"":""Polygon"",""coordinates"":[[[75.03388205605444,30.26146597984663],[75.0950921357059,30.26146597984663],[75.0950921357059,30.321073726000687],[75.03388205605444,30.321073726000687],[75.03388205605444,30.26146597984663]]]}"
12_20,75.15630221535736,1933.4691606340514,30.321073726000687,30.26146597984663,75.0950921357059,"{""geodesic"":false,""type"":""Polygon"",""coordinates"":[[[75.0950921357059,30.26146597984663],[75.15630221535736,30.26146597984663],[75.15630221535736,30.321073726000687],[75.0950921357059,30.321073726000687],[75.0950921357059,30.26146597984663]]]}"
12_21,75.21751229500882,1933.406252983809,30.321073726000687,30.26146597984663,75.15630221535736,"{""geodesic"":false,""type"":""Polygon"",""coordinates"":[[[75.15630221535736,30.26146597984663],[75.21751229500882,30.26146597984663],[75.21751229500882,30.321073726000687],[75.15630221535736,30.321073726000687],[75.15630221535736,30.26146597984663]]]}"
12_22,75.27872237466028,1934.1944593534795,30.321073726000687,30.26146597984663,75.21751229500882,"{""geodesic"":false,""type"":""Polygon"",""coordinates"":[[[75.21751229500882,30.26146597984663],[75.27872237466028,30.26146597984663],[75.27872237466028,30.321073726000687],[75.21751229500882,30.321073726000687],[75.21751229500882,30.26146597984663]]]}"
12_23,75.33993245431174,1933.7568314873713,30.321073726000687,30.26146597984663,75.27872237466028,"{""geodesic"":false,""type"":""Polygon"",""coordinates"":[[[75.27872237466028,30.26146597984663],[75.33993245431174,30.26146597984663],[75.33993245431174,30.321073726000687],[75.27872237466028,30.321073726000687],[75.27872237466028,30.26146597984663]]]}"
12_24,75.4011425339632,1932.4201376326353,30.321073726000687,30.26146597984663,75.33993245431174,"{""geodesic"":false,""type"":""Polygon"",""coordinates"":[[[75.33993245431174,30.26146597984663],[75.4011425339632,30.26146597984663],[75.4011425339632,30.321073726000687],[75.33993245431174,30.321073726000687],[75.33993245431174,30.26146597984663]]]}"
12_25,75.46235261361466,1932.4201989891906,30.321073726000687,30.26146597984663,75.4011425339632,"{""geodesic"":false,""type"":""Polygon"",""coordinates"":[[[75.4011425339632,30.26146597984663],[75.46235261361466,30.26146597984663],[75.46235261361466,30.321073726000687],[75.4011425339632,30.321073726000687],[75.4011425339632,30.26146597984663]]]}"
12_26,75.52356269326613,1934.341683440108,30.321073726000687,30.26146597984663,75.46235261361467,"{""geodesic"":false,""type"":""Polygon"",""coordinates"":[[[75.46235261361467,30.26146597984663],[75.52356269326613,30.26146597984663],[75.52356269326613,30.321073726000687],[75.46235261361467,30.321073726000687],[75.46235261361467,30.26146597984663]]]}"
12_27,75.58477277291759,1932.4660679646745,30.321073726000687,30.26146597984663,75.52356269326613,"{""geodesic"":false,""type"":""Polygon"",""coordinates"":[[[75.52356269326613,30.26146597984663],[75.58477277291759,30.26146597984663],[75.58477277291759,30.321073726000687],[75.52356269326613,30.321073726000687],[75.52356269326613,30.26146597984663]]]}"
12_28,75.64598285256905,1932.03323521324,30.321073726000687,30.26146597984663,75.58477277291759,"{""geodesic"":false,""type"":""Polygon"",""coordinates"":[[[75.58477277291759,30.26146597984663],[75.64598285256905,30.26146597984663],[75.64598285256905,30.321073726000687],[75.58477277291759,30.321073726000687],[75.58477277291759,30.26146597984663]]]}"
12_29,75.70719293222051,1932.518231172694,30.321073726000687,30.26146597984663,75.64598285256905,"{""geodesic"":false,""type"":""Polygon"",""coordinates"":[[[75.64598285256905,30.26146597984663],[75.70719293222051,30.26146597984663],[75.70719293222051,30.321073726000687],[75.64598285256905,30.321073726000687],[75.64598285256905,30.26146597984663]]]}"
12_30,75.76840301187197,1934.6216304469299,30.321073726000687,30.26146597984663,75.70719293222051,"{""geodesic"":false,""type"":""Polygon"",""coordinates"":[[[75.70719293222051,30.26146597984663],[75.76840301187197,30.26146597984663],[75.76840301187197,30.321073726000687],[75.70719293222051,30.321073726000687],[75.70719293222051,30.26146597984663]]]}"
12_31,75.82961309152343,1935.360900647408,30.321073726000687,30.26146597984663,75.76840301187197,"{""geodesic"":false,""type"":""Polygon"",""coordinates"":[[[75.76840301187197,30.26146597984663],[75.82961309152343,30.26146597984663],[75.82961309152343,30.321073726000687],[75.76840301187197,30.321073726000687],[75.76840301187197,30.26146597984663]]]}"
12_32,75.89082317117489,1934.577492139183,30.321073726000687,30.26146597984663,75.82961309152343,"{""geodesic"":false,""type"":""Polygon"",""coordinates"":[[[75.82961309152343,30.26146597984663],[75.89082317117489,30.26146597984663],[75.89082317117489,30.321073726000687],[75.82961309152343,30.321073726000687],[75.82961309152343,30.26146597984663]]]}"
12_33,75.95203325082635,1933.97103092215,30.321073726000687,30.26146597984663,75.89082317117489,"{""geodesic"":false,""type"":""Polygon"",""coordinates"":[[[75.89082317117489,30.26146597984663],[75.95203325082635,30.26146597984663],[75.95203325082635,30.321073726000687],[75.89082317117489,30.321073726000687],[75.89082317117489,30.26146597984663]]]}"
12_34,76.0132433304778,1933.890191675471,30.321073726000687,30.26146597984663,75.95203325082635,"{""geodesic"":false,""type"":""Polygon"",""coordinates"":[[[75.95203325082635,30.26146597984663],[76.0132433304778,30.26146597984663],[76.0132433304778,30.321073726000687],[75.95203325082635,30.321073726000687],[75.95203325082635,30.26146597984663]]]}"
12_35,76.07445341012927,1934.1740501891652,30.321073726000687,30.26146597984663,76.0132433304778,"{""geodesic"":false,""type"":""Polygon"",""coordinates"":[[[76.0132433304778,30.26146597984663],[76.07445341012927,30.26146597984663],[76.07445341012927,30.321073726000687],[76.0132433304778,30.321073726000687],[76.0132433304778,30.26146597984663]]]}"
12_36,76.13566348978073,1932.319063860882,30.321073726000687,30.26146597984663,76.07445341012927,"{""geodesic"":false,""type"":""Polygon"",""coordinates"":[[[76.07445341012927,30.26146597984663],[76.13566348978073,30.26146597984663],[76.13566348978073,30.321073726000687],[76.07445341012927,30.321073726000687],[76.07445341012927,30.26146597984663]]]}"
12_37,76.19687356943219,1934.039185895277,30.321073726000687,30.26146597984663,76.13566348978073,"{""geodesic"":false,""type"":""Polygon"",""coordinates"":[[[76.13566348978073,30.26146597984663],[76.19687356943219,30.26146597984663],[76.19687356943219,30.321073726000687],[76.13566348978073,30.321073726000687],[76.13566348978073,30.26146597984663]]]}"
12_38,76.25808364908364,1935.8998980248755,30.321073726000687,30.26146597984663,76.19687356943219,"{""geodesic"":false,""type"":""Polygon"",""coordinates"":[[[76.19687356943219,30.26146597984663],[76.25808364908364,30.26146597984663],[76.25808364908364,30.321073726000687],[76.19687356943219,30.321073726000687],[76.19687356943219,30.26146597984663]]]}"
12_39,76.3192937287351,1935.539962667541,30.321073726000687,30.26146597984663,76.25808364908364,"{""geodesic"":false,""type"":""Polygon"",""coordinates"":[[[76.25808364908364,30.26146597984663],[76.3192937287351,30.26146597984663],[76.3192937287351,30.321073726000687],[76.25808364908364,30.321073726000687],[76.25808364908364,30.26146597984663]]]}"
12_40,76.38050380838656,1935.3397131472586,30.321073726000687,30.26146597984663,76.3192937287351,"{""geodesic"":false,""type"":""Polygon"",""coordinates"":[[[76.3192937287351,30.26146597984663],[76.38050380838656,30.26146597984663],[76.38050380838656,30.321073726000687],[76.3192937287351,30.321073726000687],[76.3192937287351,30.26146597984663]]]}"
12_41,76.44171388803802,1934.9636291651948,30.321073726000687,30.26146597984663,76.38050380838656,"{""geodesic"":false,""type"":""Polygon"",""coordinates"":[[[76.38050380838656,30.26146597984663],[76.44171388803802,30.26146597984663],[76.44171388803802,30.321073726000687],[76.38050380838656,30.321073726000687],[76.38050380838656,30.26146597984663]]]}"
12_42,76.5029239676895,1935.399206524826,30.321073726000687,30.26146597984663,76.44171388803804,"{""geodesic"":false,""type"":""Polygon"",""coordinates"":[[[76.44171388803804,30.26146597984663],[76.5029239676895,30.26146597984663],[76.5029239676895,30.321073726000687],[76.44171388803804,30.321073726000687],[76.44171388803804,30.26146597984663]]]}"
12_43,76.56413404734096,1934.4299685204862,30.321073726000687,30.26146597984663,76.5029239676895,"{""geodesic"":false,""type"":""Polygon"",""coordinates"":[[[76.5029239676895,30.26146597984663],[76.56413404734096,30.26146597984663],[76.56413404734096,30.321073726000687],[76.5029239676895,30.321073726000687],[76.5029239676895,30.26146597984663]]]}"
12_44,76.62534412699242,1932.6716109998868,30.321073726000687,30.26146597984663,76.56413404734096,"{""geodesic"":false,""type"":""Polygon"",""coordinates"":[[[76.56413404734096,30.26146597984663],[76.62534412699242,30.26146597984663],[76.62534412699242,30.321073726000687],[76.56413404734096,30.321073726000687],[76.56413404734096,30.26146597984663]]]}"
12_45,76.68655420664388,1933.9240293571997,30.321073726000687,30.26146597984663,76.62534412699242,"{""geodesic"":false,""type"":""Polygon"",""coordinates"":[[[76.62534412699242,30.26146597984663],[76.68655420664388,30.26146597984663],[76.68655420664388,30.321073726000687],[76.62534412699242,30.321073726000687],[76.62534412699242,30.26146597984663]]]}"
13_0,73.93210062232815,1939.4330025797847,30.380681472154745,30.321073726000687,73.87089054267669,"{""geodesic"":false,""type"":""Polygon"",""coordinates"":[[[73.87089054267669,30.321073726000687],[73.93210062232815,30.321073726000687],[73.93210062232815,30.380681472154745],[73.87089054267669,30.380681472154745],[73.87089054267669,30.321073726000687]]]}"
13_1,73.99331070197961,1936.012470091932,30.380681472154745,30.321073726000687,73.93210062232815,"{""geodesic"":false,""type"":""Polygon"",""coordinates"":[[[73.93210062232815,30.321073726000687],[73.99331070197961,30.321073726000687],[73.99331070197961,30.380681472154745],[73.93210062232815,30.380681472154745],[73.93210062232815,30.321073726000687]]]}"
13_2,74.05452078163107,1934.3729777772287,30.380681472154745,30.321073726000687,73.99331070197961,"{""geodesic"":false,""type"":""Polygon"",""coordinates"":[[[73.99331070197961,30.321073726000687],[74.05452078163107,30.321073726000687],[74.05452078163107,30.380681472154745],[73.99331070197961,30.380681472154745],[73.99331070197961,30.321073726000687]]]}"
13_3,74.11573086128253,1933.450612884483,30.380681472154745,30.321073726000687,74.05452078163107,"{""geodesic"":false,""type"":""Polygon"",""coordinates"":[[[74.05452078163107,30.321073726000687],[74.11573086128253,30.321073726000687],[74.11573086128253,30.380681472154745],[74.05452078163107,30.380681472154745],[74.05452078163107,30.321073726000687]]]}"
13_4,74.17694094093399,1933.114055675726,30.380681472154745,30.321073726000687,74.11573086128253,"{""geodesic"":false,""type"":""Polygon"",""coordinates"":[[[74.11573086128253,30.321073726000687],[74.17694094093399,30.321073726000687],[74.17694094093399,30.380681472154745],[74.11573086128253,30.380681472154745],[74.11573086128253,30.321073726000687]]]}"
13_5,74.23815102058545,1933.914028432259,30.380681472154745,30.321073726000687,74.17694094093399,"{""geodesic"":false,""type"":""Polygon"",""coordinates"":[[[74.17694094093399,30.321073726000687],[74.23815102058545,30.321073726000687],[74.23815102058545,30.380681472154745],[74.17694094093399,30.380681472154745],[74.17694094093399,30.321073726000687]]]}"
13_6,74.29936110023691,1934.1447666122506,30.380681472154745,30.321073726000687,74.23815102058545,"{""geodesic"":false,""type"":""Polygon"",""coordinates"":[[[74.23815102058545,30.321073726000687],[74.29936110023691,30.321073726000687],[74.29936110023691,30.380681472154745],[74.23815102058545,30.380681472154745],[74.23815102058545,30.321073726000687]]]}"
13_7,74.36057117988837,1935.5174559850504,30.380681472154745,30.321073726000687,74.29936110023691,"{""geodesic"":false,""type"":""Polygon"",""coordinates"":[[[74.29936110023691,30.321073726000687],[74.36057117988837,30.321073726000687],[74.36057117988837,30.380681472154745],[74.29936110023691,30.380681472154745],[74.29936110023691,30.321073726000687]]]}"
13_8,74.42178125953983,1935.3757754425246,30.380681472154745,30.321073726000687,74.36057117988837,"{""geodesic"":false,""type"":""Polygon"",""coordinates"":[[[74.36057117988837,30.321073726000687],[74.42178125953983,30.321073726000687],[74.42178125953983,30.380681472154745],[74.36057117988837,30.380681472154745],[74.36057117988837,30.321073726000687]]]}"
13_9,74.4829913391913,1934.2050500992543,30.380681472154745,30.321073726000687,74.42178125953984,"{""geodesic"":false,""type"":""Polygon"",""coordinates"":[[[74.42178125953984,30.321073726000687],[74.4829913391913,30.321073726000687],[74.4829913391913,30.380681472154745],[74.42178125953984,30.380681472154745],[74.42178125953984,30.321073726000687]]]}"
13_10,74.54420141884276,1934.3361573106529,30.380681472154745,30.321073726000687,74.4829913391913,"{""geodesic"":false,""type"":""Polygon"",""coordinates"":[[[74.4829913391913,30.321073726000687],[74.54420141884276,30.321073726000687],[74.54420141884276,30.380681472154745],[74.4829913391913,30.380681472154745],[74.4829913391913,30.321073726000687]]]}"
13_11,74.60541149849422,1935.0090306890277,30.380681472154745,30.321073726000687,74.54420141884276,"{""geodesic"":false,""type"":""Polygon"",""coordinates"":[[[74.54420141884276,30.321073726000687],[74.60541149849422,30.321073726000687],[74.60541149849422,30.380681472154745],[74.54420141884276,30.380681472154745],[74.54420141884276,30.321073726000687]]]}"
13_12,74.66662157814568,1934.7179379642394,30.380681472154745,30.321073726000687,74.60541149849422,"{""geodesic"":false,""type"":""Polygon"",""coordinates"":[[[74.60541149849422,30.321073726000687],[74.66662157814568,30.321073726000687],[74.66662157814568,30.380681472154745],[74.60541149849422,30.380681472154745],[74.60541149849422,30.321073726000687]]]}"
13_13,74.72783165779714,1932.9607650975502,30.380681472154745,30.321073726000687,74.66662157814568,"{""geodesic"":false,""type"":""Polygon"",""coordinates"":[[[74.66662157814568,30.321073726000687],[74.72783165779714,30.321073726000687],[74.72783165779714,30.380681472154745],[74.66662157814568,30.380681472154745],[74.66662157814568,30.321073726000687]]]}"
13_14,74.7890417374486,1932.2661341118835,30.380681472154745,30.321073726000687,74.72783165779714,"{""geodesic"":false,""type"":""Polygon"",""coordinates"":[[[74.72783165779714,30.321073726000687],[74.7890417374486,30.321073726000687],[74.7890417374486,30.380681472154745],[74.72783165779714,30.380681472154745],[74.72783165779714,30.321073726000687]]]}"
13_15,74.85025181710006,1931.8889839853293,30.380681472154745,30.321073726000687,74.7890417374486,"{""geodesic"":false,""type"":""Polygon"",""coordinates"":[[[74.7890417374486,30.321073726000687],[74.85025181710006,30.321073726000687],[74.85025181710006,30.380681472154745],[74.7890417374486,30.380681472154745],[74.7890417374486,30.321073726000687]]]}"
13_16,74.91146189675152,1932.153238991155,30.380681472154745,30.321073726000687,74.85025181710006,"{""geodesic"":false,""type"":""Polygon"",""coordinates"":[[[74.85025181710006,30.321073726000687],[74.91146189675152,30.321073726000687],[74.91146189675152,30.380681472154745],[74.85025181710006,30.380681472154745],[74.85025181710006,30.321073726000687]]]}"
13_17,74.97267197640298,1933.1674920124308,30.380681472154745,30.321073726000687,74.91146189675152,"{""geodesic"":false,""type"":""Polygon"",""coordinates"":[[[74.91146189675152,30.321073726000687],[74.97267197640298,30.321073726000687],[74.97267197640298,30.380681472154745],[74.91146189675152,30.380681472154745],[74.91146189675152,30.321073726000687]]]}"
13_18,75.03388205605444,1934.3544837305233,30.380681472154745,30.321073726000687,74.97267197640298,"{""geodesic"":false,""type"":""Polygon"",""coordinates"":[[[74.97267197640298,30.321073726000687],[75.03388205605444,30.321073726000687],[75.03388205605444,30.380681472154745],[74.97267197640298,30.380681472154745],[74.97267197640298,30.321073726000687]]]}"
13_19,75.0950921357059,1934.6034130403327,30.380681472154745,30.321073726000687,75.03388205605444,"{""geodesic"":false,""type"":""Polygon"",""coordinates"":[[[75.03388205605444,30.321073726000687],[75.0950921357059,30.321073726000687],[75.0950921357059,30.380681472154745],[75.03388205605444,30.380681472154745],[75.03388205605444,30.321073726000687]]]}"
13_20,75.15630221535736,1933.4348118525625,30.380681472154745,30.321073726000687,75.0950921357059,"{""geodesic"":false,""type"":""Polygon"",""coordinates"":[[[75.0950921357059,30.321073726000687],[75.15630221535736,30.321073726000687],[75.15630221535736,30.380681472154745],[75.0950921357059,30.380681472154745],[75.0950921357059,30.321073726000687]]]}"
13_21,75.21751229500882,1933.0146621757967,30.380681472154745,30.321073726000687,75.15630221535736,"{""geodesic"":false,""type"":""Polygon"",""coordinates"":[[[75.15630221535736,30.321073726000687],[75.21751229500882,30.321073726000687],[75.21751229500882,30.380681472154745],[75.15630221535736,30.380681472154745],[75.15630221535736,30.321073726000687]]]}"
13_22,75.27872237466028,1934.068770121354,30.380681472154745,30.321073726000687,75.21751229500882,"{""geodesic"":false,""type"":""Polygon"",""coordinates"":[[[75.21751229500882,30.321073726000687],[75.27872237466028,30.321073726000687],[75.27872237466028,30.380681472154745],[75.21751229500882,30.380681472154745],[75.21751229500882,30.321073726000687]]]}"
13_23,75.33993245431174,1932.5412342838167,30.380681472154745,30.321073726000687,75.27872237466028,"{""geodesic"":false,""type"":""Polygon"",""coordinates"":[[[75.27872237466028,30.321073726000687],[75.33993245431174,30.321073726000687],[75.33993245431174,30.380681472154745],[75.27872237466028,30.380681472154745],[75.27872237466028,30.321073726000687]]]}"
13_24,75.4011425339632,1931.6919694461556,30.380681472154745,30.321073726000687,75.33993245431174,"{""geodesic"":false,""type"":""Polygon"",""coordinates"":[[[75.33993245431174,30.321073726000687],[75.4011425339632,30.321073726000687],[75.4011425339632,30.380681472154745],[75.33993245431174,30.380681472154745],[75.33993245431174,30.321073726000687]]]}"
13_25,75.46235261361466,1932.4353426584294,30.380681472154745,30.321073726000687,75.4011425339632,"{""geodesic"":false,""type"":""Polygon"",""coordinates"":[[[75.4011425339632,30.321073726000687],[75.46235261361466,30.321073726000687],[75.46235261361466,30.380681472154745],[75.4011425339632,30.380681472154745],[75.4011425339632,30.321073726000687]]]}"
13_26,75.52356269326613,1936.122505655162,30.380681472154745,30.321073726000687,75.46235261361467,"{""geodesic"":false,""type"":""Polygon"",""coordinates"":[[[75.46235261361467,30.321073726000687],[75.52356269326613,30.321073726000687],[75.52356269326613,30.380681472154745],[75.46235261361467,30.380681472154745],[75.46235261361467,30.321073726000687]]]}"
13_27,75.58477277291759,1935.0658995611052,30.380681472154745,30.321073726000687,75.52356269326613,"{""geodesic"":false,""type"":""Polygon"",""coordinates"":[[[75.52356269326613,30.321073726000687],[75.58477277291759,30.321073726000687],[75.58477277291759,30.380681472154745],[75.52356269326613,30.380681472154745],[75.52356269326613,30.321073726000687]]]}"
13_28,75.64598285256905,1933.304469765295,30.380681472154745,30.321073726000687,75.58477277291759,"{""geodesic"":false,""type"":""Polygon"",""coordinates"":[[[75.58477277291759,30.321073726000687],[75.64598285256905,30.321073726000687],[75.64598285256905,30.380681472154745],[75.58477277291759,30.380681472154745],[75.58477277291759,30.321073726000687]]]}"
13_29,75.70719293222051,1933.704691036478,30.380681472154745,30.321073726000687,75.64598285256905,"{""geodesic"":false,""type"":""Polygon"",""coordinates"":[[[75.64598285256905,30.321073726000687],[75.70719293222051,30.321073726000687],[75.70719293222051,30.380681472154745],[75.64598285256905,30.380681472154745],[75.64598285256905,30.321073726000687]]]}"
13_30,75.76840301187197,1936.0253850601505,30.380681472154745,30.321073726000687,75.70719293222051,"{""geodesic"":false,""type"":""Polygon"",""coordinates"":[[[75.70719293222051,30.321073726000687],[75.76840301187197,30.321073726000687],[75.76840301187197,30.380681472154745],[75.70719293222051,30.380681472154745],[75.70719293222051,30.321073726000687]]]}"
13_31,75.82961309152343,1936.635842527829,30.380681472154745,30.321073726000687,75.76840301187197,"{""geodesic"":false,""type"":""Polygon"",""coordinates"":[[[75.76840301187197,30.321073726000687],[75.82961309152343,30.321073726000687],[75.82961309152343,30.380681472154745],[75.76840301187197,30.380681472154745],[75.76840301187197,30.321073726000687]]]}"
13_32,75.89082317117489,1935.9081864552534,30.380681472154745,30.321073726000687,75.82961309152343,"{""geodesic"":false,""type"":""Polygon"",""coordinates"":[[[75.82961309152343,30.321073726000687],[75.89082317117489,30.321073726000687],[75.89082317117489,30.380681472154745],[75.82961309152343,30.380681472154745],[75.82961309152343,30.321073726000687]]]}"
13_33,75.95203325082635,1935.415495876539,30.380681472154745,30.321073726000687,75.89082317117489,"{""geodesic"":false,""type"":""Polygon"",""coordinates"":[[[75.89082317117489,30.321073726000687],[75.95203325082635,30.321073726000687],[75.95203325082635,30.380681472154745],[75.89082317117489,30.380681472154745],[75.89082317117489,30.321073726000687]]]}"
13_34,76.0132433304778,1934.8840993270405,30.380681472154745,30.321073726000687,75.95203325082635,"{""geodesic"":false,""type"":""Polygon"",""coordinates"":[[[75.95203325082635,30.321073726000687],[76.0132433304778,30.321073726000687],[76.0132433304778,30.380681472154745],[75.95203325082635,30.380681472154745],[75.95203325082635,30.321073726000687]]]}"
13_35,76.07445341012927,1934.263358350942,30.380681472154745,30.321073726000687,76.0132433304778,"{""geodesic"":false,""type"":""Polygon"",""coordinates"":[[[76.0132433304778,30.321073726000687],[76.07445341012927,30.321073726000687],[76.07445341012927,30.380681472154745],[76.0132433304778,30.380681472154745],[76.0132433304778,30.321073726000687]]]}"
13_36,76.13566348978073,1932.6470065439148,30.380681472154745,30.321073726000687,76.07445341012927,"{""geodesic"":false,""type"":""Polygon"",""coordinates"":[[[76.07445341012927,30.321073726000687],[76.13566348978073,30.321073726000687],[76.13566348978073,30.380681472154745],[76.07445341012927,30.380681472154745],[76.07445341012927,30.321073726000687]]]}"
13_37,76.19687356943219,1933.7078715054627,30.380681472154745,30.321073726000687,76.13566348978073,"{""geodesic"":false,""type"":""Polygon"",""coordinates"":[[[76.13566348978073,30.321073726000687],[76.19687356943219,30.321073726000687],[76.19687356943219,30.380681472154745],[76.13566348978073,30.380681472154745],[76.13566348978073,30.321073726000687]]]}"
13_38,76.25808364908364,1934.103163517866,30.380681472154745,30.321073726000687,76.19687356943219,"{""geodesic"":false,""type"":""Polygon"",""coordinates"":[[[76.19687356943219,30.321073726000687],[76.25808364908364,30.321073726000687],[76.25808364908364,30.380681472154745],[76.19687356943219,30.380681472154745],[76.19687356943219,30.321073726000687]]]}"
13_39,76.3192937287351,1933.798238568267,30.380681472154745,30.321073726000687,76.25808364908364,"{""geodesic"":false,""type"":""Polygon"",""coordinates"":[[[76.25808364908364,30.321073726000687],[76.3192937287351,30.321073726000687],[76.3192937287351,30.380681472154745],[76.25808364908364,30.380681472154745],[76.25808364908364,30.321073726000687]]]}"
13_40,76.38050380838656,1935.6918338922421,30.380681472154745,30.321073726000687,76.3192937287351,"{""geodesic"":false,""type"":""Polygon"",""coordinates"":[[[76.3192937287351,30.321073726000687],[76.38050380838656,30.321073726000687],[76.38050380838656,30.380681472154745],[76.3192937287351,30.380681472154745],[76.3192937287351,30.321073726000687]]]}"
13_41,76.44171388803802,1936.4967094846795,30.380681472154745,30.321073726000687,76.38050380838656,"{""geodesic"":false,""type"":""Polygon"",""coordinates"":[[[76.38050380838656,30.321073726000687],[76.44171388803802,30.321073726000687],[76.44171388803802,30.380681472154745],[76.38050380838656,30.380681472154745],[76.38050380838656,30.321073726000687]]]}"
13_42,76.5029239676895,1935.9043905927294,30.380681472154745,30.321073726000687,76.44171388803804,"{""geodesic"":false,""type"":""Polygon"",""coordinates"":[[[76.44171388803804,30.321073726000687],[76.5029239676895,30.321073726000687],[76.5029239676895,30.380681472154745],[76.44171388803804,30.380681472154745],[76.44171388803804,30.321073726000687]]]}"
13_43,76.56413404734096,1934.516079149915,30.380681472154745,30.321073726000687,76.5029239676895,"{""geodesic"":false,""type"":""Polygon"",""coordinates"":[[[76.5029239676895,30.321073726000687],[76.56413404734096,30.321073726000687],[76.56413404734096,30.380681472154745],[76.5029239676895,30.380681472154745],[76.5029239676895,30.321073726000687]]]}"
13_44,76.62534412699242,1932.519823469307,30.380681472154745,30.321073726000687,76.56413404734096,"{""geodesic"":false,""type"":""Polygon"",""coordinates"":[[[76.56413404734096,30.321073726000687],[76.62534412699242,30.321073726000687],[76.62534412699242,30.380681472154745],[76.56413404734096,30.380681472154745],[76.56413404734096,30.321073726000687]]]}"
13_45,76.68655420664388,1933.4546564872403,30.380681472154745,30.321073726000687,76.62534412699242,"{""geodesic"":false,""type"":""Polygon"",""coordinates"":[[[76.62534412699242,30.321073726000687],[76.68655420664388,30.321073726000687],[76.68655420664388,30.380681472154745],[76.62534412699242,30.380681472154745],[76.62534412699242,30.321073726000687]]]}"
13_46,76.74776428629534,1932.8890823602055,30.380681472154745,30.321073726000687,76.68655420664388,"{""geodesic"":false,""type"":""Polygon"",""coordinates"":[[[76.68655420664388,30.321073726000687],[76.74776428629534,30.321073726000687],[76.74776428629534,30.380681472154745],[76.68655420664388,30.380681472154745],[76.68655420664388,30.321073726000687]]]}"
13_49,76.93139452524971,1935.0358874902424,30.380681472154745,30.321073726000687,76.87018444559826,"{""geodesic"":false,""type"":""Polygon"",""coordinates"":[[[76.87018444559826,30.321073726000687],[76.93139452524971,30.321073726000687],[76.93139452524971,30.380681472154745],[76.87018444559826,30.380681472154745],[76.87018444559826,30.321073726000687]]]}"
14_0,73.93210062232815,1939.4639966388486,30.440289218308802,30.380681472154745,73.87089054267669,"{""geodesic"":false,""type"":""Polygon"",""coordinates"":[[[73.87089054267669,30.380681472154745],[73.93210062232815,30.380681472154745],[73.93210062232815,30.440289218308802],[73.87089054267669,30.440289218308802],[73.87089054267669,30.380681472154745]]]}"
14_1,73.99331070197961,1937.0813613555451,30.440289218308802,30.380681472154745,73.93210062232815,"{""geodesic"":false,""type"":""Polygon"",""coordinates"":[[[73.93210062232815,30.380681472154745],[73.99331070197961,30.380681472154745],[73.99331070197961,30.440289218308802],[73.93210062232815,30.440289218308802],[73.93210062232815,30.380681472154745]]]}"
14_2,74.05452078163107,1935.9254100166831,30.440289218308802,30.380681472154745,73.99331070197961,"{""geodesic"":false,""type"":""Polygon"",""coordinates"":[[[73.99331070197961,30.380681472154745],[74.05452078163107,30.380681472154745],[74.05452078163107,30.440289218308802],[73.99331070197961,30.440289218308802],[73.99331070197961,30.380681472154745]]]}"
14_3,74.11573086128253,1934.8924605510404,30.440289218308802,30.380681472154745,74.05452078163107,"{""geodesic"":false,""type"":""Polygon"",""coordinates"":[[[74.05452078163107,30.380681472154745],[74.11573086128253,30.380681472154745],[74.11573086128253,30.440289218308802],[74.05452078163107,30.440289218308802],[74.05452078163107,30.380681472154745]]]}"
14_4,74.17694094093399,1934.4352490188924,30.440289218308802,30.380681472154745,74.11573086128253,"{""geodesic"":false,""type"":""Polygon"",""coordinates"":[[[74.11573086128253,30.380681472154745],[74.17694094093399,30.380681472154745],[74.17694094093399,30.440289218308802],[74.11573086128253,30.440289218308802],[74.11573086128253,30.380681472154745]]]}"
14_5,74.23815102058545,1934.0990048685758,30.440289218308802,30.380681472154745,74.17694094093399,"{""geodesic"":false,""type"":""Polygon"",""coordinates"":[[[74.17694094093399,30.380681472154745],[74.23815102058545,30.380681472154745],[74.23815102058545,30.440289218308802],[74.17694094093399,30.440289218308802],[74.17694094093399,30.380681472154745]]]}"
14_6,74.29936110023691,1934.9069304019308,30.440289218308802,30.380681472154745,74.23815102058545,"{""geodesic"":false,""type"":""Polygon"",""coordinates"":[[[74.23815102058545,30.380681472154745],[74.29936110023691,30.380681472154745],[74.29936110023691,30.440289218308802],[74.23815102058545,30.440289218308802],[74.23815102058545,30.380681472154745]]]}"
14_7,74.36057117988837,1936.4753350849721,30.440289218308802,30.380681472154745,74.29936110023691,"{""geodesic"":false,""type"":""Polygon"",""coordinates"":[[[74.29936110023691,30.380681472154745],[74.36057117988837,30.380681472154745],[74.36057117988837,30.440289218308802],[74.29936110023691,30.440289218308802],[74.29936110023691,30.380681472154745]]]}"
14_8,74.42178125953983,1935.6890752555698,30.440289218308802,30.380681472154745,74.36057117988837,"{""geodesic"":false,""type"":""Polygon"",""coordinates"":[[[74.36057117988837,30.380681472154745],[74.42178125953983,30.380681472154745],[74.42178125953983,30.440289218308802],[74.36057117988837,30.440289218308802],[74.36057117988837,30.380681472154745]]]}"
14_9,74.4829913391913,1934.1119141507315,30.440289218308802,30.380681472154745,74.42178125953984,"{""geodesic"":false,""type"":""Polygon"",""coordinates"":[[[74.42178125953984,30.380681472154745],[74.4829913391913,30.380681472154745],[74.4829913391913,30.440289218308802],[74.42178125953984,30.440289218308802],[74.42178125953984,30.380681472154745]]]}"
14_10,74.54420141884276,1934.7941720340855,30.440289218308802,30.380681472154745,74.4829913391913,"{""geodesic"":false,""type"":""Polygon"",""coordinates"":[[[74.4829913391913,30.380681472154745],[74.54420141884276,30.380681472154745],[74.54420141884276,30.440289218308802],[74.4829913391913,30.440289218308802],[74.4829913391913,30.380681472154745]]]}"
14_11,74.60541149849422,1935.2910324312634,30.440289218308802,30.380681472154745,74.54420141884276,"{""geodesic"":false,""type"":""Polygon"",""coordinates"":[[[74.54420141884276,30.380681472154745],[74.60541149849422,30.380681472154745],[74.60541149849422,30.440289218308802],[74.54420141884276,30.440289218308802],[74.54420141884276,30.380681472154745]]]}"
14_12,74.66662157814568,1934.3244972755358,30.440289218308802,30.380681472154745,74.60541149849422,"{""geodesic"":false,""type"":""Polygon"",""coordinates"":[[[74.60541149849422,30.380681472154745],[74.66662157814568,30.380681472154745],[74.66662157814568,30.440289218308802],[74.60541149849422,30.440289218308802],[74.60541149849422,30.380681472154745]]]}"
14_13,74.72783165779714,1932.6923947753912,30.440289218308802,30.380681472154745,74.66662157814568,"{""geodesic"":false,""type"":""Polygon"",""coordinates"":[[[74.66662157814568,30.380681472154745],[74.72783165779714,30.380681472154745],[74.72783165779714,30.440289218308802],[74.66662157814568,30.440289218308802],[74.66662157814568,30.380681472154745]]]}"
14_14,74.7890417374486,1932.0830079149732,30.440289218308802,30.380681472154745,74.72783165779714,"{""geodesic"":false,""type"":""Polygon"",""coordinates"":[[[74.72783165779714,30.380681472154745],[74.7890417374486,30.380681472154745],[74.7890417374486,30.440289218308802],[74.72783165779714,30.440289218308802],[74.72783165779714,30.380681472154745]]]}"
14_15,74.85025181710006,1932.2408885667955,30.440289218308802,30.380681472154745,74.7890417374486,"{""geodesic"":false,""type"":""Polygon"",""coordinates"":[[[74.7890417374486,30.380681472154745],[74.85025181710006,30.380681472154745],[74.85025181710006,30.440289218308802],[74.7890417374486,30.440289218308802],[74.7890417374486,30.380681472154745]]]}"
14_16,74.91146189675152,1932.1351382110824,30.440289218308802,30.380681472154745,74.85025181710006,"{""geodesic"":false,""type"":""Polygon"",""coordinates"":[[[74.85025181710006,30.380681472154745],[74.91146189675152,30.380681472154745],[74.91146189675152,30.440289218308802],[74.85025181710006,30.440289218308802],[74.85025181710006,30.380681472154745]]]}"
14_17,74.97267197640298,1933.6462188665578,30.440289218308802,30.380681472154745,74.91146189675152,"{""geodesic"":false,""type"":""Polygon"",""coordinates"":[[[74.91146189675152,30.380681472154745],[74.97267197640298,30.380681472154745],[74.97267197640298,30.440289218308802],[74.91146189675152,30.440289218308802],[74.91146189675152,30.380681472154745]]]}"
14_18,75.03388205605444,1934.585840875644,30.440289218308802,30.380681472154745,74.97267197640298,"{""geodesic"":false,""type"":""Polygon"",""coordinates"":[[[74.97267197640298,30.380681472154745],[75.03388205605444,30.380681472154745],[75.03388205605444,30.440289218308802],[74.97267197640298,30.440289218308802],[74.97267197640298,30.380681472154745]]]}"
14_19,75.0950921357059,1934.550877148323,30.440289218308802,30.380681472154745,75.03388205605444,"{""geodesic"":false,""type"":""Polygon"",""coordinates"":[[[75.03388205605444,30.380681472154745],[75.0950921357059,30.380681472154745],[75.0950921357059,30.440289218308802],[75.03388205605444,30.440289218308802],[75.03388205605444,30.380681472154745]]]}"
14_20,75.15630221535736,1932.3298412568922,30.440289218308802,30.380681472154745,75.0950921357059,"{""geodesic"":false,""type"":""Polygon"",""coordinates"":[[[75.0950921357059,30.380681472154745],[75.15630221535736,30.380681472154745],[75.15630221535736,30.440289218308802],[75.0950921357059,30.440289218308802],[75.0950921357059,30.380681472154745]]]}"
14_21,75.21751229500882,1932.637776065897,30.440289218308802,30.380681472154745,75.15630221535736,"{""geodesic"":false,""type"":""Polygon"",""coordinates"":[[[75.15630221535736,30.380681472154745],[75.21751229500882,30.380681472154745],[75.21751229500882,30.440289218308802],[75.15630221535736,30.440289218308802],[75.15630221535736,30.380681472154745]]]}"
14_22,75.27872237466028,1933.6203341709413,30.440289218308802,30.380681472154745,75.21751229500882,"{""geodesic"":false,""type"":""Polygon"",""coordinates"":[[[75.21751229500882,30.380681472154745],[75.27872237466028,30.380681472154745],[75.27872237466028,30.440289218308802],[75.21751229500882,30.440289218308802],[75.21751229500882,30.380681472154745]]]}"
14_23,75.33993245431174,1931.680001875415,30.440289218308802,30.380681472154745,75.27872237466028,"{""geodesic"":false,""type"":""Polygon"",""coordinates"":[[[75.27872237466028,30.380681472154745],[75.33993245431174,30.380681472154745],[75.33993245431174,30.440289218308802],[75.27872237466028,30.440289218308802],[75.27872237466028,30.380681472154745]]]}"
14_24,75.4011425339632,1931.7338808372715,30.440289218308802,30.380681472154745,75.33993245431174,"{""geodesic"":false,""type"":""Polygon"",""coordinates"":[[[75.33993245431174,30.380681472154745],[75.4011425339632,30.380681472154745],[75.4011425339632,30.440289218308802],[75.33993245431174,30.440289218308802],[75.33993245431174,30.380681472154745]]]}"
14_25,75.46235261361466,1933.156142784171,30.440289218308802,30.380681472154745,75.4011425339632,"{""geodesic"":false,""type"":""Polygon"",""coordinates"":[[[75.4011425339632,30.380681472154745],[75.46235261361466,30.380681472154745],[75.46235261361466,30.440289218308802],[75.4011425339632,30.440289218308802],[75.4011425339632,30.380681472154745]]]}"
14_26,75.52356269326613,1934.4166092299565,30.440289218308802,30.380681472154745,75.46235261361467,"{""geodesic"":false,""type"":""Polygon"",""coordinates"":[[[75.46235261361467,30.380681472154745],[75.52356269326613,30.380681472154745],[75.52356269326613,30.440289218308802],[75.46235261361467,30.440289218308802],[75.46235261361467,30.380681472154745]]]}"
14_27,75.58477277291759,1933.9667722254615,30.440289218308802,30.380681472154745,75.52356269326613,"{""geodesic"":false,""type"":""Polygon"",""coordinates"":[[[75.52356269326613,30.380681472154745],[75.58477277291759,30.380681472154745],[75.58477277291759,30.440289218308802],[75.52356269326613,30.440289218308802],[75.52356269326613,30.380681472154745]]]}"
14_28,75.64598285256905,1933.6947564622217,30.440289218308802,30.380681472154745,75.58477277291759,"{""geodesic"":false,""type"":""Polygon"",""coordinates"":[[[75.58477277291759,30.380681472154745],[75.64598285256905,30.380681472154745],[75.64598285256905,30.440289218308802],[75.58477277291759,30.440289218308802],[75.58477277291759,30.380681472154745]]]}"
14_29,75.70719293222051,1934.8164000996019,30.440289218308802,30.380681472154745,75.64598285256905,"{""geodesic"":false,""type"":""Polygon"",""coordinates"":[[[75.64598285256905,30.380681472154745],[75.70719293222051,30.380681472154745],[75.70719293222051,30.440289218308802],[75.64598285256905,30.440289218308802],[75.64598285256905,30.380681472154745]]]}"
14_30,75.76840301187197,1936.1315081084679,30.440289218308802,30.380681472154745,75.70719293222051,"{""geodesic"":false,""type"":""Polygon"",""coordinates"":[[[75.70719293222051,30.380681472154745],[75.76840301187197,30.380681472154745],[75.76840301187197,30.440289218308802],[75.70719293222051,30.440289218308802],[75.70719293222051,30.380681472154745]]]}"
14_31,75.82961309152343,1935.639448321528,30.440289218308802,30.380681472154745,75.76840301187197,"{""geodesic"":false,""type"":""Polygon"",""coordinates"":[[[75.76840301187197,30.380681472154745],[75.82961309152343,30.380681472154745],[75.82961309152343,30.440289218308802],[75.76840301187197,30.440289218308802],[75.76840301187197,30.380681472154745]]]}"
14_32,75.89082317117489,1935.8856592924574,30.440289218308802,30.380681472154745,75.82961309152343,"{""geodesic"":false,""type"":""Polygon"",""coordinates"":[[[75.82961309152343,30.380681472154745],[75.89082317117489,30.380681472154745],[75.89082317117489,30.440289218308802],[75.82961309152343,30.440289218308802],[75.82961309152343,30.380681472154745]]]}"
14_33,75.95203325082635,1936.3702700224421,30.440289218308802,30.380681472154745,75.89082317117489,"{""geodesic"":false,""type"":""Polygon"",""coordinates"":[[[75.89082317117489,30.380681472154745],[75.95203325082635,30.380681472154745],[75.95203325082635,30.440289218308802],[75.89082317117489,30.440289218308802],[75.89082317117489,30.380681472154745]]]}"
14_34,76.0132433304778,1934.59422071843,30.440289218308802,30.380681472154745,75.95203325082635,"{""geodesic"":false,""type"":""Polygon"",""coordinates"":[[[75.95203325082635,30.380681472154745],[76.0132433304778,30.380681472154745],[76.0132433304778,30.440289218308802],[75.95203325082635,30.440289218308802],[75.95203325082635,30.380681472154745]]]}"
14_35,76.07445341012927,1933.1281398402027,30.440289218308802,30.380681472154745,76.0132433304778,"{""geodesic"":false,""type"":""Polygon"",""coordinates"":[[[76.0132433304778,30.380681472154745],[76.07445341012927,30.380681472154745],[76.07445341012927,30.440289218308802],[76.0132433304778,30.440289218308802],[76.0132433304778,30.380681472154745]]]}"
14_36,76.13566348978073,1932.8356162835812,30.440289218308802,30.380681472154745,76.07445341012927,"{""geodesic"":false,""type"":""Polygon"",""coordinates"":[[[76.07445341012927,30.380681472154745],[76.13566348978073,30.380681472154745],[76.13566348978073,30.440289218308802],[76.07445341012927,30.440289218308802],[76.07445341012927,30.380681472154745]]]}"
14_37,76.19687356943219,1934.2505572593307,30.440289218308802,30.380681472154745,76.13566348978073,"{""geodesic"":false,""type"":""Polygon"",""coordinates"":[[[76.13566348978073,30.380681472154745],[76.19687356943219,30.380681472154745],[76.19687356943219,30.440289218308802],[76.13566348978073,30.440289218308802],[76.13566348978073,30.380681472154745]]]}"
14_38,76.25808364908364,1932.6630510183197,30.440289218308802,30.380681472154745,76.19687356943219,"{""geodesic"":false,""type"":""Polygon"",""coordinates"":[[[76.19687356943219,30.380681472154745],[76.25808364908364,30.380681472154745],[76.25808364908364,30.440289218308802],[76.19687356943219,30.440289218308802],[76.19687356943219,30.380681472154745]]]}"
14_39,76.3192937287351,1931.4011537235226,30.440289218308802,30.380681472154745,76.25808364908364,"{""geodesic"":false,""type"":""Polygon"",""coordinates"":[[[76.25808364908364,30.380681472154745],[76.3192937287351,30.380681472154745],[76.3192937287351,30.440289218308802],[76.25808364908364,30.440289218308802],[76.25808364908364,30.380681472154745]]]}"
14_40,76.38050380838656,1932.924359155174,30.440289218308802,30.380681472154745,76.3192937287351,"{""geodesic"":false,""type"":""Polygon"",""coordinates"":[[[76.3192937287351,30.380681472154745],[76.38050380838656,30.380681472154745],[76.38050380838656,30.440289218308802],[76.3192937287351,30.440289218308802],[76.3192937287351,30.380681472154745]]]}"
14_41,76.44171388803802,1934.9907441920402,30.440289218308802,30.380681472154745,76.38050380838656,"{""geodesic"":false,""type"":""Polygon"",""coordinates"":[[[76.38050380838656,30.380681472154745],[76.44171388803802,30.380681472154745],[76.44171388803802,30.440289218308802],[76.38050380838656,30.440289218308802],[76.38050380838656,30.380681472154745]]]}"
14_42,76.5029239676895,1934.4378104578477,30.440289218308802,30.380681472154745,76.44171388803804,"{""geodesic"":false,""type"":""Polygon"",""coordinates"":[[[76.44171388803804,30.380681472154745],[76.5029239676895,30.380681472154745],[76.5029239676895,30.440289218308802],[76.44171388803804,30.440289218308802],[76.44171388803804,30.380681472154745]]]}"
14_43,76.56413404734096,1934.5891709892155,30.440289218308802,30.380681472154745,76.5029239676895,"{""geodesic"":false,""type"":""Polygon"",""coordinates"":[[[76.5029239676895,30.380681472154745],[76.56413404734096,30.380681472154745],[76.56413404734096,30.440289218308802],[76.5029239676895,30.440289218308802],[76.5029239676895,30.380681472154745]]]}"
14_44,76.62534412699242,1934.2918800469115,30.440289218308802,30.380681472154745,76.56413404734096,"{""geodesic"":false,""type"":""Polygon"",""coordinates"":[[[76.56413404734096,30.380681472154745],[76.62534412699242,30.380681472154745],[76.62534412699242,30.440289218308802],[76.56413404734096,30.440289218308802],[76.56413404734096,30.380681472154745]]]}"
14_45,76.68655420664388,1934.2505677635993,30.440289218308802,30.380681472154745,76.62534412699242,"{""geodesic"":false,""type"":""Polygon"",""coordinates"":[[[76.62534412699242,30.380681472154745],[76.68655420664388,30.380681472154745],[76.68655420664388,30.440289218308802],[76.62534412699242,30.440289218308802],[76.62534412699242,30.380681472154745]]]}"
14_46,76.74776428629534,1933.289239792325,30.440289218308802,30.380681472154745,76.68655420664388,"{""geodesic"":false,""type"":""Polygon"",""coordinates"":[[[76.68655420664388,30.380681472154745],[76.74776428629534,30.380681472154745],[76.74776428629534,30.440289218308802],[76.68655420664388,30.440289218308802],[76.68655420664388,30.380681472154745]]]}"
14_47,76.8089743659468,1932.8876378358516,30.440289218308802,30.380681472154745,76.74776428629534,"{""geodesic"":false,""type"":""Polygon"",""coordinates"":[[[76.74776428629534,30.380681472154745],[76.8089743659468,30.380681472154745],[76.8089743659468,30.440289218308802],[76.74776428629534,30.440289218308802],[76.74776428629534,30.380681472154745]]]}"
14_48,76.87018444559826,1933.9417532084,30.440289218308802,30.380681472154745,76.8089743659468,"{""geodesic"":false,""type"":""Polygon"",""coordinates"":[[[76.8089743659468,30.380681472154745],[76.87018444559826,30.380681472154745],[76.87018444559826,30.440289218308802],[76.8089743659468,30.440289218308802],[76.8089743659468,30.380681472154745]]]}"
14_49,76.93139452524971,1934.4638975984346,30.440289218308802,30.380681472154745,76.87018444559826,"{""geodesic"":false,""type"":""Polygon"",""coordinates"":[[[76.87018444559826,30.380681472154745],[76.93139452524971,30.380681472154745],[76.93139452524971,30.440289218308802],[76.87018444559826,30.440289218308802],[76.87018444559826,30.380681472154745]]]}"
14_50,76.99260460490117,1934.2058962500737,30.440289218308802,30.380681472154745,76.93139452524971,"{""geodesic"":false,""type"":""Polygon"",""coordinates"":[[[76.93139452524971,30.380681472154745],[76.99260460490117,30.380681472154745],[76.99260460490117,30.440289218308802],[76.93139452524971,30.440289218308802],[76.93139452524971,30.380681472154745]]]}"
15_1,73.99331070197961,1937.1057874441256,30.499896964462863,30.440289218308806,73.93210062232815,"{""geodesic"":false,""type"":""Polygon"",""coordinates"":[[[73.93210062232815,30.440289218308806],[73.99331070197961,30.440289218308806],[73.99331070197961,30.499896964462863],[73.93210062232815,30.499896964462863],[73.93210062232815,30.440289218308806]]]}"
15_2,74.05452078163107,1935.8542943659502,30.499896964462863,30.440289218308806,73.99331070197961,"{""geodesic"":false,""type"":""Polygon"",""coordinates"":[[[73.99331070197961,30.440289218308806],[74.05452078163107,30.440289218308806],[74.05452078163107,30.499896964462863],[73.99331070197961,30.499896964462863],[73.99331070197961,30.440289218308806]]]}"
15_3,74.11573086128253,1936.1545043325768,30.499896964462863,30.440289218308806,74.05452078163107,"{""geodesic"":false,""type"":""Polygon"",""coordinates"":[[[74.05452078163107,30.440289218308806],[74.11573086128253,30.440289218308806],[74.11573086128253,30.499896964462863],[74.05452078163107,30.499896964462863],[74.05452078163107,30.440289218308806]]]}"
15_4,74.17694094093399,1935.3923202065916,30.499896964462863,30.440289218308806,74.11573086128253,"{""geodesic"":false,""type"":""Polygon"",""coordinates"":[[[74.11573086128253,30.440289218308806],[74.17694094093399,30.440289218308806],[74.17694094093399,30.499896964462863],[74.11573086128253,30.499896964462863],[74.11573086128253,30.440289218308806]]]}"
15_5,74.23815102058545,1933.8068001727725,30.499896964462863,30.440289218308806,74.17694094093399,"{""geodesic"":false,""type"":""Polygon"",""coordinates"":[[[74.17694094093399,30.440289218308806],[74.23815102058545,30.440289218308806],[74.23815102058545,30.499896964462863],[74.17694094093399,30.499896964462863],[74.17694094093399,30.440289218308806]]]}"
15_6,74.29936110023691,1933.4151931516237,30.499896964462863,30.440289218308806,74.23815102058545,"{""geodesic"":false,""type"":""Polygon"",""coordinates"":[[[74.23815102058545,30.440289218308806],[74.29936110023691,30.440289218308806],[74.29936110023691,30.499896964462863],[74.23815102058545,30.499896964462863],[74.23815102058545,30.440289218308806]]]}"
15_7,74.36057117988837,1935.7692029415173,30.499896964462863,30.440289218308806,74.29936110023691,"{""geodesic"":false,""type"":""Polygon"",""coordinates"":[[[74.29936110023691,30.440289218308806],[74.36057117988837,30.440289218308806],[74.36057117988837,30.499896964462863],[74.29936110023691,30.499896964462863],[74.29936110023691,30.440289218308806]]]}"
15_8,74.42178125953983,1936.2616106941807,30.499896964462863,30.440289218308806,74.36057117988837,"{""geodesic"":false,""type"":""Polygon"",""coordinates"":[[[74.36057117988837,30.440289218308806],[74.42178125953983,30.440289218308806],[74.42178125953983,30.499896964462863],[74.36057117988837,30.499896964462863],[74.36057117988837,30.440289218308806]]]}"
15_9,74.4829913391913,1934.6089817621746,30.499896964462863,30.440289218308806,74.42178125953984,"{""geodesic"":false,""type"":""Polygon"",""coordinates"":[[[74.42178125953984,30.440289218308806],[74.4829913391913,30.440289218308806],[74.4829913391913,30.499896964462863],[74.42178125953984,30.499896964462863],[74.42178125953984,30.440289218308806]]]}"
15_10,74.54420141884276,1934.991671433405,30.499896964462863,30.440289218308806,74.4829913391913,"{""geodesic"":false,""type"":""Polygon"",""coordinates"":[[[74.4829913391913,30.440289218308806],[74.54420141884276,30.440289218308806],[74.54420141884276,30.499896964462863],[74.4829913391913,30.499896964462863],[74.4829913391913,30.440289218308806]]]}"
15_11,74.60541149849422,1935.3747221668314,30.499896964462863,30.440289218308806,74.54420141884276,"{""geodesic"":false,""type"":""Polygon"",""coordinates"":[[[74.54420141884276,30.440289218308806],[74.60541149849422,30.440289218308806],[74.60541149849422,30.499896964462863],[74.54420141884276,30.499896964462863],[74.54420141884276,30.440289218308806]]]}"
15_12,74.66662157814568,1934.581226088657,30.499896964462863,30.440289218308806,74.60541149849422,"{""geodesic"":false,""type"":""Polygon"",""coordinates"":[[[74.60541149849422,30.440289218308806],[74.66662157814568,30.440289218308806],[74.66662157814568,30.499896964462863],[74.60541149849422,30.499896964462863],[74.60541149849422,30.440289218308806]]]}"
15_13,74.72783165779714,1934.0657376964728,30.499896964462863,30.440289218308806,74.66662157814568,"{""geodesic"":false,""type"":""Polygon"",""coordinates"":[[[74.66662157814568,30.440289218308806],[74.72783165779714,30.440289218308806],[74.72783165779714,30.499896964462863],[74.66662157814568,30.499896964462863],[74.66662157814568,30.440289218308806]]]}"
15_14,74.7890417374486,1933.5142807628501,30.499896964462863,30.440289218308806,74.72783165779714,"{""geodesic"":false,""type"":""Polygon"",""coordinates"":[[[74.72783165779714,30.440289218308806],[74.7890417374486,30.440289218308806],[74.7890417374486,30.499896964462863],[74.72783165779714,30.499896964462863],[74.72783165779714,30.440289218308806]]]}"
15_15,74.85025181710006,1933.5768241577775,30.499896964462863,30.440289218308806,74.7890417374486,"{""geodesic"":false,""type"":""Polygon"",""coordinates"":[[[74.7890417374486,30.440289218308806],[74.85025181710006,30.440289218308806],[74.85025181710006,30.499896964462863],[74.7890417374486,30.499896964462863],[74.7890417374486,30.440289218308806]]]}"
15_16,74.91146189675152,1933.571315165758,30.499896964462863,30.440289218308806,74.85025181710006,"{""geodesic"":false,""type"":""Polygon"",""coordinates"":[[[74.85025181710006,30.440289218308806],[74.91146189675152,30.440289218308806],[74.91146189675152,30.499896964462863],[74.85025181710006,30.499896964462863],[74.85025181710006,30.440289218308806]]]}"
15_17,74.97267197640298,1934.5049817146066,30.499896964462863,30.440289218308806,74.91146189675152,"{""geodesic"":false,""type"":""Polygon"",""coordinates"":[[[74.91146189675152,30.440289218308806],[74.97267197640298,30.440289218308806],[74.97267197640298,30.499896964462863],[74.91146189675152,30.499896964462863],[74.91146189675152,30.440289218308806]]]}"
15_18,75.03388205605444,1935.3822218145167,30.499896964462863,30.440289218308806,74.97267197640298,"{""geodesic"":false,""type"":""Polygon"",""coordinates"":[[[74.97267197640298,30.440289218308806],[75.03388205605444,30.440289218308806],[75.03388205605444,30.499896964462863],[74.97267197640298,30.499896964462863],[74.97267197640298,30.440289218308806]]]}"
15_19,75.0950921357059,1935.016210702094,30.499896964462863,30.440289218308806,75.03388205605444,"{""geodesic"":false,""type"":""Polygon"",""coordinates"":[[[75.03388205605444,30.440289218308806],[75.0950921357059,30.440289218308806],[75.0950921357059,30.499896964462863],[75.03388205605444,30.499896964462863],[75.03388205605444,30.440289218308806]]]}"
15_20,75.15630221535736,1932.8700974218314,30.499896964462863,30.440289218308806,75.0950921357059,"{""geodesic"":false,""type"":""Polygon"",""coordinates"":[[[75.0950921357059,30.440289218308806],[75.15630221535736,30.440289218308806],[75.15630221535736,30.499896964462863],[75.0950921357059,30.499896964462863],[75.0950921357059,30.440289218308806]]]}"
15_21,75.21751229500882,1932.8848117008704,30.499896964462863,30.440289218308806,75.15630221535736,"{""geodesic"":false,""type"":""Polygon"",""coordinates"":[[[75.15630221535736,30.440289218308806],[75.21751229500882,30.440289218308806],[75.21751229500882,30.499896964462863],[75.15630221535736,30.499896964462863],[75.15630221535736,30.440289218308806]]]}"
15_22,75.27872237466028,1933.7164104797882,30.499896964462863,30.440289218308806,75.21751229500882,"{""geodesic"":false,""type"":""Polygon"",""coordinates"":[[[75.21751229500882,30.440289218308806],[75.27872237466028,30.440289218308806],[75.27872237466028,30.499896964462863],[75.21751229500882,30.499896964462863],[75.21751229500882,30.440289218308806]]]}"
15_23,75.33993245431174,1932.9906251793734,30.499896964462863,30.440289218308806,75.27872237466028,"{""geodesic"":false,""type"":""Polygon"",""coordinates"":[[[75.27872237466028,30.440289218308806],[75.33993245431174,30.440289218308806],[75.33993245431174,30.499896964462863],[75.27872237466028,30.499896964462863],[75.27872237466028,30.440289218308806]]]}"
15_24,75.4011425339632,1932.2370537853624,30.499896964462863,30.440289218308806,75.33993245431174,"{""geodesic"":false,""type"":""Polygon"",""coordinates"":[[[75.33993245431174,30.440289218308806],[75.4011425339632,30.440289218308806],[75.4011425339632,30.499896964462863],[75.33993245431174,30.499896964462863],[75.33993245431174,30.440289218308806]]]}"
15_25,75.46235261361466,1932.9546771364098,30.499896964462863,30.440289218308806,75.4011425339632,"{""geodesic"":false,""type"":""Polygon"",""coordinates"":[[[75.4011425339632,30.440289218308806],[75.46235261361466,30.440289218308806],[75.46235261361466,30.499896964462863],[75.4011425339632,30.499896964462863],[75.4011425339632,30.440289218308806]]]}"
15_26,75.52356269326613,1932.4351929177112,30.499896964462863,30.440289218308806,75.46235261361467,"{""geodesic"":false,""type"":""Polygon"",""coordinates"":[[[75.46235261361467,30.440289218308806],[75.52356269326613,30.440289218308806],[75.52356269326613,30.499896964462863],[75.46235261361467,30.499896964462863],[75.46235261361467,30.440289218308806]]]}"
15_27,75.58477277291759,1932.4466118393707,30.499896964462863,30.440289218308806,75.52356269326613,"{""geodesic"":false,""type"":""Polygon"",""coordinates"":[[[75.52356269326613,30.440289218308806],[75.58477277291759,30.440289218308806],[75.58477277291759,30.499896964462863],[75.52356269326613,30.499896964462863],[75.52356269326613,30.440289218308806]]]}"
15_28,75.64598285256905,1933.6488024563573,30.499896964462863,30.440289218308806,75.58477277291759,"{""geodesic"":false,""type"":""Polygon"",""coordinates"":[[[75.58477277291759,30.440289218308806],[75.64598285256905,30.440289218308806],[75.64598285256905,30.499896964462863],[75.58477277291759,30.499896964462863],[75.58477277291759,30.440289218308806]]]}"
15_29,75.70719293222051,1934.7148699338154,30.499896964462863,30.440289218308806,75.64598285256905,"{""geodesic"":false,""type"":""Polygon"",""coordinates"":[[[75.64598285256905,30.440289218308806],[75.70719293222051,30.440289218308806],[75.70719293222051,30.499896964462863],[75.64598285256905,30.499896964462863],[75.64598285256905,30.440289218308806]]]}"
15_30,75.76840301187197,1934.8927615649714,30.499896964462863,30.440289218308806,75.70719293222051,"{""geodesic"":false,""type"":""Polygon"",""coordinates"":[[[75.70719293222051,30.440289218308806],[75.76840301187197,30.440289218308806],[75.76840301187197,30.499896964462863],[75.70719293222051,30.499896964462863],[75.70719293222051,30.440289218308806]]]}"
15_31,75.82961309152343,1934.0863648574336,30.499896964462863,30.440289218308806,75.76840301187197,"{""geodesic"":false,""type"":""Polygon"",""coordinates"":[[[75.76840301187197,30.440289218308806],[75.82961309152343,30.440289218308806],[75.82961309152343,30.499896964462863],[75.76840301187197,30.499896964462863],[75.76840301187197,30.440289218308806]]]}"
15_32,75.89082317117489,1936.3414863321152,30.499896964462863,30.440289218308806,75.82961309152343,"{""geodesic"":false,""type"":""Polygon"",""coordinates"":[[[75.82961309152343,30.440289218308806],[75.89082317117489,30.440289218308806],[75.89082317117489,30.499896964462863],[75.82961309152343,30.499896964462863],[75.82961309152343,30.440289218308806]]]}"
15_33,75.95203325082635,1937.4185609352032,30.499896964462863,30.440289218308806,75.89082317117489,"{""geodesic"":false,""type"":""Polygon"",""coordinates"":[[[75.89082317117489,30.440289218308806],[75.95203325082635,30.440289218308806],[75.95203325082635,30.499896964462863],[75.89082317117489,30.499896964462863],[75.89082317117489,30.440289218308806]]]}"
15_34,76.0132433304778,1934.5084612002015,30.499896964462863,30.440289218308806,75.95203325082635,"{""geodesic"":false,""type"":""Polygon"",""coordinates"":[[[75.95203325082635,30.440289218308806],[76.0132433304778,30.440289218308806],[76.0132433304778,30.499896964462863],[75.95203325082635,30.499896964462863],[75.95203325082635,30.440289218308806]]]}"
15_35,76.07445341012927,1932.8071296291337,30.499896964462863,30.440289218308806,76.0132433304778,"{""geodesic"":false,""type"":""Polygon"",""coordinates"":[[[76.0132433304778,30.440289218308806],[76.07445341012927,30.440289218308806],[76.07445341012927,30.499896964462863],[76.0132433304778,30.499896964462863],[76.0132433304778,30.440289218308806]]]}"
15_36,76.13566348978073,1932.8488465386497,30.499896964462863,30.440289218308806,76.07445341012927,"{""geodesic"":false,""type"":""Polygon"",""coordinates"":[[[76.07445341012927,30.440289218308806],[76.13566348978073,30.440289218308806],[76.13566348978073,30.499896964462863],[76.07445341012927,30.499896964462863],[76.07445341012927,30.440289218308806]]]}"
15_37,76.19687356943219,1933.658670410883,30.499896964462863,30.440289218308806,76.13566348978073,"{""geodesic"":false,""type"":""Polygon"",""coordinates"":[[[76.13566348978073,30.440289218308806],[76.19687356943219,30.440289218308806],[76.19687356943219,30.499896964462863],[76.13566348978073,30.499896964462863],[76.13566348978073,30.440289218308806]]]}"
15_38,76.25808364908364,1933.1712985638408,30.499896964462863,30.440289218308806,76.19687356943219,"{""geodesic"":false,""type"":""Polygon"",""coordinates"":[[[76.19687356943219,30.440289218308806],[76.25808364908364,30.440289218308806],[76.25808364908364,30.499896964462863],[76.19687356943219,30.499896964462863],[76.19687356943219,30.440289218308806]]]}"
15_39,76.3192937287351,1931.3506846526432,30.499896964462863,30.440289218308806,76.25808364908364,"{""geodesic"":false,""type"":""Polygon"",""coordinates"":[[[76.25808364908364,30.440289218308806],[76.3192937287351,30.440289218308806],[76.3192937287351,30.499896964462863],[76.25808364908364,30.499896964462863],[76.25808364908364,30.440289218308806]]]}"
15_40,76.38050380838656,1931.9095690194836,30.499896964462863,30.440289218308806,76.3192937287351,"{""geodesic"":false,""type"":""Polygon"",""coordinates"":[[[76.3192937287351,30.440289218308806],[76.38050380838656,30.440289218308806],[76.38050380838656,30.499896964462863],[76.3192937287351,30.499896964462863],[76.3192937287351,30.440289218308806]]]}"
15_41,76.44171388803802,1934.8264197028288,30.499896964462863,30.440289218308806,76.38050380838656,"{""geodesic"":false,""type"":""Polygon"",""coordinates"":[[[76.38050380838656,30.440289218308806],[76.44171388803802,30.440289218308806],[76.44171388803802,30.499896964462863],[76.38050380838656,30.499896964462863],[76.38050380838656,30.440289218308806]]]}"
15_42,76.5029239676895,1934.7211741745566,30.499896964462863,30.440289218308806,76.44171388803804,"{""geodesic"":false,""type"":""Polygon"",""coordinates"":[[[76.44171388803804,30.440289218308806],[76.5029239676895,30.440289218308806],[76.5029239676895,30.499896964462863],[76.44171388803804,30.499896964462863],[76.44171388803804,30.440289218308806]]]}"
15_43,76.56413404734096,1934.7440623553402,30.499896964462863,30.440289218308806,76.5029239676895,"{""geodesic"":false,""type"":""Polygon"",""coordinates"":[[[76.5029239676895,30.440289218308806],[76.56413404734096,30.440289218308806],[76.56413404734096,30.499896964462863],[76.5029239676895,30.499896964462863],[76.5029239676895,30.440289218308806]]]}"
15_44,76.62534412699242,1935.9048230332123,30.499896964462863,30.440289218308806,76.56413404734096,"{""geodesic"":false,""type"":""Polygon"",""coordinates"":[[[76.56413404734096,30.440289218308806],[76.62534412699242,30.440289218308806],[76.62534412699242,30.499896964462863],[76.56413404734096,30.499896964462863],[76.56413404734096,30.440289218308806]]]}"
15_45,76.68655420664388,1935.5932991974394,30.499896964462863,30.440289218308806,76.62534412699242,"{""geodesic"":false,""type"":""Polygon"",""coordinates"":[[[76.62534412699242,30.440289218308806],[76.68655420664388,30.440289218308806],[76.68655420664388,30.499896964462863],[76.62534412699242,30.499896964462863],[76.62534412699242,30.440289218308806]]]}"
15_46,76.74776428629534,1933.3081756647214,30.499896964462863,30.440289218308806,76.68655420664388,"{""geodesic"":false,""type"":""Polygon"",""coordinates"":[[[76.68655420664388,30.440289218308806],[76.74776428629534,30.440289218308806],[76.74776428629534,30.499896964462863],[76.68655420664388,30.499896964462863],[76.68655420664388,30.440289218308806]]]}"
15_47,76.8089743659468,1933.0565530256222,30.499896964462863,30.440289218308806,76.74776428629534,"{""geodesic"":false,""type"":""Polygon"",""coordinates"":[[[76.74776428629534,30.440289218308806],[76.8089743659468,30.440289218308806],[76.8089743659468,30.499896964462863],[76.74776428629534,30.499896964462863],[76.74776428629534,30.440289218308806]]]}"
15_48,76.87018444559826,1934.0352901118763,30.499896964462863,30.440289218308806,76.8089743659468,"{""geodesic"":false,""type"":""Polygon"",""coordinates"":[[[76.8089743659468,30.440289218308806],[76.87018444559826,30.440289218308806],[76.87018444559826,30.499896964462863],[76.8089743659468,30.499896964462863],[76.8089743659468,30.440289218308806]]]}"
15_49,76.93139452524971,1933.9977234078083,30.499896964462863,30.440289218308806,76.87018444559826,"{""geodesic"":false,""type"":""Polygon"",""coordinates"":[[[76.87018444559826,30.440289218308806],[76.93139452524971,30.440289218308806],[76.93139452524971,30.499896964462863],[76.87018444559826,30.499896964462863],[76.87018444559826,30.440289218308806]]]}"
16_1,73.99331070197961,1939.2784707796325,30.55950471061692,30.499896964462863,73.93210062232815,"{""geodesic"":false,""type"":""Polygon"",""coordinates"":[[[73.93210062232815,30.499896964462863],[73.99331070197961,30.499896964462863],[73.99331070197961,30.55950471061692],[73.93210062232815,30.55950471061692],[73.93210062232815,30.499896964462863]]]}"
16_2,74.05452078163107,1941.1613758875428,30.55950471061692,30.499896964462863,73.99331070197961,"{""geodesic"":false,""type"":""Polygon"",""coordinates"":[[[73.99331070197961,30.499896964462863],[74.05452078163107,30.499896964462863],[74.05452078163107,30.55950471061692],[73.99331070197961,30.55950471061692],[73.99331070197961,30.499896964462863]]]}"
16_3,74.11573086128253,1939.9559181411507,30.55950471061692,30.499896964462863,74.05452078163107,"{""geodesic"":false,""type"":""Polygon"",""coordinates"":[[[74.05452078163107,30.499896964462863],[74.11573086128253,30.499896964462863],[74.11573086128253,30.55950471061692],[74.05452078163107,30.55950471061692],[74.05452078163107,30.499896964462863]]]}"
16_4,74.17694094093399,1937.0920503322493,30.55950471061692,30.499896964462863,74.11573086128253,"{""geodesic"":false,""type"":""Polygon"",""coordinates"":[[[74.11573086128253,30.499896964462863],[74.17694094093399,30.499896964462863],[74.17694094093399,30.55950471061692],[74.11573086128253,30.55950471061692],[74.11573086128253,30.499896964462863]]]}"
16_5,74.23815102058545,1935.3694739252696,30.55950471061692,30.499896964462863,74.17694094093399,"{""geodesic"":false,""type"":""Polygon"",""coordinates"":[[[74.17694094093399,30.499896964462863],[74.23815102058545,30.499896964462863],[74.23815102058545,30.55950471061692],[74.17694094093399,30.55950471061692],[74.17694094093399,30.499896964462863]]]}"
16_6,74.29936110023691,1934.7399314590168,30.55950471061692,30.499896964462863,74.23815102058545,"{""geodesic"":false,""type"":""Polygon"",""coordinates"":[[[74.23815102058545,30.499896964462863],[74.29936110023691,30.499896964462863],[74.29936110023691,30.55950471061692],[74.23815102058545,30.55950471061692],[74.23815102058545,30.499896964462863]]]}"
16_7,74.36057117988837,1935.1705527671597,30.55950471061692,30.499896964462863,74.29936110023691,"{""geodesic"":false,""type"":""Polygon"",""coordinates"":[[[74.29936110023691,30.499896964462863],[74.36057117988837,30.499896964462863],[74.36057117988837,30.55950471061692],[74.29936110023691,30.55950471061692],[74.29936110023691,30.499896964462863]]]}"
16_8,74.42178125953983,1933.6316525999816,30.55950471061692,30.499896964462863,74.36057117988837,"{""geodesic"":false,""type"":""Polygon"",""coordinates"":[[[74.36057117988837,30.499896964462863],[74.42178125953983,30.499896964462863],[74.42178125953983,30.55950471061692],[74.36057117988837,30.55950471061692],[74.36057117988837,30.499896964462863]]]}"
16_9,74.4829913391913,1932.9092928259038,30.55950471061692,30.499896964462863,74.42178125953984,"{""geodesic"":false,""type"":""Polygon"",""coordinates"":[[[74.42178125953984,30.499896964462863],[74.4829913391913,30.499896964462863],[74.4829913391913,30.55950471061692],[74.42178125953984,30.55950471061692],[74.42178125953984,30.499896964462863]]]}"
16_10,74.54420141884276,1933.156534730768,30.55950471061692,30.499896964462863,74.4829913391913,"{""geodesic"":false,""type"":""Polygon"",""coordinates"":[[[74.4829913391913,30.499896964462863],[74.54420141884276,30.499896964462863],[74.54420141884276,30.55950471061692],[74.4829913391913,30.55950471061692],[74.4829913391913,30.499896964462863]]]}"
16_11,74.60541149849422,1933.2584174028204,30.55950471061692,30.499896964462863,74.54420141884276,"{""geodesic"":false,""type"":""Polygon"",""coordinates"":[[[74.54420141884276,30.499896964462863],[74.60541149849422,30.499896964462863],[74.60541149849422,30.55950471061692],[74.54420141884276,30.55950471061692],[74.54420141884276,30.499896964462863]]]}"
16_12,74.66662157814568,1932.4585339302346,30.55950471061692,30.499896964462863,74.60541149849422,"{""geodesic"":false,""type"":""Polygon"",""coordinates"":[[[74.60541149849422,30.499896964462863],[74.66662157814568,30.499896964462863],[74.66662157814568,30.55950471061692],[74.60541149849422,30.55950471061692],[74.60541149849422,30.499896964462863]]]}"
16_13,74.72783165779714,1932.6507106218255,30.55950471061692,30.499896964462863,74.66662157814568,"{""geodesic"":false,""type"":""Polygon"",""coordinates"":[[[74.66662157814568,30.499896964462863],[74.72783165779714,30.499896964462863],[74.72783165779714,30.55950471061692],[74.66662157814568,30.55950471061692],[74.66662157814568,30.499896964462863]]]}"
16_14,74.7890417374486,1932.2771910724057,30.55950471061692,30.499896964462863,74.72783165779714,"{""geodesic"":false,""type"":""Polygon"",""coordinates"":[[[74.72783165779714,30.499896964462863],[74.7890417374486,30.499896964462863],[74.7890417374486,30.55950471061692],[74.72783165779714,30.55950471061692],[74.72783165779714,30.499896964462863]]]}"
16_15,74.85025181710006,1931.9168187694668,30.55950471061692,30.499896964462863,74.7890417374486,"{""geodesic"":false,""type"":""Polygon"",""coordinates"":[[[74.7890417374486,30.499896964462863],[74.85025181710006,30.499896964462863],[74.85025181710006,30.55950471061692],[74.7890417374486,30.55950471061692],[74.7890417374486,30.499896964462863]]]}"
16_16,74.91146189675152,1931.826638918024,30.55950471061692,30.499896964462863,74.85025181710006,"{""geodesic"":false,""type"":""Polygon"",""coordinates"":[[[74.85025181710006,30.499896964462863],[74.91146189675152,30.499896964462863],[74.91146189675152,30.55950471061692],[74.85025181710006,30.55950471061692],[74.85025181710006,30.499896964462863]]]}"
16_17,74.97267197640298,1934.9302298758148,30.55950471061692,30.499896964462863,74.91146189675152,"{""geodesic"":false,""type"":""Polygon"",""coordinates"":[[[74.91146189675152,30.499896964462863],[74.97267197640298,30.499896964462863],[74.97267197640298,30.55950471061692],[74.91146189675152,30.55950471061692],[74.91146189675152,30.499896964462863]]]}"
16_18,75.03388205605444,1937.5922851027938,30.55950471061692,30.499896964462863,74.97267197640298,"{""geodesic"":false,""type"":""Polygon"",""coordinates"":[[[74.97267197640298,30.499896964462863],[75.03388205605444,30.499896964462863],[75.03388205605444,30.55950471061692],[74.97267197640298,30.55950471061692],[74.97267197640298,30.499896964462863]]]}"
16_19,75.0950921357059,1937.455362077742,30.55950471061692,30.499896964462863,75.03388205605444,"{""geodesic"":false,""type"":""Polygon"",""coordinates"":[[[75.03388205605444,30.499896964462863],[75.0950921357059,30.499896964462863],[75.0950921357059,30.55950471061692],[75.03388205605444,30.55950471061692],[75.03388205605444,30.499896964462863]]]}"
16_20,75.15630221535736,1935.2428382901776,30.55950471061692,30.499896964462863,75.0950921357059,"{""geodesic"":false,""type"":""Polygon"",""coordinates"":[[[75.0950921357059,30.499896964462863],[75.15630221535736,30.499896964462863],[75.15630221535736,30.55950471061692],[75.0950921357059,30.55950471061692],[75.0950921357059,30.499896964462863]]]}"
16_21,75.21751229500882,1934.2572288963001,30.55950471061692,30.499896964462863,75.15630221535736,"{""geodesic"":false,""type"":""Polygon"",""coordinates"":[[[75.15630221535736,30.499896964462863],[75.21751229500882,30.499896964462863],[75.21751229500882,30.55950471061692],[75.15630221535736,30.55950471061692],[75.15630221535736,30.499896964462863]]]}"
16_22,75.27872237466028,1933.632416002969,30.55950471061692,30.499896964462863,75.21751229500882,"{""geodesic"":false,""type"":""Polygon"",""coordinates"":[[[75.21751229500882,30.499896964462863],[75.27872237466028,30.499896964462863],[75.27872237466028,30.55950471061692],[75.21751229500882,30.55950471061692],[75.21751229500882,30.499896964462863]]]}"
16_23,75.33993245431174,1932.6419474384606,30.55950471061692,30.499896964462863,75.27872237466028,"{""geodesic"":false,""type"":""Polygon"",""coordinates"":[[[75.27872237466028,30.499896964462863],[75.33993245431174,30.499896964462863],[75.33993245431174,30.55950471061692],[75.27872237466028,30.55950471061692],[75.27872237466028,30.499896964462863]]]}"
16_24,75.4011425339632,1934.103284698024,30.55950471061692,30.499896964462863,75.33993245431174,"{""geodesic"":false,""type"":""Polygon"",""coordinates"":[[[75.33993245431174,30.499896964462863],[75.4011425339632,30.499896964462863],[75.4011425339632,30.55950471061692],[75.33993245431174,30.55950471061692],[75.33993245431174,30.499896964462863]]]}"
16_25,75.46235261361466,1933.4320841267022,30.55950471061692,30.499896964462863,75.4011425339632,"{""geodesic"":false,""type"":""Polygon"",""coordinates"":[[[75.4011425339632,30.499896964462863],[75.46235261361466,30.499896964462863],[75.46235261361466,30.55950471061692],[75.4011425339632,30.55950471061692],[75.4011425339632,30.499896964462863]]]}"
16_26,75.52356269326613,1932.7146865501759,30.55950471061692,30.499896964462863,75.46235261361467,"{""geodesic"":false,""type"":""Polygon"",""coordinates"":[[[75.46235261361467,30.499896964462863],[75.52356269326613,30.499896964462863],[75.52356269326613,30.55950471061692],[75.46235261361467,30.55950471061692],[75.46235261361467,30.499896964462863]]]}"
16_27,75.58477277291759,1933.1405606790456,30.55950471061692,30.499896964462863,75.52356269326613,"{""geodesic"":false,""type"":""Polygon"",""coordinates"":[[[75.52356269326613,30.499896964462863],[75.58477277291759,30.499896964462863],[75.58477277291759,30.55950471061692],[75.52356269326613,30.55950471061692],[75.52356269326613,30.499896964462863]]]}"
16_28,75.64598285256905,1932.6292763840177,30.55950471061692,30.499896964462863,75.58477277291759,"{""geodesic"":false,""type"":""Polygon"",""coordinates"":[[[75.58477277291759,30.499896964462863],[75.64598285256905,30.499896964462863],[75.64598285256905,30.55950471061692],[75.58477277291759,30.55950471061692],[75.58477277291759,30.499896964462863]]]}"
16_29,75.70719293222051,1933.9594823740877,30.55950471061692,30.499896964462863,75.64598285256905,"{""geodesic"":false,""type"":""Polygon"",""coordinates"":[[[75.64598285256905,30.499896964462863],[75.70719293222051,30.499896964462863],[75.70719293222051,30.55950471061692],[75.64598285256905,30.55950471061692],[75.64598285256905,30.499896964462863]]]}"
16_30,75.76840301187197,1934.5688224427677,30.55950471061692,30.499896964462863,75.70719293222051,"{""geodesic"":false,""type"":""Polygon"",""coordinates"":[[[75.70719293222051,30.499896964462863],[75.76840301187197,30.499896964462863],[75.76840301187197,30.55950471061692],[75.70719293222051,30.55950471061692],[75.70719293222051,30.499896964462863]]]}"
16_31,75.82961309152343,1936.0748868765158,30.55950471061692,30.499896964462863,75.76840301187197,"{""geodesic"":false,""type"":""Polygon"",""coordinates"":[[[75.76840301187197,30.499896964462863],[75.82961309152343,30.499896964462863],[75.82961309152343,30.55950471061692],[75.76840301187197,30.55950471061692],[75.76840301187197,30.499896964462863]]]}"
16_32,75.89082317117489,1941.1318939571236,30.55950471061692,30.499896964462863,75.82961309152343,"{""geodesic"":false,""type"":""Polygon"",""coordinates"":[[[75.82961309152343,30.499896964462863],[75.89082317117489,30.499896964462863],[75.89082317117489,30.55950471061692],[75.82961309152343,30.55950471061692],[75.82961309152343,30.499896964462863]]]}"
16_33,75.95203325082635,1940.5369756204184,30.55950471061692,30.499896964462863,75.89082317117489,"{""geodesic"":false,""type"":""Polygon"",""coordinates"":[[[75.89082317117489,30.499896964462863],[75.95203325082635,30.499896964462863],[75.95203325082635,30.55950471061692],[75.89082317117489,30.55950471061692],[75.89082317117489,30.499896964462863]]]}"
16_34,76.0132433304778,1935.813324245334,30.55950471061692,30.499896964462863,75.95203325082635,"{""geodesic"":false,""type"":""Polygon"",""coordinates"":[[[75.95203325082635,30.499896964462863],[76.0132433304778,30.499896964462863],[76.0132433304778,30.55950471061692],[75.95203325082635,30.55950471061692],[75.95203325082635,30.499896964462863]]]}"
16_35,76.07445341012927,1935.1731290252512,30.55950471061692,30.499896964462863,76.0132433304778,"{""geodesic"":false,""type"":""Polygon"",""coordinates"":[[[76.0132433304778,30.499896964462863],[76.07445341012927,30.499896964462863],[76.07445341012927,30.55950471061692],[76.0132433304778,30.55950471061692],[76.0132433304778,30.499896964462863]]]}"
16_36,76.13566348978073,1937.719296183451,30.55950471061692,30.499896964462863,76.07445341012927,"{""geodesic"":false,""type"":""Polygon"",""coordinates"":[[[76.07445341012927,30.499896964462863],[76.13566348978073,30.499896964462863],[76.13566348978073,30.55950471061692],[76.07445341012927,30.55950471061692],[76.07445341012927,30.499896964462863]]]}"
16_37,76.19687356943219,1940.8218603750927,30.55950471061692,30.499896964462863,76.13566348978073,"{""geodesic"":false,""type"":""Polygon"",""coordinates"":[[[76.13566348978073,30.499896964462863],[76.19687356943219,30.499896964462863],[76.19687356943219,30.55950471061692],[76.13566348978073,30.55950471061692],[76.13566348978073,30.499896964462863]]]}"
16_38,76.25808364908364,1937.8808815880977,30.55950471061692,30.499896964462863,76.19687356943219,"{""geodesic"":false,""type"":""Polygon"",""coordinates"":[[[76.19687356943219,30.499896964462863],[76.25808364908364,30.499896964462863],[76.25808364908364,30.55950471061692],[76.19687356943219,30.55950471061692],[76.19687356943219,30.499896964462863]]]}"
16_39,76.3192937287351,1933.6521752135034,30.55950471061692,30.499896964462863,76.25808364908364,"{""geodesic"":false,""type"":""Polygon"",""coordinates"":[[[76.25808364908364,30.499896964462863],[76.3192937287351,30.499896964462863],[76.3192937287351,30.55950471061692],[76.25808364908364,30.55950471061692],[76.25808364908364,30.499896964462863]]]}"
16_40,76.38050380838656,1932.6299934532285,30.55950471061692,30.499896964462863,76.3192937287351,"{""geodesic"":false,""type"":""Polygon"",""coordinates"":[[[76.3192937287351,30.499896964462863],[76.38050380838656,30.499896964462863],[76.38050380838656,30.55950471061692],[76.3192937287351,30.55950471061692],[76.3192937287351,30.499896964462863]]]}"
16_41,76.44171388803802,1931.7451962040775,30.55950471061692,30.499896964462863,76.38050380838656,"{""geodesic"":false,""type"":""Polygon"",""coordinates"":[[[76.38050380838656,30.499896964462863],[76.44171388803802,30.499896964462863],[76.44171388803802,30.55950471061692],[76.38050380838656,30.55950471061692],[76.38050380838656,30.499896964462863]]]}"
16_42,76.5029239676895,1929.294100982708,30.55950471061692,30.499896964462863,76.44171388803804,"{""geodesic"":false,""type"":""Polygon"",""coordinates"":[[[76.44171388803804,30.499896964462863],[76.5029239676895,30.499896964462863],[76.5029239676895,30.55950471061692],[76.44171388803804,30.55950471061692],[76.44171388803804,30.499896964462863]]]}"
16_43,76.56413404734096,1929.8496384306736,30.55950471061692,30.499896964462863,76.5029239676895,"{""geodesic"":false,""type"":""Polygon"",""coordinates"":[[[76.5029239676895,30.499896964462863],[76.56413404734096,30.499896964462863],[76.56413404734096,30.55950471061692],[76.5029239676895,30.55950471061692],[76.5029239676895,30.499896964462863]]]}"
16_44,76.62534412699242,1933.216457335741,30.55950471061692,30.499896964462863,76.56413404734096,"{""geodesic"":false,""type"":""Polygon"",""coordinates"":[[[76.56413404734096,30.499896964462863],[76.62534412699242,30.499896964462863],[76.62534412699242,30.55950471061692],[76.56413404734096,30.55950471061692],[76.56413404734096,30.499896964462863]]]}"
16_45,76.68655420664388,1933.1054502739903,30.55950471061692,30.499896964462863,76.62534412699242,"{""geodesic"":false,""type"":""Polygon"",""coordinates"":[[[76.62534412699242,30.499896964462863],[76.68655420664388,30.499896964462863],[76.68655420664388,30.55950471061692],[76.62534412699242,30.55950471061692],[76.62534412699242,30.499896964462863]]]}"
16_46,76.74776428629534,1931.7341945159385,30.55950471061692,30.499896964462863,76.68655420664388,"{""geodesic"":false,""type"":""Polygon"",""coordinates"":[[[76.68655420664388,30.499896964462863],[76.74776428629534,30.499896964462863],[76.74776428629534,30.55950471061692],[76.68655420664388,30.55950471061692],[76.68655420664388,30.499896964462863]]]}"
16_47,76.8089743659468,1932.279170528794,30.55950471061692,30.499896964462863,76.74776428629534,"{""geodesic"":false,""type"":""Polygon"",""coordinates"":[[[76.74776428629534,30.499896964462863],[76.8089743659468,30.499896964462863],[76.8089743659468,30.55950471061692],[76.74776428629534,30.55950471061692],[76.74776428629534,30.499896964462863]]]}"
16_48,76.87018444559826,1932.2188048858197,30.55950471061692,30.499896964462863,76.8089743659468,"{""geodesic"":false,""type"":""Polygon"",""coordinates"":[[[76.8089743659468,30.499896964462863],[76.87018444559826,30.499896964462863],[76.87018444559826,30.55950471061692],[76.8089743659468,30.55950471061692],[76.8089743659468,30.499896964462863]]]}"
16_49,76.93139452524971,1932.0347187351072,30.55950471061692,30.499896964462863,76.87018444559826,"{""geodesic"":false,""type"":""Polygon"",""coordinates"":[[[76.87018444559826,30.499896964462863],[76.93139452524971,30.499896964462863],[76.93139452524971,30.55950471061692],[76.87018444559826,30.55950471061692],[76.87018444559826,30.499896964462863]]]}"
17_3,74.11573086128253,1940.1244394176929,30.619112456770978,30.55950471061692,74.05452078163107,"{""geodesic"":false,""type"":""Polygon"",""coordinates"":[[[74.05452078163107,30.55950471061692],[74.11573086128253,30.55950471061692],[74.11573086128253,30.619112456770978],[74.05452078163107,30.619112456770978],[74.05452078163107,30.55950471061692]]]}"
17_4,74.17694094093399,1936.3490528542238,30.619112456770978,30.55950471061692,74.11573086128253,"{""geodesic"":false,""type"":""Polygon"",""coordinates"":[[[74.11573086128253,30.55950471061692],[74.17694094093399,30.55950471061692],[74.17694094093399,30.619112456770978],[74.11573086128253,30.619112456770978],[74.11573086128253,30.55950471061692]]]}"
17_5,74.23815102058545,1935.2709926898715,30.619112456770978,30.55950471061692,74.17694094093399,"{""geodesic"":false,""type"":""Polygon"",""coordinates"":[[[74.17694094093399,30.55950471061692],[74.23815102058545,30.55950471061692],[74.23815102058545,30.619112456770978],[74.17694094093399,30.619112456770978],[74.17694094093399,30.55950471061692]]]}"
17_6,74.29936110023691,1935.784482777187,30.619112456770978,30.55950471061692,74.23815102058545,"{""geodesic"":false,""type"":""Polygon"",""coordinates"":[[[74.23815102058545,30.55950471061692],[74.29936110023691,30.55950471061692],[74.29936110023691,30.619112456770978],[74.23815102058545,30.619112456770978],[74.23815102058545,30.55950471061692]]]}"
17_7,74.36057117988837,1934.5545693287927,30.619112456770978,30.55950471061692,74.29936110023691,"{""geodesic"":false,""type"":""Polygon"",""coordinates"":[[[74.29936110023691,30.55950471061692],[74.36057117988837,30.55950471061692],[74.36057117988837,30.619112456770978],[74.29936110023691,30.619112456770978],[74.29936110023691,30.55950471061692]]]}"
17_8,74.42178125953983,1932.5297855420108,30.619112456770978,30.55950471061692,74.36057117988837,"{""geodesic"":false,""type"":""Polygon"",""coordinates"":[[[74.36057117988837,30.55950471061692],[74.42178125953983,30.55950471061692],[74.42178125953983,30.619112456770978],[74.36057117988837,30.619112456770978],[74.36057117988837,30.55950471061692]]]}"
17_9,74.4829913391913,1931.6102009005167,30.619112456770978,30.55950471061692,74.42178125953984,"{""geodesic"":false,""type"":""Polygon"",""coordinates"":[[[74.42178125953984,30.55950471061692],[74.4829913391913,30.55950471061692],[74.4829913391913,30.619112456770978],[74.42178125953984,30.619112456770978],[74.42178125953984,30.55950471061692]]]}"
17_10,74.54420141884276,1932.9820488481762,30.619112456770978,30.55950471061692,74.4829913391913,"{""geodesic"":false,""type"":""Polygon"",""coordinates"":[[[74.4829913391913,30.55950471061692],[74.54420141884276,30.55950471061692],[74.54420141884276,30.619112456770978],[74.4829913391913,30.619112456770978],[74.4829913391913,30.55950471061692]]]}"
17_11,74.60541149849422,1933.3695381430605,30.619112456770978,30.55950471061692,74.54420141884276,"{""geodesic"":false,""type"":""Polygon"",""coordinates"":[[[74.54420141884276,30.55950471061692],[74.60541149849422,30.55950471061692],[74.60541149849422,30.619112456770978],[74.54420141884276,30.619112456770978],[74.54420141884276,30.55950471061692]]]}"
17_12,74.66662157814568,1932.471398109633,30.619112456770978,30.55950471061692,74.60541149849422,"{""geodesic"":false,""type"":""Polygon"",""coordinates"":[[[74.60541149849422,30.55950471061692],[74.66662157814568,30.55950471061692],[74.66662157814568,30.619112456770978],[74.60541149849422,30.619112456770978],[74.60541149849422,30.55950471061692]]]}"
17_13,74.72783165779714,1931.577318948988,30.619112456770978,30.55950471061692,74.66662157814568,"{""geodesic"":false,""type"":""Polygon"",""coordinates"":[[[74.66662157814568,30.55950471061692],[74.72783165779714,30.55950471061692],[74.72783165779714,30.619112456770978],[74.66662157814568,30.619112456770978],[74.66662157814568,30.55950471061692]]]}"
17_14,74.7890417374486,1934.7185277178041,30.619112456770978,30.55950471061692,74.72783165779714,"{""geodesic"":false,""type"":""Polygon"",""coordinates"":[[[74.72783165779714,30.55950471061692],[74.7890417374486,30.55950471061692],[74.7890417374486,30.619112456770978],[74.72783165779714,30.619112456770978],[74.72783165779714,30.55950471061692]]]}"
17_15,74.85025181710006,1935.0688716506515,30.619112456770978,30.55950471061692,74.7890417374486,"{""geodesic"":false,""type"":""Polygon"",""coordinates"":[[[74.7890417374486,30.55950471061692],[74.85025181710006,30.55950471061692],[74.85025181710006,30.619112456770978],[74.7890417374486,30.619112456770978],[74.7890417374486,30.55950471061692]]]}"
17_16,74.91146189675152,1934.1842020772563,30.619112456770978,30.55950471061692,74.85025181710006,"{""geodesic"":false,""type"":""Polygon"",""coordinates"":[[[74.85025181710006,30.55950471061692],[74.91146189675152,30.55950471061692],[74.91146189675152,30.619112456770978],[74.85025181710006,30.619112456770978],[74.85025181710006,30.55950471061692]]]}"
17_17,74.97267197640298,1936.3752323013694,30.619112456770978,30.55950471061692,74.91146189675152,"{""geodesic"":false,""type"":""Polygon"",""coordinates"":[[[74.91146189675152,30.55950471061692],[74.97267197640298,30.55950471061692],[74.97267197640298,30.619112456770978],[74.91146189675152,30.619112456770978],[74.91146189675152,30.55950471061692]]]}"
17_18,75.03388205605444,1937.948618036895,30.619112456770978,30.55950471061692,74.97267197640298,"{""geodesic"":false,""type"":""Polygon"",""coordinates"":[[[74.97267197640298,30.55950471061692],[75.03388205605444,30.55950471061692],[75.03388205605444,30.619112456770978],[74.97267197640298,30.619112456770978],[74.97267197640298,30.55950471061692]]]}"
17_19,75.0950921357059,1937.247252318349,30.619112456770978,30.55950471061692,75.03388205605444,"{""geodesic"":false,""type"":""Polygon"",""coordinates"":[[[75.03388205605444,30.55950471061692],[75.0950921357059,30.55950471061692],[75.0950921357059,30.619112456770978],[75.03388205605444,30.619112456770978],[75.03388205605444,30.55950471061692]]]}"
17_20,75.15630221535736,1935.8551682787793,30.619112456770978,30.55950471061692,75.0950921357059,"{""geodesic"":false,""type"":""Polygon"",""coordinates"":[[[75.0950921357059,30.55950471061692],[75.15630221535736,30.55950471061692],[75.15630221535736,30.619112456770978],[75.0950921357059,30.619112456770978],[75.0950921357059,30.55950471061692]]]}"
17_21,75.21751229500882,1935.3550722429848,30.619112456770978,30.55950471061692,75.15630221535736,"{""geodesic"":false,""type"":""Polygon"",""coordinates"":[[[75.15630221535736,30.55950471061692],[75.21751229500882,30.55950471061692],[75.21751229500882,30.619112456770978],[75.15630221535736,30.619112456770978],[75.15630221535736,30.55950471061692]]]}"
17_22,75.27872237466028,1934.4463407388407,30.619112456770978,30.55950471061692,75.21751229500882,"{""geodesic"":false,""type"":""Polygon"",""coordinates"":[[[75.21751229500882,30.55950471061692],[75.27872237466028,30.55950471061692],[75.27872237466028,30.619112456770978],[75.21751229500882,30.619112456770978],[75.21751229500882,30.55950471061692]]]}"
17_23,75.33993245431174,1934.7404083909382,30.619112456770978,30.55950471061692,75.27872237466028,"{""geodesic"":false,""type"":""Polygon"",""coordinates"":[[[75.27872237466028,30.55950471061692],[75.33993245431174,30.55950471061692],[75.33993245431174,30.619112456770978],[75.27872237466028,30.619112456770978],[75.27872237466028,30.55950471061692]]]}"
17_24,75.4011425339632,1935.1906070591695,30.619112456770978,30.55950471061692,75.33993245431174,"{""geodesic"":false,""type"":""Polygon"",""coordinates"":[[[75.33993245431174,30.55950471061692],[75.4011425339632,30.55950471061692],[75.4011425339632,30.619112456770978],[75.33993245431174,30.619112456770978],[75.33993245431174,30.55950471061692]]]}"
17_25,75.46235261361466,1934.4834280672408,30.619112456770978,30.55950471061692,75.4011425339632,"{""geodesic"":false,""type"":""Polygon"",""coordinates"":[[[75.4011425339632,30.55950471061692],[75.46235261361466,30.55950471061692],[75.46235261361466,30.619112456770978],[75.4011425339632,30.619112456770978],[75.4011425339632,30.55950471061692]]]}"
17_26,75.52356269326613,1934.620446286157,30.619112456770978,30.55950471061692,75.46235261361467,"{""geodesic"":false,""type"":""Polygon"",""coordinates"":[[[75.46235261361467,30.55950471061692],[75.52356269326613,30.55950471061692],[75.52356269326613,30.619112456770978],[75.46235261361467,30.619112456770978],[75.46235261361467,30.55950471061692]]]}"
17_27,75.58477277291759,1934.4751767010873,30.619112456770978,30.55950471061692,75.52356269326613,"{""geodesic"":false,""type"":""Polygon"",""coordinates"":[[[75.52356269326613,30.55950471061692],[75.58477277291759,30.55950471061692],[75.58477277291759,30.619112456770978],[75.52356269326613,30.619112456770978],[75.52356269326613,30.55950471061692]]]}"
17_28,75.64598285256905,1934.825347011794,30.619112456770978,30.55950471061692,75.58477277291759,"{""geodesic"":false,""type"":""Polygon"",""coordinates"":[[[75.58477277291759,30.55950471061692],[75.64598285256905,30.55950471061692],[75.64598285256905,30.619112456770978],[75.58477277291759,30.619112456770978],[75.58477277291759,30.55950471061692]]]}"
17_29,75.70719293222051,1935.4098945926207,30.619112456770978,30.55950471061692,75.64598285256905,"{""geodesic"":false,""type"":""Polygon"",""coordinates"":[[[75.64598285256905,30.55950471061692],[75.70719293222051,30.55950471061692],[75.70719293222051,30.619112456770978],[75.64598285256905,30.619112456770978],[75.64598285256905,30.55950471061692]]]}"
17_30,75.76840301187197,1934.4380877380715,30.619112456770978,30.55950471061692,75.70719293222051,"{""geodesic"":false,""type"":""Polygon"",""coordinates"":[[[75.70719293222051,30.55950471061692],[75.76840301187197,30.55950471061692],[75.76840301187197,30.619112456770978],[75.70719293222051,30.619112456770978],[75.70719293222051,30.55950471061692]]]}"
17_31,75.82961309152343,1935.7386320692967,30.619112456770978,30.55950471061692,75.76840301187197,"{""geodesic"":false,""type"":""Polygon"",""coordinates"":[[[75.76840301187197,30.55950471061692],[75.82961309152343,30.55950471061692],[75.82961309152343,30.619112456770978],[75.76840301187197,30.619112456770978],[75.76840301187197,30.55950471061692]]]}"
17_32,75.89082317117489,1939.9098834457923,30.619112456770978,30.55950471061692,75.82961309152343,"{""geodesic"":false,""type"":""Polygon"",""coordinates"":[[[75.82961309152343,30.55950471061692],[75.89082317117489,30.55950471061692],[75.89082317117489,30.619112456770978],[75.82961309152343,30.619112456770978],[75.82961309152343,30.55950471061692]]]}"
17_33,75.95203325082635,1938.5466448271034,30.619112456770978,30.55950471061692,75.89082317117489,"{""geodesic"":false,""type"":""Polygon"",""coordinates"":[[[75.89082317117489,30.55950471061692],[75.95203325082635,30.55950471061692],[75.95203325082635,30.619112456770978],[75.89082317117489,30.619112456770978],[75.89082317117489,30.55950471061692]]]}"
17_34,76.0132433304778,1935.0804506279053,30.619112456770978,30.55950471061692,75.95203325082635,"{""geodesic"":false,""type"":""Polygon"",""coordinates"":[[[75.95203325082635,30.55950471061692],[76.0132433304778,30.55950471061692],[76.0132433304778,30.619112456770978],[75.95203325082635,30.619112456770978],[75.95203325082635,30.55950471061692]]]}"
17_35,76.07445341012927,1935.5393901196562,30.619112456770978,30.55950471061692,76.0132433304778,"{""geodesic"":false,""type"":""Polygon"",""coordinates"":[[[76.0132433304778,30.55950471061692],[76.07445341012927,30.55950471061692],[76.07445341012927,30.619112456770978],[76.0132433304778,30.619112456770978],[76.0132433304778,30.55950471061692]]]}"
17_36,76.13566348978073,1939.0953858331852,30.619112456770978,30.55950471061692,76.07445341012927,"{""geodesic"":false,""type"":""Polygon"",""coordinates"":[[[76.07445341012927,30.55950471061692],[76.13566348978073,30.55950471061692],[76.13566348978073,30.619112456770978],[76.07445341012927,30.619112456770978],[76.07445341012927,30.55950471061692]]]}"
17_37,76.19687356943219,1941.5513575547402,30.619112456770978,30.55950471061692,76.13566348978073,"{""geodesic"":false,""type"":""Polygon"",""coordinates"":[[[76.13566348978073,30.55950471061692],[76.19687356943219,30.55950471061692],[76.19687356943219,30.619112456770978],[76.13566348978073,30.619112456770978],[76.13566348978073,30.55950471061692]]]}"
17_38,76.25808364908364,1939.2034154417586,30.619112456770978,30.55950471061692,76.19687356943219,"{""geodesic"":false,""type"":""Polygon"",""coordinates"":[[[76.19687356943219,30.55950471061692],[76.25808364908364,30.55950471061692],[76.25808364908364,30.619112456770978],[76.19687356943219,30.619112456770978],[76.19687356943219,30.55950471061692]]]}"
17_39,76.3192937287351,1934.367034147057,30.619112456770978,30.55950471061692,76.25808364908364,"{""geodesic"":false,""type"":""Polygon"",""coordinates"":[[[76.25808364908364,30.55950471061692],[76.3192937287351,30.55950471061692],[76.3192937287351,30.619112456770978],[76.25808364908364,30.619112456770978],[76.25808364908364,30.55950471061692]]]}"
17_40,76.38050380838656,1932.605273478929,30.619112456770978,30.55950471061692,76.3192937287351,"{""geodesic"":false,""type"":""Polygon"",""coordinates"":[[[76.3192937287351,30.55950471061692],[76.38050380838656,30.55950471061692],[76.38050380838656,30.619112456770978],[76.3192937287351,30.619112456770978],[76.3192937287351,30.55950471061692]]]}"
17_41,76.44171388803802,1930.6999042529333,30.619112456770978,30.55950471061692,76.38050380838656,"{""geodesic"":false,""type"":""Polygon"",""coordinates"":[[[76.38050380838656,30.55950471061692],[76.44171388803802,30.55950471061692],[76.44171388803802,30.619112456770978],[76.38050380838656,30.619112456770978],[76.38050380838656,30.55950471061692]]]}"
17_42,76.5029239676895,1928.1099247013433,30.619112456770978,30.55950471061692,76.44171388803804,"{""geodesic"":false,""type"":""Polygon"",""coordinates"":[[[76.44171388803804,30.55950471061692],[76.5029239676895,30.55950471061692],[76.5029239676895,30.619112456770978],[76.44171388803804,30.619112456770978],[76.44171388803804,30.55950471061692]]]}"
17_43,76.56413404734096,1929.4464789772046,30.619112456770978,30.55950471061692,76.5029239676895,"{""geodesic"":false,""type"":""Polygon"",""coordinates"":[[[76.5029239676895,30.55950471061692],[76.56413404734096,30.55950471061692],[76.56413404734096,30.619112456770978],[76.5029239676895,30.619112456770978],[76.5029239676895,30.55950471061692]]]}"
17_44,76.62534412699242,1933.1048673935886,30.619112456770978,30.55950471061692,76.56413404734096,"{""geodesic"":false,""type"":""Polygon"",""coordinates"":[[[76.56413404734096,30.55950471061692],[76.62534412699242,30.55950471061692],[76.62534412699242,30.619112456770978],[76.56413404734096,30.619112456770978],[76.56413404734096,30.55950471061692]]]}"
17_45,76.68655420664388,1932.6995883934837,30.619112456770978,30.55950471061692,76.62534412699242,"{""geodesic"":false,""type"":""Polygon"",""coordinates"":[[[76.62534412699242,30.55950471061692],[76.68655420664388,30.55950471061692],[76.68655420664388,30.619112456770978],[76.62534412699242,30.619112456770978],[76.62534412699242,30.55950471061692]]]}"
17_46,76.74776428629534,1932.3476120298317,30.619112456770978,30.55950471061692,76.68655420664388,"{""geodesic"":false,""type"":""Polygon"",""coordinates"":[[[76.68655420664388,30.55950471061692],[76.74776428629534,30.55950471061692],[76.74776428629534,30.619112456770978],[76.68655420664388,30.619112456770978],[76.68655420664388,30.55950471061692]]]}"
17_47,76.8089743659468,1933.0311780152624,30.619112456770978,30.55950471061692,76.74776428629534,"{""geodesic"":false,""type"":""Polygon"",""coordinates"":[[[76.74776428629534,30.55950471061692],[76.8089743659468,30.55950471061692],[76.8089743659468,30.619112456770978],[76.74776428629534,30.619112456770978],[76.74776428629534,30.55950471061692]]]}"
17_48,76.87018444559826,1931.6826273608442,30.619112456770978,30.55950471061692,76.8089743659468,"{""geodesic"":false,""type"":""Polygon"",""coordinates"":[[[76.8089743659468,30.55950471061692],[76.87018444559826,30.55950471061692],[76.87018444559826,30.619112456770978],[76.8089743659468,30.619112456770978],[76.8089743659468,30.55950471061692]]]}"
17_49,76.93139452524971,1931.4350903021013,30.619112456770978,30.55950471061692,76.87018444559826,"{""geodesic"":false,""type"":""Polygon"",""coordinates"":[[[76.87018444559826,30.55950471061692],[76.93139452524971,30.55950471061692],[76.93139452524971,30.619112456770978],[76.87018444559826,30.619112456770978],[76.87018444559826,30.55950471061692]]]}"
18_4,74.17694094093399,1937.439708137419,30.678720202925035,30.619112456770978,74.11573086128253,"{""geodesic"":false,""type"":""Polygon"",""coordinates"":[[[74.11573086128253,30.619112456770978],[74.17694094093399,30.619112456770978],[74.17694094093399,30.678720202925035],[74.11573086128253,30.678720202925035],[74.11573086128253,30.619112456770978]]]}"
18_5,74.23815102058545,1935.868767992733,30.678720202925035,30.619112456770978,74.17694094093399,"{""geodesic"":false,""type"":""Polygon"",""coordinates"":[[[74.17694094093399,30.619112456770978],[74.23815102058545,30.619112456770978],[74.23815102058545,30.678720202925035],[74.17694094093399,30.678720202925035],[74.17694094093399,30.619112456770978]]]}"
18_6,74.29936110023691,1934.9113600563262,30.678720202925035,30.619112456770978,74.23815102058545,"{""geodesic"":false,""type"":""Polygon"",""coordinates"":[[[74.23815102058545,30.619112456770978],[74.29936110023691,30.619112456770978],[74.29936110023691,30.678720202925035],[74.23815102058545,30.678720202925035],[74.23815102058545,30.619112456770978]]]}"
18_7,74.36057117988837,1934.5913312457842,30.678720202925035,30.619112456770978,74.29936110023691,"{""geodesic"":false,""type"":""Polygon"",""coordinates"":[[[74.29936110023691,30.619112456770978],[74.36057117988837,30.619112456770978],[74.36057117988837,30.678720202925035],[74.29936110023691,30.678720202925035],[74.29936110023691,30.619112456770978]]]}"
18_8,74.42178125953983,1932.4787812409097,30.678720202925035,30.619112456770978,74.36057117988837,"{""geodesic"":false,""type"":""Polygon"",""coordinates"":[[[74.36057117988837,30.619112456770978],[74.42178125953983,30.619112456770978],[74.42178125953983,30.678720202925035],[74.36057117988837,30.678720202925035],[74.36057117988837,30.619112456770978]]]}"
18_9,74.4829913391913,1931.0815073734748,30.678720202925035,30.619112456770978,74.42178125953984,"{""geodesic"":false,""type"":""Polygon"",""coordinates"":[[[74.42178125953984,30.619112456770978],[74.4829913391913,30.619112456770978],[74.4829913391913,30.678720202925035],[74.42178125953984,30.678720202925035],[74.42178125953984,30.619112456770978]]]}"
18_10,74.54420141884276,1933.0062338780463,30.678720202925035,30.619112456770978,74.4829913391913,"{""geodesic"":false,""type"":""Polygon"",""coordinates"":[[[74.4829913391913,30.619112456770978],[74.54420141884276,30.619112456770978],[74.54420141884276,30.678720202925035],[74.4829913391913,30.678720202925035],[74.4829913391913,30.619112456770978]]]}"
18_11,74.60541149849422,1933.4577704373805,30.678720202925035,30.619112456770978,74.54420141884276,"{""geodesic"":false,""type"":""Polygon"",""coordinates"":[[[74.54420141884276,30.619112456770978],[74.60541149849422,30.619112456770978],[74.60541149849422,30.678720202925035],[74.54420141884276,30.678720202925035],[74.54420141884276,30.619112456770978]]]}"
18_12,74.66662157814568,1933.5533442272545,30.678720202925035,30.619112456770978,74.60541149849422,"{""geodesic"":false,""type"":""Polygon"",""coordinates"":[[[74.60541149849422,30.619112456770978],[74.66662157814568,30.619112456770978],[74.66662157814568,30.678720202925035],[74.60541149849422,30.678720202925035],[74.60541149849422,30.619112456770978]]]}"
18_13,74.72783165779714,1932.238935519712,30.678720202925035,30.619112456770978,74.66662157814568,"{""geodesic"":false,""type"":""Polygon"",""coordinates"":[[[74.66662157814568,30.619112456770978],[74.72783165779714,30.619112456770978],[74.72783165779714,30.678720202925035],[74.66662157814568,30.678720202925035],[74.66662157814568,30.619112456770978]]]}"
18_14,74.7890417374486,1935.8855493419705,30.678720202925035,30.619112456770978,74.72783165779714,"{""geodesic"":false,""type"":""Polygon"",""coordinates"":[[[74.72783165779714,30.619112456770978],[74.7890417374486,30.619112456770978],[74.7890417374486,30.678720202925035],[74.72783165779714,30.678720202925035],[74.72783165779714,30.619112456770978]]]}"
18_15,74.85025181710006,1935.6483044525805,30.678720202925035,30.619112456770978,74.7890417374486,"{""geodesic"":false,""type"":""Polygon"",""coordinates"":[[[74.7890417374486,30.619112456770978],[74.85025181710006,30.619112456770978],[74.85025181710006,30.678720202925035],[74.7890417374486,30.678720202925035],[74.7890417374486,30.619112456770978]]]}"
18_16,74.91146189675152,1936.7346177264458,30.678720202925035,30.619112456770978,74.85025181710006,"{""geodesic"":false,""type"":""Polygon"",""coordinates"":[[[74.85025181710006,30.619112456770978],[74.91146189675152,30.619112456770978],[74.91146189675152,30.678720202925035],[74.85025181710006,30.678720202925035],[74.85025181710006,30.619112456770978]]]}"
18_17,74.97267197640298,1938.3307739283555,30.678720202925035,30.619112456770978,74.91146189675152,"{""geodesic"":false,""type"":""Polygon"",""coordinates"":[[[74.91146189675152,30.619112456770978],[74.97267197640298,30.619112456770978],[74.97267197640298,30.678720202925035],[74.91146189675152,30.678720202925035],[74.91146189675152,30.619112456770978]]]}"
18_18,75.03388205605444,1938.5155088305185,30.678720202925035,30.619112456770978,74.97267197640298,"{""geodesic"":false,""type"":""Polygon"",""coordinates"":[[[74.97267197640298,30.619112456770978],[75.03388205605444,30.619112456770978],[75.03388205605444,30.678720202925035],[74.97267197640298,30.678720202925035],[74.97267197640298,30.619112456770978]]]}"
18_19,75.0950921357059,1937.213005086529,30.678720202925035,30.619112456770978,75.03388205605444,"{""geodesic"":false,""type"":""Polygon"",""coordinates"":[[[75.03388205605444,30.619112456770978],[75.0950921357059,30.619112456770978],[75.0950921357059,30.678720202925035],[75.03388205605444,30.678720202925035],[75.03388205605444,30.619112456770978]]]}"
18_20,75.15630221535736,1935.4051531280998,30.678720202925035,30.619112456770978,75.0950921357059,"{""geodesic"":false,""type"":""Polygon"",""coordinates"":[[[75.0950921357059,30.619112456770978],[75.15630221535736,30.619112456770978],[75.15630221535736,30.678720202925035],[75.0950921357059,30.678720202925035],[75.0950921357059,30.619112456770978]]]}"
18_21,75.21751229500882,1935.5332256358247,30.678720202925035,30.619112456770978,75.15630221535736,"{""geodesic"":false,""type"":""Polygon"",""coordinates"":[[[75.15630221535736,30.619112456770978],[75.21751229500882,30.619112456770978],[75.21751229500882,30.678720202925035],[75.15630221535736,30.678720202925035],[75.15630221535736,30.619112456770978]]]}"
18_22,75.27872237466028,1935.3831747067054,30.678720202925035,30.619112456770978,75.21751229500882,"{""geodesic"":false,""type"":""Polygon"",""coordinates"":[[[75.21751229500882,30.619112456770978],[75.27872237466028,30.619112456770978],[75.27872237466028,30.678720202925035],[75.21751229500882,30.678720202925035],[75.21751229500882,30.619112456770978]]]}"
18_23,75.33993245431174,1935.530878731831,30.678720202925035,30.619112456770978,75.27872237466028,"{""geodesic"":false,""type"":""Polygon"",""coordinates"":[[[75.27872237466028,30.619112456770978],[75.33993245431174,30.619112456770978],[75.33993245431174,30.678720202925035],[75.27872237466028,30.678720202925035],[75.27872237466028,30.619112456770978]]]}"
18_24,75.4011425339632,1935.2132475936887,30.678720202925035,30.619112456770978,75.33993245431174,"{""geodesic"":false,""type"":""Polygon"",""coordinates"":[[[75.33993245431174,30.619112456770978],[75.4011425339632,30.619112456770978],[75.4011425339632,30.678720202925035],[75.33993245431174,30.678720202925035],[75.33993245431174,30.619112456770978]]]}"
18_25,75.46235261361466,1934.487872266097,30.678720202925035,30.619112456770978,75.4011425339632,"{""geodesic"":false,""type"":""Polygon"",""coordinates"":[[[75.4011425339632,30.619112456770978],[75.46235261361466,30.619112456770978],[75.46235261361466,30.678720202925035],[75.4011425339632,30.678720202925035],[75.4011425339632,30.619112456770978]]]}"
18_26,75.52356269326613,1935.2239892682803,30.678720202925035,30.619112456770978,75.46235261361467,"{""geodesic"":false,""type"":""Polygon"",""coordinates"":[[[75.46235261361467,30.619112456770978],[75.52356269326613,30.619112456770978],[75.52356269326613,30.678720202925035],[75.46235261361467,30.678720202925035],[75.46235261361467,30.619112456770978]]]}"
18_27,75.58477277291759,1935.971126841442,30.678720202925035,30.619112456770978,75.52356269326613,"{""geodesic"":false,""type"":""Polygon"",""coordinates"":[[[75.52356269326613,30.619112456770978],[75.58477277291759,30.619112456770978],[75.58477277291759,30.678720202925035],[75.52356269326613,30.678720202925035],[75.52356269326613,30.619112456770978]]]}"
18_28,75.64598285256905,1937.4745789526698,30.678720202925035,30.619112456770978,75.58477277291759,"{""geodesic"":false,""type"":""Polygon"",""coordinates"":[[[75.58477277291759,30.619112456770978],[75.64598285256905,30.619112456770978],[75.64598285256905,30.678720202925035],[75.58477277291759,30.678720202925035],[75.58477277291759,30.619112456770978]]]}"
18_29,75.70719293222051,1937.537738057925,30.678720202925035,30.619112456770978,75.64598285256905,"{""geodesic"":false,""type"":""Polygon"",""coordinates"":[[[75.64598285256905,30.619112456770978],[75.70719293222051,30.619112456770978],[75.70719293222051,30.678720202925035],[75.64598285256905,30.678720202925035],[75.64598285256905,30.619112456770978]]]}"
18_30,75.76840301187197,1936.9108846088336,30.678720202925035,30.619112456770978,75.70719293222051,"{""geodesic"":false,""type"":""Polygon"",""coordinates"":[[[75.70719293222051,30.619112456770978],[75.76840301187197,30.619112456770978],[75.76840301187197,30.678720202925035],[75.70719293222051,30.678720202925035],[75.70719293222051,30.619112456770978]]]}"
18_31,75.82961309152343,1937.5160484286407,30.678720202925035,30.619112456770978,75.76840301187197,"{""geodesic"":false,""type"":""Polygon"",""coordinates"":[[[75.76840301187197,30.619112456770978],[75.82961309152343,30.619112456770978],[75.82961309152343,30.678720202925035],[75.76840301187197,30.678720202925035],[75.76840301187197,30.619112456770978]]]}"
18_32,75.89082317117489,1939.3542425835658,30.678720202925035,30.619112456770978,75.82961309152343,"{""geodesic"":false,""type"":""Polygon"",""coordinates"":[[[75.82961309152343,30.619112456770978],[75.89082317117489,30.619112456770978],[75.89082317117489,30.678720202925035],[75.82961309152343,30.678720202925035],[75.82961309152343,30.619112456770978]]]}"
18_33,75.95203325082635,1937.438777688438,30.678720202925035,30.619112456770978,75.89082317117489,"{""geodesic"":false,""type"":""Polygon"",""coordinates"":[[[75.89082317117489,30.619112456770978],[75.95203325082635,30.619112456770978],[75.95203325082635,30.678720202925035],[75.89082317117489,30.678720202925035],[75.89082317117489,30.619112456770978]]]}"
18_34,76.0132433304778,1936.0586783802496,30.678720202925035,30.619112456770978,75.95203325082635,"{""geodesic"":false,""type"":""Polygon"",""coordinates"":[[[75.95203325082635,30.619112456770978],[76.0132433304778,30.619112456770978],[76.0132433304778,30.678720202925035],[75.95203325082635,30.678720202925035],[75.95203325082635,30.619112456770978]]]}"
18_35,76.07445341012927,1937.1973205115075,30.678720202925035,30.619112456770978,76.0132433304778,"{""geodesic"":false,""type"":""Polygon"",""coordinates"":[[[76.0132433304778,30.619112456770978],[76.07445341012927,30.619112456770978],[76.07445341012927,30.678720202925035],[76.0132433304778,30.678720202925035],[76.0132433304778,30.619112456770978]]]}"
18_36,76.13566348978073,1938.9170538139506,30.678720202925035,30.619112456770978,76.07445341012927,"{""geodesic"":false,""type"":""Polygon"",""coordinates"":[[[76.07445341012927,30.619112456770978],[76.13566348978073,30.619112456770978],[76.13566348978073,30.678720202925035],[76.07445341012927,30.678720202925035],[76.07445341012927,30.619112456770978]]]}"
18_37,76.19687356943219,1938.6815340457847,30.678720202925035,30.619112456770978,76.13566348978073,"{""geodesic"":false,""type"":""Polygon"",""coordinates"":[[[76.13566348978073,30.619112456770978],[76.19687356943219,30.619112456770978],[76.19687356943219,30.678720202925035],[76.13566348978073,30.678720202925035],[76.13566348978073,30.619112456770978]]]}"
18_38,76.25808364908364,1936.783101440915,30.678720202925035,30.619112456770978,76.19687356943219,"{""geodesic"":false,""type"":""Polygon"",""coordinates"":[[[76.19687356943219,30.619112456770978],[76.25808364908364,30.619112456770978],[76.25808364908364,30.678720202925035],[76.19687356943219,30.678720202925035],[76.19687356943219,30.619112456770978]]]}"
18_39,76.3192937287351,1933.8448228512761,30.678720202925035,30.619112456770978,76.25808364908364,"{""geodesic"":false,""type"":""Polygon"",""coordinates"":[[[76.25808364908364,30.619112456770978],[76.3192937287351,30.619112456770978],[76.3192937287351,30.678720202925035],[76.25808364908364,30.678720202925035],[76.25808364908364,30.619112456770978]]]}"
18_40,76.38050380838656,1932.0018034041766,30.678720202925035,30.619112456770978,76.3192937287351,"{""geodesic"":false,""type"":""Polygon"",""coordinates"":[[[76.3192937287351,30.619112456770978],[76.38050380838656,30.619112456770978],[76.38050380838656,30.678720202925035],[76.3192937287351,30.678720202925035],[76.3192937287351,30.619112456770978]]]}"
18_41,76.44171388803802,1929.600310923875,30.678720202925035,30.619112456770978,76.38050380838656,"{""geodesic"":false,""type"":""Polygon"",""coordinates"":[[[76.38050380838656,30.619112456770978],[76.44171388803802,30.619112456770978],[76.44171388803802,30.678720202925035],[76.38050380838656,30.678720202925035],[76.38050380838656,30.619112456770978]]]}"
18_42,76.5029239676895,1928.2683194017018,30.678720202925035,30.619112456770978,76.44171388803804,"{""geodesic"":false,""type"":""Polygon"",""coordinates"":[[[76.44171388803804,30.619112456770978],[76.5029239676895,30.619112456770978],[76.5029239676895,30.678720202925035],[76.44171388803804,30.678720202925035],[76.44171388803804,30.619112456770978]]]}"
18_43,76.56413404734096,1929.4560841520647,30.678720202925035,30.619112456770978,76.5029239676895,"{""geodesic"":false,""type"":""Polygon"",""coordinates"":[[[76.5029239676895,30.619112456770978],[76.56413404734096,30.619112456770978],[76.56413404734096,30.678720202925035],[76.5029239676895,30.678720202925035],[76.5029239676895,30.619112456770978]]]}"
18_44,76.62534412699242,1932.674622541317,30.678720202925035,30.619112456770978,76.56413404734096,"{""geodesic"":false,""type"":""Polygon"",""coordinates"":[[[76.56413404734096,30.619112456770978],[76.62534412699242,30.619112456770978],[76.62534412699242,30.678720202925035],[76.56413404734096,30.678720202925035],[76.56413404734096,30.619112456770978]]]}"
18_45,76.68655420664388,1932.9528771228916,30.678720202925035,30.619112456770978,76.62534412699242,"{""geodesic"":false,""type"":""Polygon"",""coordinates"":[[[76.62534412699242,30.619112456770978],[76.68655420664388,30.619112456770978],[76.68655420664388,30.678720202925035],[76.62534412699242,30.678720202925035],[76.62534412699242,30.619112456770978]]]}"
18_46,76.74776428629534,1934.2682933780998,30.678720202925035,30.619112456770978,76.68655420664388,"{""geodesic"":false,""type"":""Polygon"",""coordinates"":[[[76.68655420664388,30.619112456770978],[76.74776428629534,30.619112456770978],[76.74776428629534,30.678720202925035],[76.68655420664388,30.678720202925035],[76.68655420664388,30.619112456770978]]]}"
18_47,76.8089743659468,1934.237285821661,30.678720202925035,30.619112456770978,76.74776428629534,"{""geodesic"":false,""type"":""Polygon"",""coordinates"":[[[76.74776428629534,30.619112456770978],[76.8089743659468,30.619112456770978],[76.8089743659468,30.678720202925035],[76.74776428629534,30.678720202925035],[76.74776428629534,30.619112456770978]]]}"
18_48,76.87018444559826,1931.223274566182,30.678720202925035,30.619112456770978,76.8089743659468,"{""geodesic"":false,""type"":""Polygon"",""coordinates"":[[[76.8089743659468,30.619112456770978],[76.87018444559826,30.619112456770978],[76.87018444559826,30.678720202925035],[76.8089743659468,30.678720202925035],[76.8089743659468,30.619112456770978]]]}"
18_49,76.93139452524971,1930.661466914181,30.678720202925035,30.619112456770978,76.87018444559826,"{""geodesic"":false,""type"":""Polygon"",""coordinates"":[[[76.87018444559826,30.619112456770978],[76.93139452524971,30.619112456770978],[76.93139452524971,30.678720202925035],[76.87018444559826,30.678720202925035],[76.87018444559826,30.619112456770978]]]}"
19_5,74.23815102058545,1938.176111799999,30.738327949079096,30.67872020292504,74.17694094093399,"{""geodesic"":false,""type"":""Polygon"",""coordinates"":[[[74.17694094093399,30.67872020292504],[74.23815102058545,30.67872020292504],[74.23815102058545,30.738327949079096],[74.17694094093399,30.738327949079096],[74.17694094093399,30.67872020292504]]]}"
19_6,74.29936110023691,1937.33788646544,30.738327949079096,30.67872020292504,74.23815102058545,"{""geodesic"":false,""type"":""Polygon"",""coordinates"":[[[74.23815102058545,30.67872020292504],[74.29936110023691,30.67872020292504],[74.29936110023691,30.738327949079096],[74.23815102058545,30.738327949079096],[74.23815102058545,30.67872020292504]]]}"
19_7,74.36057117988837,1935.3464942826074,30.738327949079096,30.67872020292504,74.29936110023691,"{""geodesic"":false,""type"":""Polygon"",""coordinates"":[[[74.29936110023691,30.67872020292504],[74.36057117988837,30.67872020292504],[74.36057117988837,30.738327949079096],[74.29936110023691,30.738327949079096],[74.29936110023691,30.67872020292504]]]}"
19_8,74.42178125953983,1932.9011586579172,30.738327949079096,30.67872020292504,74.36057117988837,"{""geodesic"":false,""type"":""Polygon"",""coordinates"":[[[74.36057117988837,30.67872020292504],[74.42178125953983,30.67872020292504],[74.42178125953983,30.738327949079096],[74.36057117988837,30.738327949079096],[74.36057117988837,30.67872020292504]]]}"
19_9,74.4829913391913,1932.8149209907126,30.738327949079096,30.67872020292504,74.42178125953984,"{""geodesic"":false,""type"":""Polygon"",""coordinates"":[[[74.42178125953984,30.67872020292504],[74.4829913391913,30.67872020292504],[74.4829913391913,30.738327949079096],[74.42178125953984,30.738327949079096],[74.42178125953984,30.67872020292504]]]}"
19_10,74.54420141884276,1932.8642618651531,30.738327949079096,30.67872020292504,74.4829913391913,"{""geodesic"":false,""type"":""Polygon"",""coordinates"":[[[74.4829913391913,30.67872020292504],[74.54420141884276,30.67872020292504],[74.54420141884276,30.738327949079096],[74.4829913391913,30.738327949079096],[74.4829913391913,30.67872020292504]]]}"
19_11,74.60541149849422,1933.476161537115,30.738327949079096,30.67872020292504,74.54420141884276,"{""geodesic"":false,""type"":""Polygon"",""coordinates"":[[[74.54420141884276,30.67872020292504],[74.60541149849422,30.67872020292504],[74.60541149849422,30.738327949079096],[74.54420141884276,30.738327949079096],[74.54420141884276,30.67872020292504]]]}"
19_12,74.66662157814568,1932.399632222385,30.738327949079096,30.67872020292504,74.60541149849422,"{""geodesic"":false,""type"":""Polygon"",""coordinates"":[[[74.60541149849422,30.67872020292504],[74.66662157814568,30.67872020292504],[74.66662157814568,30.738327949079096],[74.60541149849422,30.738327949079096],[74.60541149849422,30.67872020292504]]]}"
19_13,74.72783165779714,1931.080049060572,30.738327949079096,30.67872020292504,74.66662157814568,"{""geodesic"":false,""type"":""Polygon"",""coordinates"":[[[74.66662157814568,30.67872020292504],[74.72783165779714,30.67872020292504],[74.72783165779714,30.738327949079096],[74.66662157814568,30.738327949079096],[74.66662157814568,30.67872020292504]]]}"
19_14,74.7890417374486,1934.308240675652,30.738327949079096,30.67872020292504,74.72783165779714,"{""geodesic"":false,""type"":""Polygon"",""coordinates"":[[[74.72783165779714,30.67872020292504],[74.7890417374486,30.67872020292504],[74.7890417374486,30.738327949079096],[74.72783165779714,30.738327949079096],[74.72783165779714,30.67872020292504]]]}"
19_15,74.85025181710006,1934.4820694243408,30.738327949079096,30.67872020292504,74.7890417374486,"{""geodesic"":false,""type"":""Polygon"",""coordinates"":[[[74.7890417374486,30.67872020292504],[74.85025181710006,30.67872020292504],[74.85025181710006,30.738327949079096],[74.7890417374486,30.738327949079096],[74.7890417374486,30.67872020292504]]]}"
19_16,74.91146189675152,1935.8699792203472,30.738327949079096,30.67872020292504,74.85025181710006,"{""geodesic"":false,""type"":""Polygon"",""coordinates"":[[[74.85025181710006,30.67872020292504],[74.91146189675152,30.67872020292504],[74.91146189675152,30.738327949079096],[74.85025181710006,30.738327949079096],[74.85025181710006,30.67872020292504]]]}"
19_17,74.97267197640298,1937.560272446078,30.738327949079096,30.67872020292504,74.91146189675152,"{""geodesic"":false,""type"":""Polygon"",""coordinates"":[[[74.91146189675152,30.67872020292504],[74.97267197640298,30.67872020292504],[74.97267197640298,30.738327949079096],[74.91146189675152,30.738327949079096],[74.91146189675152,30.67872020292504]]]}"
19_18,75.03388205605444,1938.1323943871823,30.738327949079096,30.67872020292504,74.97267197640298,"{""geodesic"":false,""type"":""Polygon"",""coordinates"":[[[74.97267197640298,30.67872020292504],[75.03388205605444,30.67872020292504],[75.03388205605444,30.738327949079096],[74.97267197640298,30.738327949079096],[74.97267197640298,30.67872020292504]]]}"
19_19,75.0950921357059,1937.407027263124,30.738327949079096,30.67872020292504,75.03388205605444,"{""geodesic"":false,""type"":""Polygon"",""coordinates"":[[[75.03388205605444,30.67872020292504],[75.0950921357059,30.67872020292504],[75.0950921357059,30.738327949079096],[75.03388205605444,30.738327949079096],[75.03388205605444,30.67872020292504]]]}"
19_20,75.15630221535736,1935.647247942977,30.738327949079096,30.67872020292504,75.0950921357059,"{""geodesic"":false,""type"":""Polygon"",""coordinates"":[[[75.0950921357059,30.67872020292504],[75.15630221535736,30.67872020292504],[75.15630221535736,30.738327949079096],[75.0950921357059,30.738327949079096],[75.0950921357059,30.67872020292504]]]}"
19_21,75.21751229500882,1934.9619669659776,30.738327949079096,30.67872020292504,75.15630221535736,"{""geodesic"":false,""type"":""Polygon"",""coordinates"":[[[75.15630221535736,30.67872020292504],[75.21751229500882,30.67872020292504],[75.21751229500882,30.738327949079096],[75.15630221535736,30.738327949079096],[75.15630221535736,30.67872020292504]]]}"
19_22,75.27872237466028,1934.4395893118904,30.738327949079096,30.67872020292504,75.21751229500882,"{""geodesic"":false,""type"":""Polygon"",""coordinates"":[[[75.21751229500882,30.67872020292504],[75.27872237466028,30.67872020292504],[75.27872237466028,30.738327949079096],[75.21751229500882,30.738327949079096],[75.21751229500882,30.67872020292504]]]}"
19_23,75.33993245431174,1934.4454067041604,30.738327949079096,30.67872020292504,75.27872237466028,"{""geodesic"":false,""type"":""Polygon"",""coordinates"":[[[75.27872237466028,30.67872020292504],[75.33993245431174,30.67872020292504],[75.33993245431174,30.738327949079096],[75.27872237466028,30.738327949079096],[75.27872237466028,30.67872020292504]]]}"
19_24,75.4011425339632,1934.3809873414348,30.738327949079096,30.67872020292504,75.33993245431174,"{""geodesic"":false,""type"":""Polygon"",""coordinates"":[[[75.33993245431174,30.67872020292504],[75.4011425339632,30.67872020292504],[75.4011425339632,30.738327949079096],[75.33993245431174,30.738327949079096],[75.33993245431174,30.67872020292504]]]}"
19_25,75.46235261361466,1933.2440321347897,30.738327949079096,30.67872020292504,75.4011425339632,"{""geodesic"":false,""type"":""Polygon"",""coordinates"":[[[75.4011425339632,30.67872020292504],[75.46235261361466,30.67872020292504],[75.46235261361466,30.738327949079096],[75.4011425339632,30.738327949079096],[75.4011425339632,30.67872020292504]]]}"
19_26,75.52356269326613,1934.3470906804941,30.738327949079096,30.67872020292504,75.46235261361467,"{""geodesic"":false,""type"":""Polygon"",""coordinates"":[[[75.46235261361467,30.67872020292504],[75.52356269326613,30.67872020292504],[75.52356269326613,30.738327949079096],[75.46235261361467,30.738327949079096],[75.46235261361467,30.67872020292504]]]}"
19_27,75.58477277291759,1936.0370977241876,30.738327949079096,30.67872020292504,75.52356269326613,"{""geodesic"":false,""type"":""Polygon"",""coordinates"":[[[75.52356269326613,30.67872020292504],[75.58477277291759,30.67872020292504],[75.58477277291759,30.738327949079096],[75.52356269326613,30.738327949079096],[75.52356269326613,30.67872020292504]]]}"
19_28,75.64598285256905,1938.4249501163094,30.738327949079096,30.67872020292504,75.58477277291759,"{""geodesic"":false,""type"":""Polygon"",""coordinates"":[[[75.58477277291759,30.67872020292504],[75.64598285256905,30.67872020292504],[75.64598285256905,30.738327949079096],[75.58477277291759,30.738327949079096],[75.58477277291759,30.67872020292504]]]}"
19_29,75.70719293222051,1938.6232486629597,30.738327949079096,30.67872020292504,75.64598285256905,"{""geodesic"":false,""type"":""Polygon"",""coordinates"":[[[75.64598285256905,30.67872020292504],[75.70719293222051,30.67872020292504],[75.70719293222051,30.738327949079096],[75.64598285256905,30.738327949079096],[75.64598285256905,30.67872020292504]]]}"
19_30,75.76840301187197,1937.7331909463435,30.738327949079096,30.67872020292504,75.70719293222051,"{""geodesic"":false,""type"":""Polygon"",""coordinates"":[[[75.70719293222051,30.67872020292504],[75.76840301187197,30.67872020292504],[75.76840301187197,30.738327949079096],[75.70719293222051,30.738327949079096],[75.70719293222051,30.67872020292504]]]}"
19_31,75.82961309152343,1938.0745479417646,30.738327949079096,30.67872020292504,75.76840301187197,"{""geodesic"":false,""type"":""Polygon"",""coordinates"":[[[75.76840301187197,30.67872020292504],[75.82961309152343,30.67872020292504],[75.82961309152343,30.738327949079096],[75.76840301187197,30.738327949079096],[75.76840301187197,30.67872020292504]]]}"
19_32,75.89082317117489,1938.4881117567973,30.738327949079096,30.67872020292504,75.82961309152343,"{""geodesic"":false,""type"":""Polygon"",""coordinates"":[[[75.82961309152343,30.67872020292504],[75.89082317117489,30.67872020292504],[75.89082317117489,30.738327949079096],[75.82961309152343,30.738327949079096],[75.82961309152343,30.67872020292504]]]}"
19_33,75.95203325082635,1935.7792489697383,30.738327949079096,30.67872020292504,75.89082317117489,"{""geodesic"":false,""type"":""Polygon"",""coordinates"":[[[75.89082317117489,30.67872020292504],[75.95203325082635,30.67872020292504],[75.95203325082635,30.738327949079096],[75.89082317117489,30.738327949079096],[75.89082317117489,30.67872020292504]]]}"
19_34,76.0132433304778,1936.2165755709887,30.738327949079096,30.67872020292504,75.95203325082635,"{""geodesic"":false,""type"":""Polygon"",""coordinates"":[[[75.95203325082635,30.67872020292504],[76.0132433304778,30.67872020292504],[76.0132433304778,30.738327949079096],[75.95203325082635,30.738327949079096],[75.95203325082635,30.67872020292504]]]}"
19_35,76.07445341012927,1938.6758930391234,30.738327949079096,30.67872020292504,76.0132433304778,"{""geodesic"":false,""type"":""Polygon"",""coordinates"":[[[76.0132433304778,30.67872020292504],[76.07445341012927,30.67872020292504],[76.07445341012927,30.738327949079096],[76.0132433304778,30.738327949079096],[76.0132433304778,30.67872020292504]]]}"
19_36,76.13566348978073,1939.4682784187032,30.738327949079096,30.67872020292504,76.07445341012927,"{""geodesic"":false,""type"":""Polygon"",""coordinates"":[[[76.07445341012927,30.67872020292504],[76.13566348978073,30.67872020292504],[76.13566348978073,30.738327949079096],[76.07445341012927,30.738327949079096],[76.07445341012927,30.67872020292504]]]}"
19_37,76.19687356943219,1938.610210818408,30.738327949079096,30.67872020292504,76.13566348978073,"{""geodesic"":false,""type"":""Polygon"",""coordinates"":[[[76.13566348978073,30.67872020292504],[76.19687356943219,30.67872020292504],[76.19687356943219,30.738327949079096],[76.13566348978073,30.738327949079096],[76.13566348978073,30.67872020292504]]]}"
19_38,76.25808364908364,1936.1276182528677,30.738327949079096,30.67872020292504,76.19687356943219,"{""geodesic"":false,""type"":""Polygon"",""coordinates"":[[[76.19687356943219,30.67872020292504],[76.25808364908364,30.67872020292504],[76.25808364908364,30.738327949079096],[76.19687356943219,30.738327949079096],[76.19687356943219,30.67872020292504]]]}"
19_39,76.3192937287351,1933.3025031410577,30.738327949079096,30.67872020292504,76.25808364908364,"{""geodesic"":false,""type"":""Polygon"",""coordinates"":[[[76.25808364908364,30.67872020292504],[76.3192937287351,30.67872020292504],[76.3192937287351,30.738327949079096],[76.25808364908364,30.738327949079096],[76.25808364908364,30.67872020292504]]]}"
19_40,76.38050380838656,1931.3390945584506,30.738327949079096,30.67872020292504,76.3192937287351,"{""geodesic"":false,""type"":""Polygon"",""coordinates"":[[[76.3192937287351,30.67872020292504],[76.38050380838656,30.67872020292504],[76.38050380838656,30.738327949079096],[76.3192937287351,30.738327949079096],[76.3192937287351,30.67872020292504]]]}"
19_41,76.44171388803802,1928.1683170439587,30.738327949079096,30.67872020292504,76.38050380838656,"{""geodesic"":false,""type"":""Polygon"",""coordinates"":[[[76.38050380838656,30.67872020292504],[76.44171388803802,30.67872020292504],[76.44171388803802,30.738327949079096],[76.38050380838656,30.738327949079096],[76.38050380838656,30.67872020292504]]]}"
19_42,76.5029239676895,1927.79382879212,30.738327949079096,30.67872020292504,76.44171388803804,"{""geodesic"":false,""type"":""Polygon"",""coordinates"":[[[76.44171388803804,30.67872020292504],[76.5029239676895,30.67872020292504],[76.5029239676895,30.738327949079096],[76.44171388803804,30.738327949079096],[76.44171388803804,30.67872020292504]]]}"
19_43,76.56413404734096,1929.630335233518,30.738327949079096,30.67872020292504,76.5029239676895,"{""geodesic"":false,""type"":""Polygon"",""coordinates"":[[[76.5029239676895,30.67872020292504],[76.56413404734096,30.67872020292504],[76.56413404734096,30.738327949079096],[76.5029239676895,30.738327949079096],[76.5029239676895,30.67872020292504]]]}"
19_44,76.62534412699242,1932.3384377556333,30.738327949079096,30.67872020292504,76.56413404734096,"{""geodesic"":false,""type"":""Polygon"",""coordinates"":[[[76.56413404734096,30.67872020292504],[76.62534412699242,30.67872020292504],[76.62534412699242,30.738327949079096],[76.56413404734096,30.738327949079096],[76.56413404734096,30.67872020292504]]]}"
19_45,76.68655420664388,1932.008834940625,30.738327949079096,30.67872020292504,76.62534412699242,"{""geodesic"":false,""type"":""Polygon"",""coordinates"":[[[76.62534412699242,30.67872020292504],[76.68655420664388,30.67872020292504],[76.68655420664388,30.738327949079096],[76.62534412699242,30.738327949079096],[76.62534412699242,30.67872020292504]]]}"
19_46,76.74776428629534,1931.8588417664075,30.738327949079096,30.67872020292504,76.68655420664388,"{""geodesic"":false,""type"":""Polygon"",""coordinates"":[[[76.68655420664388,30.67872020292504],[76.74776428629534,30.67872020292504],[76.74776428629534,30.738327949079096],[76.68655420664388,30.738327949079096],[76.68655420664388,30.67872020292504]]]}"
19_47,76.8089743659468,1930.1470845718875,30.738327949079096,30.67872020292504,76.74776428629534,"{""geodesic"":false,""type"":""Polygon"",""coordinates"":[[[76.74776428629534,30.67872020292504],[76.8089743659468,30.67872020292504],[76.8089743659468,30.738327949079096],[76.74776428629534,30.738327949079096],[76.74776428629534,30.67872020292504]]]}"
19_48,76.87018444559826,1926.803509399988,30.738327949079096,30.67872020292504,76.8089743659468,"{""geodesic"":false,""type"":""Polygon"",""coordinates"":[[[76.8089743659468,30.67872020292504],[76.87018444559826,30.67872020292504],[76.87018444559826,30.738327949079096],[76.8089743659468,30.738327949079096],[76.8089743659468,30.67872020292504]]]}"
20_6,74.29936110023691,1940.325685088414,30.797935695233154,30.738327949079096,74.23815102058545,"{""geodesic"":false,""type"":""Polygon"",""coordinates"":[[[74.23815102058545,30.738327949079096],[74.29936110023691,30.738327949079096],[74.29936110023691,30.797935695233154],[74.23815102058545,30.797935695233154],[74.23815102058545,30.738327949079096]]]}"
20_7,74.36057117988837,1937.37995570482,30.797935695233154,30.738327949079096,74.29936110023691,"{""geodesic"":false,""type"":""Polygon"",""coordinates"":[[[74.29936110023691,30.738327949079096],[74.36057117988837,30.738327949079096],[74.36057117988837,30.797935695233154],[74.29936110023691,30.797935695233154],[74.29936110023691,30.738327949079096]]]}"
20_8,74.42178125953983,1933.6392121740455,30.797935695233154,30.738327949079096,74.36057117988837,"{""geodesic"":false,""type"":""Polygon"",""coordinates"":[[[74.36057117988837,30.738327949079096],[74.42178125953983,30.738327949079096],[74.42178125953983,30.797935695233154],[74.36057117988837,30.797935695233154],[74.36057117988837,30.738327949079096]]]}"
20_9,74.4829913391913,1933.4620272420811,30.797935695233154,30.738327949079096,74.42178125953984,"{""geodesic"":false,""type"":""Polygon"",""coordinates"":[[[74.42178125953984,30.738327949079096],[74.4829913391913,30.738327949079096],[74.4829913391913,30.797935695233154],[74.42178125953984,30.797935695233154],[74.42178125953984,30.738327949079096]]]}"
20_10,74.54420141884276,1933.118186618151,30.797935695233154,30.738327949079096,74.4829913391913,"{""geodesic"":false,""type"":""Polygon"",""coordinates"":[[[74.4829913391913,30.738327949079096],[74.54420141884276,30.738327949079096],[74.54420141884276,30.797935695233154],[74.4829913391913,30.797935695233154],[74.4829913391913,30.738327949079096]]]}"
20_11,74.60541149849422,1933.3180776563506,30.797935695233154,30.738327949079096,74.54420141884276,"{""geodesic"":false,""type"":""Polygon"",""coordinates"":[[[74.54420141884276,30.738327949079096],[74.60541149849422,30.738327949079096],[74.60541149849422,30.797935695233154],[74.54420141884276,30.797935695233154],[74.54420141884276,30.738327949079096]]]}"
20_12,74.66662157814568,1931.355231641222,30.797935695233154,30.738327949079096,74.60541149849422,"{""geodesic"":false,""type"":""Polygon"",""coordinates"":[[[74.60541149849422,30.738327949079096],[74.66662157814568,30.738327949079096],[74.66662157814568,30.797935695233154],[74.60541149849422,30.797935695233154],[74.60541149849422,30.738327949079096]]]}"
20_13,74.72783165779714,1930.8147579868923,30.797935695233154,30.738327949079096,74.66662157814568,"{""geodesic"":false,""type"":""Polygon"",""coordinates"":[[[74.66662157814568,30.738327949079096],[74.72783165779714,30.738327949079096],[74.72783165779714,30.797935695233154],[74.66662157814568,30.797935695233154],[74.66662157814568,30.738327949079096]]]}"
20_14,74.7890417374486,1933.6816805942274,30.797935695233154,30.738327949079096,74.72783165779714,"{""geodesic"":false,""type"":""Polygon"",""coordinates"":[[[74.72783165779714,30.738327949079096],[74.7890417374486,30.738327949079096],[74.7890417374486,30.797935695233154],[74.72783165779714,30.797935695233154],[74.72783165779714,30.738327949079096]]]}"
20_15,74.85025181710006,1934.0881291051217,30.797935695233154,30.738327949079096,74.7890417374486,"{""geodesic"":false,""type"":""Polygon"",""coordinates"":[[[74.7890417374486,30.738327949079096],[74.85025181710006,30.738327949079096],[74.85025181710006,30.797935695233154],[74.7890417374486,30.797935695233154],[74.7890417374486,30.738327949079096]]]}"
20_16,74.91146189675152,1935.9738710570182,30.797935695233154,30.738327949079096,74.85025181710006,"{""geodesic"":false,""type"":""Polygon"",""coordinates"":[[[74.85025181710006,30.738327949079096],[74.91146189675152,30.738327949079096],[74.91146189675152,30.797935695233154],[74.85025181710006,30.797935695233154],[74.85025181710006,30.738327949079096]]]}"
20_17,74.97267197640298,1937.9987866237768,30.797935695233154,30.738327949079096,74.91146189675152,"{""geodesic"":false,""type"":""Polygon"",""coordinates"":[[[74.91146189675152,30.738327949079096],[74.97267197640298,30.738327949079096],[74.97267197640298,30.797935695233154],[74.91146189675152,30.797935695233154],[74.91146189675152,30.738327949079096]]]}"
20_18,75.03388205605444,1938.1108523279293,30.797935695233154,30.738327949079096,74.97267197640298,"{""geodesic"":false,""type"":""Polygon"",""coordinates"":[[[74.97267197640298,30.738327949079096],[75.03388205605444,30.738327949079096],[75.03388205605444,30.797935695233154],[74.97267197640298,30.797935695233154],[74.97267197640298,30.738327949079096]]]}"
20_19,75.0950921357059,1937.043180068622,30.797935695233154,30.738327949079096,75.03388205605444,"{""geodesic"":false,""type"":""Polygon"",""coordinates"":[[[75.03388205605444,30.738327949079096],[75.0950921357059,30.738327949079096],[75.0950921357059,30.797935695233154],[75.03388205605444,30.797935695233154],[75.03388205605444,30.738327949079096]]]}"
20_20,75.15630221535736,1936.7946330929092,30.797935695233154,30.738327949079096,75.0950921357059,"{""geodesic"":false,""type"":""Polygon"",""coordinates"":[[[75.0950921357059,30.738327949079096],[75.15630221535736,30.738327949079096],[75.15630221535736,30.797935695233154],[75.0950921357059,30.797935695233154],[75.0950921357059,30.738327949079096]]]}"
20_21,75.21751229500882,1935.2569780446104,30.797935695233154,30.738327949079096,75.15630221535736,"{""geodesic"":false,""type"":""Polygon"",""coordinates"":[[[75.15630221535736,30.738327949079096],[75.21751229500882,30.738327949079096],[75.21751229500882,30.797935695233154],[75.15630221535736,30.797935695233154],[75.15630221535736,30.738327949079096]]]}"
20_22,75.27872237466028,1933.7727132438304,30.797935695233154,30.738327949079096,75.21751229500882,"{""geodesic"":false,""type"":""Polygon"",""coordinates"":[[[75.21751229500882,30.738327949079096],[75.27872237466028,30.738327949079096],[75.27872237466028,30.797935695233154],[75.21751229500882,30.797935695233154],[75.21751229500882,30.738327949079096]]]}"
20_23,75.33993245431174,1935.0679370782732,30.797935695233154,30.738327949079096,75.27872237466028,"{""geodesic"":false,""type"":""Polygon"",""coordinates"":[[[75.27872237466028,30.738327949079096],[75.33993245431174,30.738327949079096],[75.33993245431174,30.797935695233154],[75.27872237466028,30.797935695233154],[75.27872237466028,30.738327949079096]]]}"
20_24,75.4011425339632,1935.5342528027531,30.797935695233154,30.738327949079096,75.33993245431174,"{""geodesic"":false,""type"":""Polygon"",""coordinates"":[[[75.33993245431174,30.738327949079096],[75.4011425339632,30.738327949079096],[75.4011425339632,30.797935695233154],[75.33993245431174,30.797935695233154],[75.33993245431174,30.738327949079096]]]}"
20_25,75.46235261361466,1933.669748532627,30.797935695233154,30.738327949079096,75.4011425339632,"{""geodesic"":false,""type"":""Polygon"",""coordinates"":[[[75.4011425339632,30.738327949079096],[75.46235261361466,30.738327949079096],[75.46235261361466,30.797935695233154],[75.4011425339632,30.797935695233154],[75.4011425339632,30.738327949079096]]]}"
20_26,75.52356269326613,1935.0810395804078,30.797935695233154,30.738327949079096,75.46235261361467,"{""geodesic"":false,""type"":""Polygon"",""coordinates"":[[[75.46235261361467,30.738327949079096],[75.52356269326613,30.738327949079096],[75.52356269326613,30.797935695233154],[75.46235261361467,30.797935695233154],[75.46235261361467,30.738327949079096]]]}"
20_27,75.58477277291759,1935.3845390264003,30.797935695233154,30.738327949079096,75.52356269326613,"{""geodesic"":false,""type"":""Polygon"",""coordinates"":[[[75.52356269326613,30.738327949079096],[75.58477277291759,30.738327949079096],[75.58477277291759,30.797935695233154],[75.52356269326613,30.797935695233154],[75.52356269326613,30.738327949079096]]]}"
20_28,75.64598285256905,1937.9134872060783,30.797935695233154,30.738327949079096,75.58477277291759,"{""geodesic"":false,""type"":""Polygon"",""coordinates"":[[[75.58477277291759,30.738327949079096],[75.64598285256905,30.738327949079096],[75.64598285256905,30.797935695233154],[75.58477277291759,30.797935695233154],[75.58477277291759,30.738327949079096]]]}"
20_29,75.70719293222051,1938.5037582285206,30.797935695233154,30.738327949079096,75.64598285256905,"{""geodesic"":false,""type"":""Polygon"",""coordinates"":[[[75.64598285256905,30.738327949079096],[75.70719293222051,30.738327949079096],[75.70719293222051,30.797935695233154],[75.64598285256905,30.797935695233154],[75.64598285256905,30.738327949079096]]]}"
20_30,75.76840301187197,1937.7736933011572,30.797935695233154,30.738327949079096,75.70719293222051,"{""geodesic"":false,""type"":""Polygon"",""coordinates"":[[[75.70719293222051,30.738327949079096],[75.76840301187197,30.738327949079096],[75.76840301187197,30.797935695233154],[75.70719293222051,30.797935695233154],[75.70719293222051,30.738327949079096]]]}"
20_31,75.82961309152343,1938.1572621087312,30.797935695233154,30.738327949079096,75.76840301187197,"{""geodesic"":false,""type"":""Polygon"",""coordinates"":[[[75.76840301187197,30.738327949079096],[75.82961309152343,30.738327949079096],[75.82961309152343,30.797935695233154],[75.76840301187197,30.797935695233154],[75.76840301187197,30.738327949079096]]]}"
20_32,75.89082317117489,1939.2677607405685,30.797935695233154,30.738327949079096,75.82961309152343,"{""geodesic"":false,""type"":""Polygon"",""coordinates"":[[[75.82961309152343,30.738327949079096],[75.89082317117489,30.738327949079096],[75.89082317117489,30.797935695233154],[75.82961309152343,30.797935695233154],[75.82961309152343,30.738327949079096]]]}"
20_33,75.95203325082635,1937.0915329067182,30.797935695233154,30.738327949079096,75.89082317117489,"{""geodesic"":false,""type"":""Polygon"",""coordinates"":[[[75.89082317117489,30.738327949079096],[75.95203325082635,30.738327949079096],[75.95203325082635,30.797935695233154],[75.89082317117489,30.797935695233154],[75.89082317117489,30.738327949079096]]]}"
20_34,76.0132433304778,1937.5015379257597,30.797935695233154,30.738327949079096,75.95203325082635,"{""geodesic"":false,""type"":""Polygon"",""coordinates"":[[[75.95203325082635,30.738327949079096],[76.0132433304778,30.738327949079096],[76.0132433304778,30.797935695233154],[75.95203325082635,30.797935695233154],[75.95203325082635,30.738327949079096]]]}"
20_35,76.07445341012927,1939.328809328684,30.797935695233154,30.738327949079096,76.0132433304778,"{""geodesic"":false,""type"":""Polygon"",""coordinates"":[[[76.0132433304778,30.738327949079096],[76.07445341012927,30.738327949079096],[76.07445341012927,30.797935695233154],[76.0132433304778,30.797935695233154],[76.0132433304778,30.738327949079096]]]}"
20_36,76.13566348978073,1939.0509858270507,30.797935695233154,30.738327949079096,76.07445341012927,"{""geodesic"":false,""type"":""Polygon"",""coordinates"":[[[76.07445341012927,30.738327949079096],[76.13566348978073,30.738327949079096],[76.13566348978073,30.797935695233154],[76.07445341012927,30.797935695233154],[76.07445341012927,30.738327949079096]]]}"
20_37,76.19687356943219,1938.4081896203688,30.797935695233154,30.738327949079096,76.13566348978073,"{""geodesic"":false,""type"":""Polygon"",""coordinates"":[[[76.13566348978073,30.738327949079096],[76.19687356943219,30.738327949079096],[76.19687356943219,30.797935695233154],[76.13566348978073,30.797935695233154],[76.13566348978073,30.738327949079096]]]}"
20_38,76.25808364908364,1935.1398178237425,30.797935695233154,30.738327949079096,76.19687356943219,"{""geodesic"":false,""type"":""Polygon"",""coordinates"":[[[76.19687356943219,30.738327949079096],[76.25808364908364,30.738327949079096],[76.25808364908364,30.797935695233154],[76.19687356943219,30.797935695233154],[76.19687356943219,30.738327949079096]]]}"
20_39,76.3192937287351,1933.7739894787528,30.797935695233154,30.738327949079096,76.25808364908364,"{""geodesic"":false,""type"":""Polygon"",""coordinates"":[[[76.25808364908364,30.738327949079096],[76.3192937287351,30.738327949079096],[76.3192937287351,30.797935695233154],[76.25808364908364,30.797935695233154],[76.25808364908364,30.738327949079096]]]}"
20_40,76.38050380838656,1932.5465717638638,30.797935695233154,30.738327949079096,76.3192937287351,"{""geodesic"":false,""type"":""Polygon"",""coordinates"":[[[76.3192937287351,30.738327949079096],[76.38050380838656,30.738327949079096],[76.38050380838656,30.797935695233154],[76.3192937287351,30.797935695233154],[76.3192937287351,30.738327949079096]]]}"
20_41,76.44171388803802,1929.3566200559553,30.797935695233154,30.738327949079096,76.38050380838656,"{""geodesic"":false,""type"":""Polygon"",""coordinates"":[[[76.38050380838656,30.738327949079096],[76.44171388803802,30.738327949079096],[76.44171388803802,30.797935695233154],[76.38050380838656,30.797935695233154],[76.38050380838656,30.738327949079096]]]}"
20_42,76.5029239676895,1929.1612610798318,30.797935695233154,30.738327949079096,76.44171388803804,"{""geodesic"":false,""type"":""Polygon"",""coordinates"":[[[76.44171388803804,30.738327949079096],[76.5029239676895,30.738327949079096],[76.5029239676895,30.797935695233154],[76.44171388803804,30.797935695233154],[76.44171388803804,30.738327949079096]]]}"
20_43,76.56413404734096,1931.3509129693066,30.797935695233154,30.738327949079096,76.5029239676895,"{""geodesic"":false,""type"":""Polygon"",""coordinates"":[[[76.5029239676895,30.738327949079096],[76.56413404734096,30.738327949079096],[76.56413404734096,30.797935695233154],[76.5029239676895,30.797935695233154],[76.5029239676895,30.738327949079096]]]}"
20_44,76.62534412699242,1933.3006509873837,30.797935695233154,30.738327949079096,76.56413404734096,"{""geodesic"":false,""type"":""Polygon"",""coordinates"":[[[76.56413404734096,30.738327949079096],[76.62534412699242,30.738327949079096],[76.62534412699242,30.797935695233154],[76.56413404734096,30.797935695233154],[76.56413404734096,30.738327949079096]]]}"
20_45,76.68655420664388,1932.2028573507673,30.797935695233154,30.738327949079096,76.62534412699242,"{""geodesic"":false,""type"":""Polygon"",""coordinates"":[[[76.62534412699242,30.738327949079096],[76.68655420664388,30.738327949079096],[76.68655420664388,30.797935695233154],[76.62534412699242,30.797935695233154],[76.62534412699242,30.738327949079096]]]}"
20_46,76.74776428629534,1931.4225770994628,30.797935695233154,30.738327949079096,76.68655420664388,"{""geodesic"":false,""type"":""Polygon"",""coordinates"":[[[76.68655420664388,30.738327949079096],[76.74776428629534,30.738327949079096],[76.74776428629534,30.797935695233154],[76.68655420664388,30.797935695233154],[76.68655420664388,30.738327949079096]]]}"
20_47,76.8089743659468,1925.333061131684,30.797935695233154,30.738327949079096,76.74776428629534,"{""geodesic"":false,""type"":""Polygon"",""coordinates"":[[[76.74776428629534,30.738327949079096],[76.8089743659468,30.738327949079096],[76.8089743659468,30.797935695233154],[76.74776428629534,30.797935695233154],[76.74776428629534,30.738327949079096]]]}"
20_48,76.87018444559826,1918.812975449791,30.797935695233154,30.738327949079096,76.8089743659468,"{""geodesic"":false,""type"":""Polygon"",""coordinates"":[[[76.8089743659468,30.738327949079096],[76.87018444559826,30.738327949079096],[76.87018444559826,30.797935695233154],[76.8089743659468,30.797935695233154],[76.8089743659468,30.738327949079096]]]}"
21_6,74.29936110023691,1940.6292444241276,30.85754344138721,30.797935695233154,74.23815102058545,"{""geodesic"":false,""type"":""Polygon"",""coordinates"":[[[74.23815102058545,30.797935695233154],[74.29936110023691,30.797935695233154],[74.29936110023691,30.85754344138721],[74.23815102058545,30.85754344138721],[74.23815102058545,30.797935695233154]]]}"
21_7,74.36057117988837,1938.025187296077,30.85754344138721,30.797935695233154,74.29936110023691,"{""geodesic"":false,""type"":""Polygon"",""coordinates"":[[[74.29936110023691,30.797935695233154],[74.36057117988837,30.797935695233154],[74.36057117988837,30.85754344138721],[74.29936110023691,30.85754344138721],[74.29936110023691,30.797935695233154]]]}"
21_8,74.42178125953983,1934.8595305800789,30.85754344138721,30.797935695233154,74.36057117988837,"{""geodesic"":false,""type"":""Polygon"",""coordinates"":[[[74.36057117988837,30.797935695233154],[74.42178125953983,30.797935695233154],[74.42178125953983,30.85754344138721],[74.36057117988837,30.85754344138721],[74.36057117988837,30.797935695233154]]]}"
21_9,74.4829913391913,1934.6286268028077,30.85754344138721,30.797935695233154,74.42178125953984,"{""geodesic"":false,""type"":""Polygon"",""coordinates"":[[[74.42178125953984,30.797935695233154],[74.4829913391913,30.797935695233154],[74.4829913391913,30.85754344138721],[74.42178125953984,30.85754344138721],[74.42178125953984,30.797935695233154]]]}"
21_10,74.54420141884276,1934.5836420773458,30.85754344138721,30.797935695233154,74.4829913391913,"{""geodesic"":false,""type"":""Polygon"",""coordinates"":[[[74.4829913391913,30.797935695233154],[74.54420141884276,30.797935695233154],[74.54420141884276,30.85754344138721],[74.4829913391913,30.85754344138721],[74.4829913391913,30.797935695233154]]]}"
21_11,74.60541149849422,1933.639532600482,30.85754344138721,30.797935695233154,74.54420141884276,"{""geodesic"":false,""type"":""Polygon"",""coordinates"":[[[74.54420141884276,30.797935695233154],[74.60541149849422,30.797935695233154],[74.60541149849422,30.85754344138721],[74.54420141884276,30.85754344138721],[74.54420141884276,30.797935695233154]]]}"
21_12,74.66662157814568,1934.0282709900546,30.85754344138721,30.797935695233154,74.60541149849422,"{""geodesic"":false,""type"":""Polygon"",""coordinates"":[[[74.60541149849422,30.797935695233154],[74.66662157814568,30.797935695233154],[74.66662157814568,30.85754344138721],[74.60541149849422,30.85754344138721],[74.60541149849422,30.797935695233154]]]}"
21_13,74.72783165779714,1933.9807286390192,30.85754344138721,30.797935695233154,74.66662157814568,"{""geodesic"":false,""type"":""Polygon"",""coordinates"":[[[74.66662157814568,30.797935695233154],[74.72783165779714,30.797935695233154],[74.72783165779714,30.85754344138721],[74.66662157814568,30.85754344138721],[74.66662157814568,30.797935695233154]]]}"
21_14,74.7890417374486,1935.3001235905738,30.85754344138721,30.797935695233154,74.72783165779714,"{""geodesic"":false,""type"":""Polygon"",""coordinates"":[[[74.72783165779714,30.797935695233154],[74.7890417374486,30.797935695233154],[74.7890417374486,30.85754344138721],[74.72783165779714,30.85754344138721],[74.72783165779714,30.797935695233154]]]}"
21_15,74.85025181710006,1936.2585296605073,30.85754344138721,30.797935695233154,74.7890417374486,"{""geodesic"":false,""type"":""Polygon"",""coordinates"":[[[74.7890417374486,30.797935695233154],[74.85025181710006,30.797935695233154],[74.85025181710006,30.85754344138721],[74.7890417374486,30.85754344138721],[74.7890417374486,30.797935695233154]]]}"
21_16,74.91146189675152,1939.0680554534222,30.85754344138721,30.797935695233154,74.85025181710006,"{""geodesic"":false,""type"":""Polygon"",""coordinates"":[[[74.85025181710006,30.797935695233154],[74.91146189675152,30.797935695233154],[74.91146189675152,30.85754344138721],[74.85025181710006,30.85754344138721],[74.85025181710006,30.797935695233154]]]}"
21_17,74.97267197640298,1939.7401097137774,30.85754344138721,30.797935695233154,74.91146189675152,"{""geodesic"":false,""type"":""Polygon"",""coordinates"":[[[74.91146189675152,30.797935695233154],[74.97267197640298,30.797935695233154],[74.97267197640298,30.85754344138721],[74.91146189675152,30.85754344138721],[74.91146189675152,30.797935695233154]]]}"
21_18,75.03388205605444,1938.6836102007933,30.85754344138721,30.797935695233154,74.97267197640298,"{""geodesic"":false,""type"":""Polygon"",""coordinates"":[[[74.97267197640298,30.797935695233154],[75.03388205605444,30.797935695233154],[75.03388205605444,30.85754344138721],[74.97267197640298,30.85754344138721],[74.97267197640298,30.797935695233154]]]}"
21_19,75.0950921357059,1936.6868210907326,30.85754344138721,30.797935695233154,75.03388205605444,"{""geodesic"":false,""type"":""Polygon"",""coordinates"":[[[75.03388205605444,30.797935695233154],[75.0950921357059,30.797935695233154],[75.0950921357059,30.85754344138721],[75.03388205605444,30.85754344138721],[75.03388205605444,30.797935695233154]]]}"
21_20,75.15630221535736,1938.4111158510973,30.85754344138721,30.797935695233154,75.0950921357059,"{""geodesic"":false,""type"":""Polygon"",""coordinates"":[[[75.0950921357059,30.797935695233154],[75.15630221535736,30.797935695233154],[75.15630221535736,30.85754344138721],[75.0950921357059,30.85754344138721],[75.0950921357059,30.797935695233154]]]}"
21_21,75.21751229500882,1937.342995037792,30.85754344138721,30.797935695233154,75.15630221535736,"{""geodesic"":false,""type"":""Polygon"",""coordinates"":[[[75.15630221535736,30.797935695233154],[75.21751229500882,30.797935695233154],[75.21751229500882,30.85754344138721],[75.15630221535736,30.85754344138721],[75.15630221535736,30.797935695233154]]]}"
21_22,75.27872237466028,1935.4908568018216,30.85754344138721,30.797935695233154,75.21751229500882,"{""geodesic"":false,""type"":""Polygon"",""coordinates"":[[[75.21751229500882,30.797935695233154],[75.27872237466028,30.797935695233154],[75.27872237466028,30.85754344138721],[75.21751229500882,30.85754344138721],[75.21751229500882,30.797935695233154]]]}"
21_23,75.33993245431174,1936.1822289206266,30.85754344138721,30.797935695233154,75.27872237466028,"{""geodesic"":false,""type"":""Polygon"",""coordinates"":[[[75.27872237466028,30.797935695233154],[75.33993245431174,30.797935695233154],[75.33993245431174,30.85754344138721],[75.27872237466028,30.85754344138721],[75.27872237466028,30.797935695233154]]]}"
21_24,75.4011425339632,1936.4241596769352,30.85754344138721,30.797935695233154,75.33993245431174,"{""geodesic"":false,""type"":""Polygon"",""coordinates"":[[[75.33993245431174,30.797935695233154],[75.4011425339632,30.797935695233154],[75.4011425339632,30.85754344138721],[75.33993245431174,30.85754344138721],[75.33993245431174,30.797935695233154]]]}"
21_25,75.46235261361466,1935.9247439443952,30.85754344138721,30.797935695233154,75.4011425339632,"{""geodesic"":false,""type"":""Polygon"",""coordinates"":[[[75.4011425339632,30.797935695233154],[75.46235261361466,30.797935695233154],[75.46235261361466,30.85754344138721],[75.4011425339632,30.85754344138721],[75.4011425339632,30.797935695233154]]]}"
21_26,75.52356269326613,1936.6517732170444,30.85754344138721,30.797935695233154,75.46235261361467,"{""geodesic"":false,""type"":""Polygon"",""coordinates"":[[[75.46235261361467,30.797935695233154],[75.52356269326613,30.797935695233154],[75.52356269326613,30.85754344138721],[75.46235261361467,30.85754344138721],[75.46235261361467,30.797935695233154]]]}"
21_27,75.58477277291759,1936.8238278725992,30.85754344138721,30.797935695233154,75.52356269326613,"{""geodesic"":false,""type"":""Polygon"",""coordinates"":[[[75.52356269326613,30.797935695233154],[75.58477277291759,30.797935695233154],[75.58477277291759,30.85754344138721],[75.52356269326613,30.85754344138721],[75.52356269326613,30.797935695233154]]]}"
21_28,75.64598285256905,1938.2125020481135,30.85754344138721,30.797935695233154,75.58477277291759,"{""geodesic"":false,""type"":""Polygon"",""coordinates"":[[[75.58477277291759,30.797935695233154],[75.64598285256905,30.797935695233154],[75.64598285256905,30.85754344138721],[75.58477277291759,30.85754344138721],[75.58477277291759,30.797935695233154]]]}"
21_29,75.70719293222051,1938.3298796293689,30.85754344138721,30.797935695233154,75.64598285256905,"{""geodesic"":false,""type"":""Polygon"",""coordinates"":[[[75.64598285256905,30.797935695233154],[75.70719293222051,30.797935695233154],[75.70719293222051,30.85754344138721],[75.64598285256905,30.85754344138721],[75.64598285256905,30.797935695233154]]]}"
21_30,75.76840301187197,1937.7677182016828,30.85754344138721,30.797935695233154,75.70719293222051,"{""geodesic"":false,""type"":""Polygon"",""coordinates"":[[[75.70719293222051,30.797935695233154],[75.76840301187197,30.797935695233154],[75.76840301187197,30.85754344138721],[75.70719293222051,30.85754344138721],[75.70719293222051,30.797935695233154]]]}"
21_31,75.82961309152343,1938.341788848343,30.85754344138721,30.797935695233154,75.76840301187197,"{""geodesic"":false,""type"":""Polygon"",""coordinates"":[[[75.76840301187197,30.797935695233154],[75.82961309152343,30.797935695233154],[75.82961309152343,30.85754344138721],[75.76840301187197,30.85754344138721],[75.76840301187197,30.797935695233154]]]}"
21_32,75.89082317117489,1938.4427042436073,30.85754344138721,30.797935695233154,75.82961309152343,"{""geodesic"":false,""type"":""Polygon"",""coordinates"":[[[75.82961309152343,30.797935695233154],[75.89082317117489,30.797935695233154],[75.89082317117489,30.85754344138721],[75.82961309152343,30.85754344138721],[75.82961309152343,30.797935695233154]]]}"
21_33,75.95203325082635,1936.8986877621414,30.85754344138721,30.797935695233154,75.89082317117489,"{""geodesic"":false,""type"":""Polygon"",""coordinates"":[[[75.89082317117489,30.797935695233154],[75.95203325082635,30.797935695233154],[75.95203325082635,30.85754344138721],[75.89082317117489,30.85754344138721],[75.89082317117489,30.797935695233154]]]}"
21_34,76.0132433304778,1938.8154588945847,30.85754344138721,30.797935695233154,75.95203325082635,"{""geodesic"":false,""type"":""Polygon"",""coordinates"":[[[75.95203325082635,30.797935695233154],[76.0132433304778,30.797935695233154],[76.0132433304778,30.85754344138721],[75.95203325082635,30.85754344138721],[75.95203325082635,30.797935695233154]]]}"
21_35,76.07445341012927,1939.6534809748618,30.85754344138721,30.797935695233154,76.0132433304778,"{""geodesic"":false,""type"":""Polygon"",""coordinates"":[[[76.0132433304778,30.797935695233154],[76.07445341012927,30.797935695233154],[76.07445341012927,30.85754344138721],[76.0132433304778,30.85754344138721],[76.0132433304778,30.797935695233154]]]}"
21_36,76.13566348978073,1938.5193815430612,30.85754344138721,30.797935695233154,76.07445341012927,"{""geodesic"":false,""type"":""Polygon"",""coordinates"":[[[76.07445341012927,30.797935695233154],[76.13566348978073,30.797935695233154],[76.13566348978073,30.85754344138721],[76.07445341012927,30.85754344138721],[76.07445341012927,30.797935695233154]]]}"
21_37,76.19687356943219,1937.165790701982,30.85754344138721,30.797935695233154,76.13566348978073,"{""geodesic"":false,""type"":""Polygon"",""coordinates"":[[[76.13566348978073,30.797935695233154],[76.19687356943219,30.797935695233154],[76.19687356943219,30.85754344138721],[76.13566348978073,30.85754344138721],[76.13566348978073,30.797935695233154]]]}"
21_38,76.25808364908364,1934.2900678773062,30.85754344138721,30.797935695233154,76.19687356943219,"{""geodesic"":false,""type"":""Polygon"",""coordinates"":[[[76.19687356943219,30.797935695233154],[76.25808364908364,30.797935695233154],[76.25808364908364,30.85754344138721],[76.19687356943219,30.85754344138721],[76.19687356943219,30.797935695233154]]]}"
21_39,76.3192937287351,1933.3157337205791,30.85754344138721,30.797935695233154,76.25808364908364,"{""geodesic"":false,""type"":""Polygon"",""coordinates"":[[[76.25808364908364,30.797935695233154],[76.3192937287351,30.797935695233154],[76.3192937287351,30.85754344138721],[76.25808364908364,30.85754344138721],[76.25808364908364,30.797935695233154]]]}"
21_40,76.38050380838656,1931.1417077942294,30.85754344138721,30.797935695233154,76.3192937287351,"{""geodesic"":false,""type"":""Polygon"",""coordinates"":[[[76.3192937287351,30.797935695233154],[76.38050380838656,30.797935695233154],[76.38050380838656,30.85754344138721],[76.3192937287351,30.85754344138721],[76.3192937287351,30.797935695233154]]]}"
21_41,76.44171388803802,1930.0134830260495,30.85754344138721,30.797935695233154,76.38050380838656,"{""geodesic"":false,""type"":""Polygon"",""coordinates"":[[[76.38050380838656,30.797935695233154],[76.44171388803802,30.797935695233154],[76.44171388803802,30.85754344138721],[76.38050380838656,30.85754344138721],[76.38050380838656,30.797935695233154]]]}"
21_42,76.5029239676895,1930.5907700608855,30.85754344138721,30.797935695233154,76.44171388803804,"{""geodesic"":false,""type"":""Polygon"",""coordinates"":[[[76.44171388803804,30.797935695233154],[76.5029239676895,30.797935695233154],[76.5029239676895,30.85754344138721],[76.44171388803804,30.85754344138721],[76.44171388803804,30.797935695233154]]]}"
21_43,76.56413404734096,1932.8174536485162,30.85754344138721,30.797935695233154,76.5029239676895,"{""geodesic"":false,""type"":""Polygon"",""coordinates"":[[[76.5029239676895,30.797935695233154],[76.56413404734096,30.797935695233154],[76.56413404734096,30.85754344138721],[76.5029239676895,30.85754344138721],[76.5029239676895,30.797935695233154]]]}"
21_44,76.62534412699242,1932.5006560290572,30.85754344138721,30.797935695233154,76.56413404734096,"{""geodesic"":false,""type"":""Polygon"",""coordinates"":[[[76.56413404734096,30.797935695233154],[76.62534412699242,30.797935695233154],[76.62534412699242,30.85754344138721],[76.56413404734096,30.85754344138721],[76.56413404734096,30.797935695233154]]]}"
21_45,76.68655420664388,1931.2341603187372,30.85754344138721,30.797935695233154,76.62534412699242,"{""geodesic"":false,""type"":""Polygon"",""coordinates"":[[[76.62534412699242,30.797935695233154],[76.68655420664388,30.797935695233154],[76.68655420664388,30.85754344138721],[76.62534412699242,30.85754344138721],[76.62534412699242,30.797935695233154]]]}"
21_46,76.74776428629534,1928.6013828175985,30.85754344138721,30.797935695233154,76.68655420664388,"{""geodesic"":false,""type"":""Polygon"",""coordinates"":[[[76.68655420664388,30.797935695233154],[76.74776428629534,30.797935695233154],[76.74776428629534,30.85754344138721],[76.68655420664388,30.85754344138721],[76.68655420664388,30.797935695233154]]]}"
21_47,76.8089743659468,1923.257730466123,30.85754344138721,30.797935695233154,76.74776428629534,"{""geodesic"":false,""type"":""Polygon"",""coordinates"":[[[76.74776428629534,30.797935695233154],[76.8089743659468,30.797935695233154],[76.8089743659468,30.85754344138721],[76.74776428629534,30.85754344138721],[76.74776428629534,30.797935695233154]]]}"
21_48,76.87018444559826,1917.8952791065944,30.85754344138721,30.797935695233154,76.8089743659468,"{""geodesic"":false,""type"":""Polygon"",""coordinates"":[[[76.8089743659468,30.797935695233154],[76.87018444559826,30.797935695233154],[76.87018444559826,30.85754344138721],[76.8089743659468,30.85754344138721],[76.8089743659468,30.797935695233154]]]}"
22_8,74.42178125953983,1936.7350383468774,30.91715118754127,30.85754344138721,74.36057117988837,"{""geodesic"":false,""type"":""Polygon"",""coordinates"":[[[74.36057117988837,30.85754344138721],[74.42178125953983,30.85754344138721],[74.42178125953983,30.91715118754127],[74.36057117988837,30.91715118754127],[74.36057117988837,30.85754344138721]]]}"
22_9,74.4829913391913,1936.8270360048155,30.91715118754127,30.85754344138721,74.42178125953984,"{""geodesic"":false,""type"":""Polygon"",""coordinates"":[[[74.42178125953984,30.85754344138721],[74.4829913391913,30.85754344138721],[74.4829913391913,30.91715118754127],[74.42178125953984,30.91715118754127],[74.42178125953984,30.85754344138721]]]}"
22_10,74.54420141884276,1935.9152266384442,30.91715118754127,30.85754344138721,74.4829913391913,"{""geodesic"":false,""type"":""Polygon"",""coordinates"":[[[74.4829913391913,30.85754344138721],[74.54420141884276,30.85754344138721],[74.54420141884276,30.91715118754127],[74.4829913391913,30.91715118754127],[74.4829913391913,30.85754344138721]]]}"
22_11,74.60541149849422,1934.9357663066921,30.91715118754127,30.85754344138721,74.54420141884276,"{""geodesic"":false,""type"":""Polygon"",""coordinates"":[[[74.54420141884276,30.85754344138721],[74.60541149849422,30.85754344138721],[74.60541149849422,30.91715118754127],[74.54420141884276,30.91715118754127],[74.54420141884276,30.85754344138721]]]}"
22_12,74.66662157814568,1935.9607724131165,30.91715118754127,30.85754344138721,74.60541149849422,"{""geodesic"":false,""type"":""Polygon"",""coordinates"":[[[74.60541149849422,30.85754344138721],[74.66662157814568,30.85754344138721],[74.66662157814568,30.91715118754127],[74.60541149849422,30.91715118754127],[74.60541149849422,30.85754344138721]]]}"
22_13,74.72783165779714,1936.8415224722428,30.91715118754127,30.85754344138721,74.66662157814568,"{""geodesic"":false,""type"":""Polygon"",""coordinates"":[[[74.66662157814568,30.85754344138721],[74.72783165779714,30.85754344138721],[74.72783165779714,30.91715118754127],[74.66662157814568,30.91715118754127],[74.66662157814568,30.85754344138721]]]}"
22_14,74.7890417374486,1937.4605520957527,30.91715118754127,30.85754344138721,74.72783165779714,"{""geodesic"":false,""type"":""Polygon"",""coordinates"":[[[74.72783165779714,30.85754344138721],[74.7890417374486,30.85754344138721],[74.7890417374486,30.91715118754127],[74.72783165779714,30.91715118754127],[74.72783165779714,30.85754344138721]]]}"
22_15,74.85025181710006,1937.4312259101744,30.91715118754127,30.85754344138721,74.7890417374486,"{""geodesic"":false,""type"":""Polygon"",""coordinates"":[[[74.7890417374486,30.85754344138721],[74.85025181710006,30.85754344138721],[74.85025181710006,30.91715118754127],[74.7890417374486,30.91715118754127],[74.7890417374486,30.85754344138721]]]}"
22_16,74.91146189675152,1939.6089334081034,30.91715118754127,30.85754344138721,74.85025181710006,"{""geodesic"":false,""type"":""Polygon"",""coordinates"":[[[74.85025181710006,30.85754344138721],[74.91146189675152,30.85754344138721],[74.91146189675152,30.91715118754127],[74.85025181710006,30.91715118754127],[74.85025181710006,30.85754344138721]]]}"
22_17,74.97267197640298,1938.6592093336333,30.91715118754127,30.85754344138721,74.91146189675152,"{""geodesic"":false,""type"":""Polygon"",""coordinates"":[[[74.91146189675152,30.85754344138721],[74.97267197640298,30.85754344138721],[74.97267197640298,30.91715118754127],[74.91146189675152,30.91715118754127],[74.91146189675152,30.85754344138721]]]}"
22_18,75.03388205605444,1938.019642588127,30.91715118754127,30.85754344138721,74.97267197640298,"{""geodesic"":false,""type"":""Polygon"",""coordinates"":[[[74.97267197640298,30.85754344138721],[75.03388205605444,30.85754344138721],[75.03388205605444,30.91715118754127],[74.97267197640298,30.91715118754127],[74.97267197640298,30.85754344138721]]]}"
22_19,75.0950921357059,1936.8872317210612,30.91715118754127,30.85754344138721,75.03388205605444,"{""geodesic"":false,""type"":""Polygon"",""coordinates"":[[[75.03388205605444,30.85754344138721],[75.0950921357059,30.85754344138721],[75.0950921357059,30.91715118754127],[75.03388205605444,30.91715118754127],[75.03388205605444,30.85754344138721]]]}"
22_20,75.15630221535736,1937.768954876271,30.91715118754127,30.85754344138721,75.0950921357059,"{""geodesic"":false,""type"":""Polygon"",""coordinates"":[[[75.0950921357059,30.85754344138721],[75.15630221535736,30.85754344138721],[75.15630221535736,30.91715118754127],[75.0950921357059,30.91715118754127],[75.0950921357059,30.85754344138721]]]}"
22_21,75.21751229500882,1937.30252395878,30.91715118754127,30.85754344138721,75.15630221535736,"{""geodesic"":false,""type"":""Polygon"",""coordinates"":[[[75.15630221535736,30.85754344138721],[75.21751229500882,30.85754344138721],[75.21751229500882,30.91715118754127],[75.15630221535736,30.91715118754127],[75.15630221535736,30.85754344138721]]]}"
22_22,75.27872237466028,1936.514063338735,30.91715118754127,30.85754344138721,75.21751229500882,"{""geodesic"":false,""type"":""Polygon"",""coordinates"":[[[75.21751229500882,30.85754344138721],[75.27872237466028,30.85754344138721],[75.27872237466028,30.91715118754127],[75.21751229500882,30.91715118754127],[75.21751229500882,30.85754344138721]]]}"
22_23,75.33993245431174,1936.3235828223662,30.91715118754127,30.85754344138721,75.27872237466028,"{""geodesic"":false,""type"":""Polygon"",""coordinates"":[[[75.27872237466028,30.85754344138721],[75.33993245431174,30.85754344138721],[75.33993245431174,30.91715118754127],[75.27872237466028,30.91715118754127],[75.27872237466028,30.85754344138721]]]}"
22_24,75.4011425339632,1935.1535489650523,30.91715118754127,30.85754344138721,75.33993245431174,"{""geodesic"":false,""type"":""Polygon"",""coordinates"":[[[75.33993245431174,30.85754344138721],[75.4011425339632,30.85754344138721],[75.4011425339632,30.91715118754127],[75.33993245431174,30.91715118754127],[75.33993245431174,30.85754344138721]]]}"
22_25,75.46235261361466,1934.9441142135217,30.91715118754127,30.85754344138721,75.4011425339632,"{""geodesic"":false,""type"":""Polygon"",""coordinates"":[[[75.4011425339632,30.85754344138721],[75.46235261361466,30.85754344138721],[75.46235261361466,30.91715118754127],[75.4011425339632,30.91715118754127],[75.4011425339632,30.85754344138721]]]}"
22_26,75.52356269326613,1937.797918133861,30.91715118754127,30.85754344138721,75.46235261361467,"{""geodesic"":false,""type"":""Polygon"",""coordinates"":[[[75.46235261361467,30.85754344138721],[75.52356269326613,30.85754344138721],[75.52356269326613,30.91715118754127],[75.46235261361467,30.91715118754127],[75.46235261361467,30.85754344138721]]]}"
22_27,75.58477277291759,1939.778504773922,30.91715118754127,30.85754344138721,75.52356269326613,"{""geodesic"":false,""type"":""Polygon"",""coordinates"":[[[75.52356269326613,30.85754344138721],[75.58477277291759,30.85754344138721],[75.58477277291759,30.91715118754127],[75.52356269326613,30.91715118754127],[75.52356269326613,30.85754344138721]]]}"
22_28,75.64598285256905,1939.9773291360098,30.91715118754127,30.85754344138721,75.58477277291759,"{""geodesic"":false,""type"":""Polygon"",""coordinates"":[[[75.58477277291759,30.85754344138721],[75.64598285256905,30.85754344138721],[75.64598285256905,30.91715118754127],[75.58477277291759,30.91715118754127],[75.58477277291759,30.85754344138721]]]}"
22_29,75.70719293222051,1940.315286723462,30.91715118754127,30.85754344138721,75.64598285256905,"{""geodesic"":false,""type"":""Polygon"",""coordinates"":[[[75.64598285256905,30.85754344138721],[75.70719293222051,30.85754344138721],[75.70719293222051,30.91715118754127],[75.64598285256905,30.91715118754127],[75.64598285256905,30.85754344138721]]]}"
22_30,75.76840301187197,1940.2482837392502,30.91715118754127,30.85754344138721,75.70719293222051,"{""geodesic"":false,""type"":""Polygon"",""coordinates"":[[[75.70719293222051,30.85754344138721],[75.76840301187197,30.85754344138721],[75.76840301187197,30.91715118754127],[75.70719293222051,30.91715118754127],[75.70719293222051,30.85754344138721]]]}"
22_31,75.82961309152343,1940.1059323801355,30.91715118754127,30.85754344138721,75.76840301187197,"{""geodesic"":false,""type"":""Polygon"",""coordinates"":[[[75.76840301187197,30.85754344138721],[75.82961309152343,30.85754344138721],[75.82961309152343,30.91715118754127],[75.76840301187197,30.91715118754127],[75.76840301187197,30.85754344138721]]]}"
22_32,75.89082317117489,1938.856506240465,30.91715118754127,30.85754344138721,75.82961309152343,"{""geodesic"":false,""type"":""Polygon"",""coordinates"":[[[75.82961309152343,30.85754344138721],[75.89082317117489,30.85754344138721],[75.89082317117489,30.91715118754127],[75.82961309152343,30.91715118754127],[75.82961309152343,30.85754344138721]]]}"
22_33,75.95203325082635,1937.7676067707991,30.91715118754127,30.85754344138721,75.89082317117489,"{""geodesic"":false,""type"":""Polygon"",""coordinates"":[[[75.89082317117489,30.85754344138721],[75.95203325082635,30.85754344138721],[75.95203325082635,30.91715118754127],[75.89082317117489,30.91715118754127],[75.89082317117489,30.85754344138721]]]}"
22_34,76.0132433304778,1938.6599888913731,30.91715118754127,30.85754344138721,75.95203325082635,"{""geodesic"":false,""type"":""Polygon"",""coordinates"":[[[75.95203325082635,30.85754344138721],[76.0132433304778,30.85754344138721],[76.0132433304778,30.91715118754127],[75.95203325082635,30.91715118754127],[75.95203325082635,30.85754344138721]]]}"
22_35,76.07445341012927,1938.0026262136512,30.91715118754127,30.85754344138721,76.0132433304778,"{""geodesic"":false,""type"":""Polygon"",""coordinates"":[[[76.0132433304778,30.85754344138721],[76.07445341012927,30.85754344138721],[76.07445341012927,30.91715118754127],[76.0132433304778,30.91715118754127],[76.0132433304778,30.85754344138721]]]}"
22_36,76.13566348978073,1936.13147316607,30.91715118754127,30.85754344138721,76.07445341012927,"{""geodesic"":false,""type"":""Polygon"",""coordinates"":[[[76.07445341012927,30.85754344138721],[76.13566348978073,30.85754344138721],[76.13566348978073,30.91715118754127],[76.07445341012927,30.91715118754127],[76.07445341012927,30.85754344138721]]]}"
22_37,76.19687356943219,1934.520954385644,30.91715118754127,30.85754344138721,76.13566348978073,"{""geodesic"":false,""type"":""Polygon"",""coordinates"":[[[76.13566348978073,30.85754344138721],[76.19687356943219,30.85754344138721],[76.19687356943219,30.91715118754127],[76.13566348978073,30.91715118754127],[76.13566348978073,30.85754344138721]]]}"
22_38,76.25808364908364,1932.6609682714243,30.91715118754127,30.85754344138721,76.19687356943219,"{""geodesic"":false,""type"":""Polygon"",""coordinates"":[[[76.19687356943219,30.85754344138721],[76.25808364908364,30.85754344138721],[76.25808364908364,30.91715118754127],[76.19687356943219,30.91715118754127],[76.19687356943219,30.85754344138721]]]}"
22_39,76.3192937287351,1931.7038092179846,30.91715118754127,30.85754344138721,76.25808364908364,"{""geodesic"":false,""type"":""Polygon"",""coordinates"":[[[76.25808364908364,30.85754344138721],[76.3192937287351,30.85754344138721],[76.3192937287351,30.91715118754127],[76.25808364908364,30.91715118754127],[76.25808364908364,30.85754344138721]]]}"
22_40,76.38050380838656,1929.5550176897968,30.91715118754127,30.85754344138721,76.3192937287351,"{""geodesic"":false,""type"":""Polygon"",""coordinates"":[[[76.3192937287351,30.85754344138721],[76.38050380838656,30.85754344138721],[76.38050380838656,30.91715118754127],[76.3192937287351,30.91715118754127],[76.3192937287351,30.85754344138721]]]}"
22_41,76.44171388803802,1928.5008654351602,30.91715118754127,30.85754344138721,76.38050380838656,"{""geodesic"":false,""type"":""Polygon"",""coordinates"":[[[76.38050380838656,30.85754344138721],[76.44171388803802,30.85754344138721],[76.44171388803802,30.91715118754127],[76.38050380838656,30.91715118754127],[76.38050380838656,30.85754344138721]]]}"
22_42,76.5029239676895,1929.1496049690588,30.91715118754127,30.85754344138721,76.44171388803804,"{""geodesic"":false,""type"":""Polygon"",""coordinates"":[[[76.44171388803804,30.85754344138721],[76.5029239676895,30.85754344138721],[76.5029239676895,30.91715118754127],[76.44171388803804,30.91715118754127],[76.44171388803804,30.85754344138721]]]}"
22_43,76.56413404734096,1931.0281526643876,30.91715118754127,30.85754344138721,76.5029239676895,"{""geodesic"":false,""type"":""Polygon"",""coordinates"":[[[76.5029239676895,30.85754344138721],[76.56413404734096,30.85754344138721],[76.56413404734096,30.91715118754127],[76.5029239676895,30.91715118754127],[76.5029239676895,30.85754344138721]]]}"
22_44,76.62534412699242,1929.8030996641057,30.91715118754127,30.85754344138721,76.56413404734096,"{""geodesic"":false,""type"":""Polygon"",""coordinates"":[[[76.56413404734096,30.85754344138721],[76.62534412699242,30.85754344138721],[76.62534412699242,30.91715118754127],[76.56413404734096,30.91715118754127],[76.56413404734096,30.85754344138721]]]}"
22_45,76.68655420664388,1926.0341426925563,30.91715118754127,30.85754344138721,76.62534412699242,"{""geodesic"":false,""type"":""Polygon"",""coordinates"":[[[76.62534412699242,30.85754344138721],[76.68655420664388,30.85754344138721],[76.68655420664388,30.91715118754127],[76.62534412699242,30.91715118754127],[76.62534412699242,30.85754344138721]]]}"
22_46,76.74776428629534,1921.1730410232556,30.91715118754127,30.85754344138721,76.68655420664388,"{""geodesic"":false,""type"":""Polygon"",""coordinates"":[[[76.68655420664388,30.85754344138721],[76.74776428629534,30.85754344138721],[76.74776428629534,30.91715118754127],[76.68655420664388,30.91715118754127],[76.68655420664388,30.85754344138721]]]}"
22_47,76.8089743659468,1917.3343423228505,30.91715118754127,30.85754344138721,76.74776428629534,"{""geodesic"":false,""type"":""Polygon"",""coordinates"":[[[76.74776428629534,30.85754344138721],[76.8089743659468,30.85754344138721],[76.8089743659468,30.91715118754127],[76.74776428629534,30.91715118754127],[76.74776428629534,30.85754344138721]]]}"
23_8,74.42178125953983,1942.3773664176388,30.97675893369533,30.917151187541272,74.36057117988837,"{""geodesic"":false,""type"":""Polygon"",""coordinates"":[[[74.36057117988837,30.917151187541272],[74.42178125953983,30.917151187541272],[74.42178125953983,30.97675893369533],[74.36057117988837,30.97675893369533],[74.36057117988837,30.917151187541272]]]}"
23_9,74.4829913391913,1939.5414201954447,30.97675893369533,30.917151187541272,74.42178125953984,"{""geodesic"":false,""type"":""Polygon"",""coordinates"":[[[74.42178125953984,30.917151187541272],[74.4829913391913,30.917151187541272],[74.4829913391913,30.97675893369533],[74.42178125953984,30.97675893369533],[74.42178125953984,30.917151187541272]]]}"
23_10,74.54420141884276,1936.9838136803205,30.97675893369533,30.917151187541272,74.4829913391913,"{""geodesic"":false,""type"":""Polygon"",""coordinates"":[[[74.4829913391913,30.917151187541272],[74.54420141884276,30.917151187541272],[74.54420141884276,30.97675893369533],[74.4829913391913,30.97675893369533],[74.4829913391913,30.917151187541272]]]}"
23_11,74.60541149849422,1936.363499551386,30.97675893369533,30.917151187541272,74.54420141884276,"{""geodesic"":false,""type"":""Polygon"",""coordinates"":[[[74.54420141884276,30.917151187541272],[74.60541149849422,30.917151187541272],[74.60541149849422,30.97675893369533],[74.54420141884276,30.97675893369533],[74.54420141884276,30.917151187541272]]]}"
23_12,74.66662157814568,1938.1838607822863,30.97675893369533,30.917151187541272,74.60541149849422,"{""geodesic"":false,""type"":""Polygon"",""coordinates"":[[[74.60541149849422,30.917151187541272],[74.66662157814568,30.917151187541272],[74.66662157814568,30.97675893369533],[74.60541149849422,30.97675893369533],[74.60541149849422,30.917151187541272]]]}"
23_13,74.72783165779714,1938.9264867815064,30.97675893369533,30.917151187541272,74.66662157814568,"{""geodesic"":false,""type"":""Polygon"",""coordinates"":[[[74.66662157814568,30.917151187541272],[74.72783165779714,30.917151187541272],[74.72783165779714,30.97675893369533],[74.66662157814568,30.97675893369533],[74.66662157814568,30.917151187541272]]]}"
23_14,74.7890417374486,1938.5840656307623,30.97675893369533,30.917151187541272,74.72783165779714,"{""geodesic"":false,""type"":""Polygon"",""coordinates"":[[[74.72783165779714,30.917151187541272],[74.7890417374486,30.917151187541272],[74.7890417374486,30.97675893369533],[74.72783165779714,30.97675893369533],[74.72783165779714,30.917151187541272]]]}"
23_15,74.85025181710006,1938.573405681036,30.97675893369533,30.917151187541272,74.7890417374486,"{""geodesic"":false,""type"":""Polygon"",""coordinates"":[[[74.7890417374486,30.917151187541272],[74.85025181710006,30.917151187541272],[74.85025181710006,30.97675893369533],[74.7890417374486,30.97675893369533],[74.7890417374486,30.917151187541272]]]}"
23_16,74.91146189675152,1938.9123037871332,30.97675893369533,30.917151187541272,74.85025181710006,"{""geodesic"":false,""type"":""Polygon"",""coordinates"":[[[74.85025181710006,30.917151187541272],[74.91146189675152,30.917151187541272],[74.91146189675152,30.97675893369533],[74.85025181710006,30.97675893369533],[74.85025181710006,30.917151187541272]]]}"
23_17,74.97267197640298,1938.8056235347815,30.97675893369533,30.917151187541272,74.91146189675152,"{""geodesic"":false,""type"":""Polygon"",""coordinates"":[[[74.91146189675152,30.917151187541272],[74.97267197640298,30.917151187541272],[74.97267197640298,30.97675893369533],[74.91146189675152,30.97675893369533],[74.91146189675152,30.917151187541272]]]}"
23_18,75.03388205605444,1937.9762426041473,30.97675893369533,30.917151187541272,74.97267197640298,"{""geodesic"":false,""type"":""Polygon"",""coordinates"":[[[74.97267197640298,30.917151187541272],[75.03388205605444,30.917151187541272],[75.03388205605444,30.97675893369533],[74.97267197640298,30.97675893369533],[74.97267197640298,30.917151187541272]]]}"
23_19,75.0950921357059,1937.498270836526,30.97675893369533,30.917151187541272,75.03388205605444,"{""geodesic"":false,""type"":""Polygon"",""coordinates"":[[[75.03388205605444,30.917151187541272],[75.0950921357059,30.917151187541272],[75.0950921357059,30.97675893369533],[75.03388205605444,30.97675893369533],[75.03388205605444,30.917151187541272]]]}"
23_20,75.15630221535736,1938.8447100576602,30.97675893369533,30.917151187541272,75.0950921357059,"{""geodesic"":false,""type"":""Polygon"",""coordinates"":[[[75.0950921357059,30.917151187541272],[75.15630221535736,30.917151187541272],[75.15630221535736,30.97675893369533],[75.0950921357059,30.97675893369533],[75.0950921357059,30.917151187541272]]]}"
23_21,75.21751229500882,1938.8551333298672,30.97675893369533,30.917151187541272,75.15630221535736,"{""geodesic"":false,""type"":""Polygon"",""coordinates"":[[[75.15630221535736,30.917151187541272],[75.21751229500882,30.917151187541272],[75.21751229500882,30.97675893369533],[75.15630221535736,30.97675893369533],[75.15630221535736,30.917151187541272]]]}"
23_22,75.27872237466028,1938.5947179293164,30.97675893369533,30.917151187541272,75.21751229500882,"{""geodesic"":false,""type"":""Polygon"",""coordinates"":[[[75.21751229500882,30.917151187541272],[75.27872237466028,30.917151187541272],[75.27872237466028,30.97675893369533],[75.21751229500882,30.97675893369533],[75.21751229500882,30.917151187541272]]]}"
23_23,75.33993245431174,1936.474648015953,30.97675893369533,30.917151187541272,75.27872237466028,"{""geodesic"":false,""type"":""Polygon"",""coordinates"":[[[75.27872237466028,30.917151187541272],[75.33993245431174,30.917151187541272],[75.33993245431174,30.97675893369533],[75.27872237466028,30.97675893369533],[75.27872237466028,30.917151187541272]]]}"
23_24,75.4011425339632,1935.9657298667112,30.97675893369533,30.917151187541272,75.33993245431174,"{""geodesic"":false,""type"":""Polygon"",""coordinates"":[[[75.33993245431174,30.917151187541272],[75.4011425339632,30.917151187541272],[75.4011425339632,30.97675893369533],[75.33993245431174,30.97675893369533],[75.33993245431174,30.917151187541272]]]}"
23_25,75.46235261361466,1936.7209356098956,30.97675893369533,30.917151187541272,75.4011425339632,"{""geodesic"":false,""type"":""Polygon"",""coordinates"":[[[75.4011425339632,30.917151187541272],[75.46235261361466,30.917151187541272],[75.46235261361466,30.97675893369533],[75.4011425339632,30.97675893369533],[75.4011425339632,30.917151187541272]]]}"
23_26,75.52356269326613,1938.6798907450323,30.97675893369533,30.917151187541272,75.46235261361467,"{""geodesic"":false,""type"":""Polygon"",""coordinates"":[[[75.46235261361467,30.917151187541272],[75.52356269326613,30.917151187541272],[75.52356269326613,30.97675893369533],[75.46235261361467,30.97675893369533],[75.46235261361467,30.917151187541272]]]}"
23_27,75.58477277291759,1939.4166366309366,30.97675893369533,30.917151187541272,75.52356269326613,"{""geodesic"":false,""type"":""Polygon"",""coordinates"":[[[75.52356269326613,30.917151187541272],[75.58477277291759,30.917151187541272],[75.58477277291759,30.97675893369533],[75.52356269326613,30.97675893369533],[75.52356269326613,30.917151187541272]]]}"
23_28,75.64598285256905,1939.6074951380126,30.97675893369533,30.917151187541272,75.58477277291759,"{""geodesic"":false,""type"":""Polygon"",""coordinates"":[[[75.58477277291759,30.917151187541272],[75.64598285256905,30.917151187541272],[75.64598285256905,30.97675893369533],[75.58477277291759,30.97675893369533],[75.58477277291759,30.917151187541272]]]}"
23_29,75.70719293222051,1939.2345446653314,30.97675893369533,30.917151187541272,75.64598285256905,"{""geodesic"":false,""type"":""Polygon"",""coordinates"":[[[75.64598285256905,30.917151187541272],[75.70719293222051,30.917151187541272],[75.70719293222051,30.97675893369533],[75.64598285256905,30.97675893369533],[75.64598285256905,30.917151187541272]]]}"
23_30,75.76840301187197,1940.1148488442423,30.97675893369533,30.917151187541272,75.70719293222051,"{""geodesic"":false,""type"":""Polygon"",""coordinates"":[[[75.70719293222051,30.917151187541272],[75.76840301187197,30.917151187541272],[75.76840301187197,30.97675893369533],[75.70719293222051,30.97675893369533],[75.70719293222051,30.917151187541272]]]}"
23_31,75.82961309152343,1941.0567661406224,30.97675893369533,30.917151187541272,75.76840301187197,"{""geodesic"":false,""type"":""Polygon"",""coordinates"":[[[75.76840301187197,30.917151187541272],[75.82961309152343,30.917151187541272],[75.82961309152343,30.97675893369533],[75.76840301187197,30.97675893369533],[75.76840301187197,30.917151187541272]]]}"
23_32,75.89082317117489,1937.4562361262097,30.97675893369533,30.917151187541272,75.82961309152343,"{""geodesic"":false,""type"":""Polygon"",""coordinates"":[[[75.82961309152343,30.917151187541272],[75.89082317117489,30.917151187541272],[75.89082317117489,30.97675893369533],[75.82961309152343,30.97675893369533],[75.82961309152343,30.917151187541272]]]}"
23_33,75.95203325082635,1936.0163775352587,30.97675893369533,30.917151187541272,75.89082317117489,"{""geodesic"":false,""type"":""Polygon"",""coordinates"":[[[75.89082317117489,30.917151187541272],[75.95203325082635,30.917151187541272],[75.95203325082635,30.97675893369533],[75.89082317117489,30.97675893369533],[75.89082317117489,30.917151187541272]]]}"
23_34,76.0132433304778,1936.581380575679,30.97675893369533,30.917151187541272,75.95203325082635,"{""geodesic"":false,""type"":""Polygon"",""coordinates"":[[[75.95203325082635,30.917151187541272],[76.0132433304778,30.917151187541272],[76.0132433304778,30.97675893369533],[75.95203325082635,30.97675893369533],[75.95203325082635,30.917151187541272]]]}"
23_35,76.07445341012927,1933.7047232747834,30.97675893369533,30.917151187541272,76.0132433304778,"{""geodesic"":false,""type"":""Polygon"",""coordinates"":[[[76.0132433304778,30.917151187541272],[76.07445341012927,30.917151187541272],[76.07445341012927,30.97675893369533],[76.0132433304778,30.97675893369533],[76.0132433304778,30.917151187541272]]]}"
23_36,76.13566348978073,1931.6036581381195,30.97675893369533,30.917151187541272,76.07445341012927,"{""geodesic"":false,""type"":""Polygon"",""coordinates"":[[[76.07445341012927,30.917151187541272],[76.13566348978073,30.917151187541272],[76.13566348978073,30.97675893369533],[76.07445341012927,30.97675893369533],[76.07445341012927,30.917151187541272]]]}"
23_37,76.19687356943219,1930.8725965535227,30.97675893369533,30.917151187541272,76.13566348978073,"{""geodesic"":false,""type"":""Polygon"",""coordinates"":[[[76.13566348978073,30.917151187541272],[76.19687356943219,30.917151187541272],[76.19687356943219,30.97675893369533],[76.13566348978073,30.97675893369533],[76.13566348978073,30.917151187541272]]]}"
23_38,76.25808364908364,1929.9874178821813,30.97675893369533,30.917151187541272,76.19687356943219,"{""geodesic"":false,""type"":""Polygon"",""coordinates"":[[[76.19687356943219,30.917151187541272],[76.25808364908364,30.917151187541272],[76.25808364908364,30.97675893369533],[76.19687356943219,30.97675893369533],[76.19687356943219,30.917151187541272]]]}"
23_39,76.3192937287351,1928.6677496985126,30.97675893369533,30.917151187541272,76.25808364908364,"{""geodesic"":false,""type"":""Polygon"",""coordinates"":[[[76.25808364908364,30.917151187541272],[76.3192937287351,30.917151187541272],[76.3192937287351,30.97675893369533],[76.25808364908364,30.97675893369533],[76.25808364908364,30.917151187541272]]]}"
23_40,76.38050380838656,1926.6174231552134,30.97675893369533,30.917151187541272,76.3192937287351,"{""geodesic"":false,""type"":""Polygon"",""coordinates"":[[[76.3192937287351,30.917151187541272],[76.38050380838656,30.917151187541272],[76.38050380838656,30.97675893369533],[76.3192937287351,30.97675893369533],[76.3192937287351,30.917151187541272]]]}"
23_41,76.44171388803802,1927.069052180768,30.97675893369533,30.917151187541272,76.38050380838656,"{""geodesic"":false,""type"":""Polygon"",""coordinates"":[[[76.38050380838656,30.917151187541272],[76.44171388803802,30.917151187541272],[76.44171388803802,30.97675893369533],[76.38050380838656,30.97675893369533],[76.38050380838656,30.917151187541272]]]}"
23_42,76.5029239676895,1928.6708585627352,30.97675893369533,30.917151187541272,76.44171388803804,"{""geodesic"":false,""type"":""Polygon"",""coordinates"":[[[76.44171388803804,30.917151187541272],[76.5029239676895,30.917151187541272],[76.5029239676895,30.97675893369533],[76.44171388803804,30.97675893369533],[76.44171388803804,30.917151187541272]]]}"
23_43,76.56413404734096,1928.6515132039451,30.97675893369533,30.917151187541272,76.5029239676895,"{""geodesic"":false,""type"":""Polygon"",""coordinates"":[[[76.5029239676895,30.917151187541272],[76.56413404734096,30.917151187541272],[76.56413404734096,30.97675893369533],[76.5029239676895,30.97675893369533],[76.5029239676895,30.917151187541272]]]}"
23_44,76.62534412699242,1924.451116751346,30.97675893369533,30.917151187541272,76.56413404734096,"{""geodesic"":false,""type"":""Polygon"",""coordinates"":[[[76.56413404734096,30.917151187541272],[76.62534412699242,30.917151187541272],[76.62534412699242,30.97675893369533],[76.56413404734096,30.97675893369533],[76.56413404734096,30.917151187541272]]]}"
23_45,76.68655420664388,1920.217824808255,30.97675893369533,30.917151187541272,76.62534412699242,"{""geodesic"":false,""type"":""Polygon"",""coordinates"":[[[76.62534412699242,30.917151187541272],[76.68655420664388,30.917151187541272],[76.68655420664388,30.97675893369533],[76.62534412699242,30.97675893369533],[76.62534412699242,30.917151187541272]]]}"
23_46,76.74776428629534,1917.3314104382664,30.97675893369533,30.917151187541272,76.68655420664388,"{""geodesic"":false,""type"":""Polygon"",""coordinates"":[[[76.68655420664388,30.917151187541272],[76.74776428629534,30.917151187541272],[76.74776428629534,30.97675893369533],[76.68655420664388,30.97675893369533],[76.68655420664388,30.917151187541272]]]}"
23_47,76.8089743659468,1917.4123504532088,30.97675893369533,30.917151187541272,76.74776428629534,"{""geodesic"":false,""type"":""Polygon"",""coordinates"":[[[76.74776428629534,30.917151187541272],[76.8089743659468,30.917151187541272],[76.8089743659468,30.97675893369533],[76.74776428629534,30.97675893369533],[76.74776428629534,30.917151187541272]]]}"
24_10,74.54420141884276,1939.51364982273,31.036366679849387,30.97675893369533,74.4829913391913,"{""geodesic"":false,""type"":""Polygon"",""coordinates"":[[[74.4829913391913,30.97675893369533],[74.54420141884276,30.97675893369533],[74.54420141884276,31.036366679849387],[74.4829913391913,31.036366679849387],[74.4829913391913,30.97675893369533]]]}"
24_11,74.60541149849422,1937.459535431038,31.036366679849387,30.97675893369533,74.54420141884276,"{""geodesic"":false,""type"":""Polygon"",""coordinates"":[[[74.54420141884276,30.97675893369533],[74.60541149849422,30.97675893369533],[74.60541149849422,31.036366679849387],[74.54420141884276,31.036366679849387],[74.54420141884276,30.97675893369533]]]}"
24_12,74.66662157814568,1938.2385993088326,31.036366679849387,30.97675893369533,74.60541149849422,"{""geodesic"":false,""type"":""Polygon"",""coordinates"":[[[74.60541149849422,30.97675893369533],[74.66662157814568,30.97675893369533],[74.66662157814568,31.036366679849387],[74.60541149849422,31.036366679849387],[74.60541149849422,30.97675893369533]]]}"
24_13,74.72783165779714,1940.2340553297763,31.036366679849387,30.97675893369533,74.66662157814568,"{""geodesic"":false,""type"":""Polygon"",""coordinates"":[[[74.66662157814568,30.97675893369533],[74.72783165779714,30.97675893369533],[74.72783165779714,31.036366679849387],[74.66662157814568,31.036366679849387],[74.66662157814568,30.97675893369533]]]}"
24_14,74.7890417374486,1940.2749853417486,31.036366679849387,30.97675893369533,74.72783165779714,"{""geodesic"":false,""type"":""Polygon"",""coordinates"":[[[74.72783165779714,30.97675893369533],[74.7890417374486,30.97675893369533],[74.7890417374486,31.036366679849387],[74.72783165779714,31.036366679849387],[74.72783165779714,30.97675893369533]]]}"
24_15,74.85025181710006,1939.9165117462505,31.036366679849387,30.97675893369533,74.7890417374486,"{""geodesic"":false,""type"":""Polygon"",""coordinates"":[[[74.7890417374486,30.97675893369533],[74.85025181710006,30.97675893369533],[74.85025181710006,31.036366679849387],[74.7890417374486,31.036366679849387],[74.7890417374486,30.97675893369533]]]}"
24_16,74.91146189675152,1939.326764263578,31.036366679849387,30.97675893369533,74.85025181710006,"{""geodesic"":false,""type"":""Polygon"",""coordinates"":[[[74.85025181710006,30.97675893369533],[74.91146189675152,30.97675893369533],[74.91146189675152,31.036366679849387],[74.85025181710006,31.036366679849387],[74.85025181710006,30.97675893369533]]]}"
24_17,74.97267197640298,1938.278339258666,31.036366679849387,30.97675893369533,74.91146189675152,"{""geodesic"":false,""type"":""Polygon"",""coordinates"":[[[74.91146189675152,30.97675893369533],[74.97267197640298,30.97675893369533],[74.97267197640298,31.036366679849387],[74.91146189675152,31.036366679849387],[74.91146189675152,30.97675893369533]]]}"
24_18,75.03388205605444,1937.7822791260621,31.036366679849387,30.97675893369533,74.97267197640298,"{""geodesic"":false,""type"":""Polygon"",""coordinates"":[[[74.97267197640298,30.97675893369533],[75.03388205605444,30.97675893369533],[75.03388205605444,31.036366679849387],[74.97267197640298,31.036366679849387],[74.97267197640298,30.97675893369533]]]}"
24_19,75.0950921357059,1937.5236274899319,31.036366679849387,30.97675893369533,75.03388205605444,"{""geodesic"":false,""type"":""Polygon"",""coordinates"":[[[75.03388205605444,30.97675893369533],[75.0950921357059,30.97675893369533],[75.0950921357059,31.036366679849387],[75.03388205605444,31.036366679849387],[75.03388205605444,30.97675893369533]]]}"
24_20,75.15630221535736,1938.4390339024615,31.036366679849387,30.97675893369533,75.0950921357059,"{""geodesic"":false,""type"":""Polygon"",""coordinates"":[[[75.0950921357059,30.97675893369533],[75.15630221535736,30.97675893369533],[75.15630221535736,31.036366679849387],[75.0950921357059,31.036366679849387],[75.0950921357059,30.97675893369533]]]}"
24_21,75.21751229500882,1939.5850013947877,31.036366679849387,30.97675893369533,75.15630221535736,"{""geodesic"":false,""type"":""Polygon"",""coordinates"":[[[75.15630221535736,30.97675893369533],[75.21751229500882,30.97675893369533],[75.21751229500882,31.036366679849387],[75.15630221535736,31.036366679849387],[75.15630221535736,30.97675893369533]]]}"
24_22,75.27872237466028,1939.6240604114687,31.036366679849387,30.97675893369533,75.21751229500882,"{""geodesic"":false,""type"":""Polygon"",""coordinates"":[[[75.21751229500882,30.97675893369533],[75.27872237466028,30.97675893369533],[75.27872237466028,31.036366679849387],[75.21751229500882,31.036366679849387],[75.21751229500882,30.97675893369533]]]}"
24_23,75.33993245431174,1936.8639143791943,31.036366679849387,30.97675893369533,75.27872237466028,"{""geodesic"":false,""type"":""Polygon"",""coordinates"":[[[75.27872237466028,30.97675893369533],[75.33993245431174,30.97675893369533],[75.33993245431174,31.036366679849387],[75.27872237466028,31.036366679849387],[75.27872237466028,30.97675893369533]]]}"
24_24,75.4011425339632,1937.103451016984,31.036366679849387,30.97675893369533,75.33993245431174,"{""geodesic"":false,""type"":""Polygon"",""coordinates"":[[[75.33993245431174,30.97675893369533],[75.4011425339632,30.97675893369533],[75.4011425339632,31.036366679849387],[75.33993245431174,31.036366679849387],[75.33993245431174,30.97675893369533]]]}"
24_25,75.46235261361466,1937.5624689577885,31.036366679849387,30.97675893369533,75.4011425339632,"{""geodesic"":false,""type"":""Polygon"",""coordinates"":[[[75.4011425339632,30.97675893369533],[75.46235261361466,30.97675893369533],[75.46235261361466,31.036366679849387],[75.4011425339632,31.036366679849387],[75.4011425339632,30.97675893369533]]]}"
24_26,75.52356269326613,1938.8271379992607,31.036366679849387,30.97675893369533,75.46235261361467,"{""geodesic"":false,""type"":""Polygon"",""coordinates"":[[[75.46235261361467,30.97675893369533],[75.52356269326613,30.97675893369533],[75.52356269326613,31.036366679849387],[75.46235261361467,31.036366679849387],[75.46235261361467,30.97675893369533]]]}"
24_27,75.58477277291759,1938.7080872767092,31.036366679849387,30.97675893369533,75.52356269326613,"{""geodesic"":false,""type"":""Polygon"",""coordinates"":[[[75.52356269326613,30.97675893369533],[75.58477277291759,30.97675893369533],[75.58477277291759,31.036366679849387],[75.52356269326613,31.036366679849387],[75.52356269326613,30.97675893369533]]]}"
24_28,75.64598285256905,1938.1878988517317,31.036366679849387,30.97675893369533,75.58477277291759,"{""geodesic"":false,""type"":""Polygon"",""coordinates"":[[[75.58477277291759,30.97675893369533],[75.64598285256905,30.97675893369533],[75.64598285256905,31.036366679849387],[75.58477277291759,31.036366679849387],[75.58477277291759,30.97675893369533]]]}"
24_29,75.70719293222051,1937.762310163087,31.036366679849387,30.97675893369533,75.64598285256905,"{""geodesic"":false,""type"":""Polygon"",""coordinates"":[[[75.64598285256905,30.97675893369533],[75.70719293222051,30.97675893369533],[75.70719293222051,31.036366679849387],[75.64598285256905,31.036366679849387],[75.64598285256905,30.97675893369533]]]}"
24_30,75.76840301187197,1939.2355504200823,31.036366679849387,30.97675893369533,75.70719293222051,"{""geodesic"":false,""type"":""Polygon"",""coordinates"":[[[75.70719293222051,30.97675893369533],[75.76840301187197,30.97675893369533],[75.76840301187197,31.036366679849387],[75.70719293222051,31.036366679849387],[75.70719293222051,30.97675893369533]]]}"
24_31,75.82961309152343,1940.3019744344763,31.036366679849387,30.97675893369533,75.76840301187197,"{""geodesic"":false,""type"":""Polygon"",""coordinates"":[[[75.76840301187197,30.97675893369533],[75.82961309152343,30.97675893369533],[75.82961309152343,31.036366679849387],[75.76840301187197,31.036366679849387],[75.76840301187197,30.97675893369533]]]}"
24_32,75.89082317117489,1936.4294132039017,31.036366679849387,30.97675893369533,75.82961309152343,"{""geodesic"":false,""type"":""Polygon"",""coordinates"":[[[75.82961309152343,30.97675893369533],[75.89082317117489,30.97675893369533],[75.89082317117489,31.036366679849387],[75.82961309152343,31.036366679849387],[75.82961309152343,30.97675893369533]]]}"
24_33,75.95203325082635,1935.9441858081564,31.036366679849387,30.97675893369533,75.89082317117489,"{""geodesic"":false,""type"":""Polygon"",""coordinates"":[[[75.89082317117489,30.97675893369533],[75.95203325082635,30.97675893369533],[75.95203325082635,31.036366679849387],[75.89082317117489,31.036366679849387],[75.89082317117489,30.97675893369533]]]}"
24_34,76.0132433304778,1935.397767996597,31.036366679849387,30.97675893369533,75.95203325082635,"{""geodesic"":false,""type"":""Polygon"",""coordinates"":[[[75.95203325082635,30.97675893369533],[76.0132433304778,30.97675893369533],[76.0132433304778,31.036366679849387],[75.95203325082635,31.036366679849387],[75.95203325082635,30.97675893369533]]]}"
24_35,76.07445341012927,1932.63643746709,31.036366679849387,30.97675893369533,76.0132433304778,"{""geodesic"":false,""type"":""Polygon"",""coordinates"":[[[76.0132433304778,30.97675893369533],[76.07445341012927,30.97675893369533],[76.07445341012927,31.036366679849387],[76.0132433304778,31.036366679849387],[76.0132433304778,30.97675893369533]]]}"
24_36,76.13566348978073,1931.9813370785891,31.036366679849387,30.97675893369533,76.07445341012927,"{""geodesic"":false,""type"":""Polygon"",""coordinates"":[[[76.07445341012927,30.97675893369533],[76.13566348978073,30.97675893369533],[76.13566348978073,31.036366679849387],[76.07445341012927,31.036366679849387],[76.07445341012927,30.97675893369533]]]}"
24_37,76.19687356943219,1930.1507156770867,31.036366679849387,30.97675893369533,76.13566348978073,"{""geodesic"":false,""type"":""Polygon"",""coordinates"":[[[76.13566348978073,30.97675893369533],[76.19687356943219,30.97675893369533],[76.19687356943219,31.036366679849387],[76.13566348978073,31.036366679849387],[76.13566348978073,30.97675893369533]]]}"
24_38,76.25808364908364,1927.9217205032965,31.036366679849387,30.97675893369533,76.19687356943219,"{""geodesic"":false,""type"":""Polygon"",""coordinates"":[[[76.19687356943219,30.97675893369533],[76.25808364908364,30.97675893369533],[76.25808364908364,31.036366679849387],[76.19687356943219,31.036366679849387],[76.19687356943219,30.97675893369533]]]}"
24_39,76.3192937287351,1926.824095685358,31.036366679849387,30.97675893369533,76.25808364908364,"{""geodesic"":false,""type"":""Polygon"",""coordinates"":[[[76.25808364908364,30.97675893369533],[76.3192937287351,30.97675893369533],[76.3192937287351,31.036366679849387],[76.25808364908364,31.036366679849387],[76.25808364908364,30.97675893369533]]]}"
24_40,76.38050380838656,1926.1879369043854,31.036366679849387,30.97675893369533,76.3192937287351,"{""geodesic"":false,""type"":""Polygon"",""coordinates"":[[[76.3192937287351,30.97675893369533],[76.38050380838656,30.97675893369533],[76.38050380838656,31.036366679849387],[76.3192937287351,31.036366679849387],[76.3192937287351,30.97675893369533]]]}"
24_41,76.44171388803802,1926.5057793174444,31.036366679849387,30.97675893369533,76.38050380838656,"{""geodesic"":false,""type"":""Polygon"",""coordinates"":[[[76.38050380838656,30.97675893369533],[76.44171388803802,30.97675893369533],[76.44171388803802,31.036366679849387],[76.38050380838656,31.036366679849387],[76.38050380838656,30.97675893369533]]]}"
24_42,76.5029239676895,1926.5424615240388,31.036366679849387,30.97675893369533,76.44171388803804,"{""geodesic"":false,""type"":""Polygon"",""coordinates"":[[[76.44171388803804,30.97675893369533],[76.5029239676895,30.97675893369533],[76.5029239676895,31.036366679849387],[76.44171388803804,31.036366679849387],[76.44171388803804,30.97675893369533]]]}"
24_43,76.56413404734096,1925.230655085499,31.036366679849387,30.97675893369533,76.5029239676895,"{""geodesic"":false,""type"":""Polygon"",""coordinates"":[[[76.5029239676895,30.97675893369533],[76.56413404734096,30.97675893369533],[76.56413404734096,31.036366679849387],[76.5029239676895,31.036366679849387],[76.5029239676895,30.97675893369533]]]}"
24_44,76.62534412699242,1922.0061028555513,31.036366679849387,30.97675893369533,76.56413404734096,"{""geodesic"":false,""type"":""Polygon"",""coordinates"":[[[76.56413404734096,30.97675893369533],[76.62534412699242,30.97675893369533],[76.62534412699242,31.036366679849387],[76.56413404734096,31.036366679849387],[76.56413404734096,30.97675893369533]]]}"
24_45,76.68655420664388,1918.9753249046985,31.036366679849387,30.97675893369533,76.62534412699242,"{""geodesic"":false,""type"":""Polygon"",""coordinates"":[[[76.62534412699242,30.97675893369533],[76.68655420664388,30.97675893369533],[76.68655420664388,31.036366679849387],[76.62534412699242,31.036366679849387],[76.62534412699242,30.97675893369533]]]}"
25_11,74.60541149849422,1943.6177868567036,31.095974426003444,31.036366679849387,74.54420141884276,"{""geodesic"":false,""type"":""Polygon"",""coordinates"":[[[74.54420141884276,31.036366679849387],[74.60541149849422,31.036366679849387],[74.60541149849422,31.095974426003444],[74.54420141884276,31.095974426003444],[74.54420141884276,31.036366679849387]]]}"
25_12,74.66662157814568,1946.844746946197,31.095974426003444,31.036366679849387,74.60541149849422,"{""geodesic"":false,""type"":""Polygon"",""coordinates"":[[[74.60541149849422,31.036366679849387],[74.66662157814568,31.036366679849387],[74.66662157814568,31.095974426003444],[74.60541149849422,31.095974426003444],[74.60541149849422,31.036366679849387]]]}"
25_13,74.72783165779714,1945.9157791754346,31.095974426003444,31.036366679849387,74.66662157814568,"{""geodesic"":false,""type"":""Polygon"",""coordinates"":[[[74.66662157814568,31.036366679849387],[74.72783165779714,31.036366679849387],[74.72783165779714,31.095974426003444],[74.66662157814568,31.095974426003444],[74.66662157814568,31.036366679849387]]]}"
25_14,74.7890417374486,1944.1837359007861,31.095974426003444,31.036366679849387,74.72783165779714,"{""geodesic"":false,""type"":""Polygon"",""coordinates"":[[[74.72783165779714,31.036366679849387],[74.7890417374486,31.036366679849387],[74.7890417374486,31.095974426003444],[74.72783165779714,31.095974426003444],[74.72783165779714,31.036366679849387]]]}"
25_15,74.85025181710006,1942.2810828826534,31.095974426003444,31.036366679849387,74.7890417374486,"{""geodesic"":false,""type"":""Polygon"",""coordinates"":[[[74.7890417374486,31.036366679849387],[74.85025181710006,31.036366679849387],[74.85025181710006,31.095974426003444],[74.7890417374486,31.095974426003444],[74.7890417374486,31.036366679849387]]]}"
25_16,74.91146189675152,1941.6823080350327,31.095974426003444,31.036366679849387,74.85025181710006,"{""geodesic"":false,""type"":""Polygon"",""coordinates"":[[[74.85025181710006,31.036366679849387],[74.91146189675152,31.036366679849387],[74.91146189675152,31.095974426003444],[74.85025181710006,31.095974426003444],[74.85025181710006,31.036366679849387]]]}"
25_17,74.97267197640298,1940.3012975704871,31.095974426003444,31.036366679849387,74.91146189675152,"{""geodesic"":false,""type"":""Polygon"",""coordinates"":[[[74.91146189675152,31.036366679849387],[74.97267197640298,31.036366679849387],[74.97267197640298,31.095974426003444],[74.91146189675152,31.095974426003444],[74.91146189675152,31.036366679849387]]]}"
25_18,75.03388205605444,1937.0273956512383,31.095974426003444,31.036366679849387,74.97267197640298,"{""geodesic"":false,""type"":""Polygon"",""coordinates"":[[[74.97267197640298,31.036366679849387],[75.03388205605444,31.036366679849387],[75.03388205605444,31.095974426003444],[74.97267197640298,31.095974426003444],[74.97267197640298,31.036366679849387]]]}"
25_19,75.0950921357059,1936.8939441758434,31.095974426003444,31.036366679849387,75.03388205605444,"{""geodesic"":false,""type"":""Polygon"",""coordinates"":[[[75.03388205605444,31.036366679849387],[75.0950921357059,31.036366679849387],[75.0950921357059,31.095974426003444],[75.03388205605444,31.095974426003444],[75.03388205605444,31.036366679849387]]]}"
25_20,75.15630221535736,1937.2200552070767,31.095974426003444,31.036366679849387,75.0950921357059,"{""geodesic"":false,""type"":""Polygon"",""coordinates"":[[[75.0950921357059,31.036366679849387],[75.15630221535736,31.036366679849387],[75.15630221535736,31.095974426003444],[75.0950921357059,31.095974426003444],[75.0950921357059,31.036366679849387]]]}"
25_21,75.21751229500882,1938.0546486683463,31.095974426003444,31.036366679849387,75.15630221535736,"{""geodesic"":false,""type"":""Polygon"",""coordinates"":[[[75.15630221535736,31.036366679849387],[75.21751229500882,31.036366679849387],[75.21751229500882,31.095974426003444],[75.15630221535736,31.095974426003444],[75.15630221535736,31.036366679849387]]]}"
25_22,75.27872237466028,1939.0523252601308,31.095974426003444,31.036366679849387,75.21751229500882,"{""geodesic"":false,""type"":""Polygon"",""coordinates"":[[[75.21751229500882,31.036366679849387],[75.27872237466028,31.036366679849387],[75.27872237466028,31.095974426003444],[75.21751229500882,31.095974426003444],[75.21751229500882,31.036366679849387]]]}"
25_23,75.33993245431174,1937.9713701079095,31.095974426003444,31.036366679849387,75.27872237466028,"{""geodesic"":false,""type"":""Polygon"",""coordinates"":[[[75.27872237466028,31.036366679849387],[75.33993245431174,31.036366679849387],[75.33993245431174,31.095974426003444],[75.27872237466028,31.095974426003444],[75.27872237466028,31.036366679849387]]]}"
25_24,75.4011425339632,1937.946430602528,31.095974426003444,31.036366679849387,75.33993245431174,"{""geodesic"":false,""type"":""Polygon"",""coordinates"":[[[75.33993245431174,31.036366679849387],[75.4011425339632,31.036366679849387],[75.4011425339632,31.095974426003444],[75.33993245431174,31.095974426003444],[75.33993245431174,31.036366679849387]]]}"
25_25,75.46235261361466,1938.0370256725212,31.095974426003444,31.036366679849387,75.4011425339632,"{""geodesic"":false,""type"":""Polygon"",""coordinates"":[[[75.4011425339632,31.036366679849387],[75.46235261361466,31.036366679849387],[75.46235261361466,31.095974426003444],[75.4011425339632,31.095974426003444],[75.4011425339632,31.036366679849387]]]}"
25_26,75.52356269326613,1938.2894977929127,31.095974426003444,31.036366679849387,75.46235261361467,"{""geodesic"":false,""type"":""Polygon"",""coordinates"":[[[75.46235261361467,31.036366679849387],[75.52356269326613,31.036366679849387],[75.52356269326613,31.095974426003444],[75.46235261361467,31.095974426003444],[75.46235261361467,31.036366679849387]]]}"
25_27,75.58477277291759,1938.8780603658763,31.095974426003444,31.036366679849387,75.52356269326613,"{""geodesic"":false,""type"":""Polygon"",""coordinates"":[[[75.52356269326613,31.036366679849387],[75.58477277291759,31.036366679849387],[75.58477277291759,31.095974426003444],[75.52356269326613,31.095974426003444],[75.52356269326613,31.036366679849387]]]}"
25_28,75.64598285256905,1937.5048464419942,31.095974426003444,31.036366679849387,75.58477277291759,"{""geodesic"":false,""type"":""Polygon"",""coordinates"":[[[75.58477277291759,31.036366679849387],[75.64598285256905,31.036366679849387],[75.64598285256905,31.095974426003444],[75.58477277291759,31.095974426003444],[75.58477277291759,31.036366679849387]]]}"
25_29,75.70719293222051,1936.853130974216,31.095974426003444,31.036366679849387,75.64598285256905,"{""geodesic"":false,""type"":""Polygon"",""coordinates"":[[[75.64598285256905,31.036366679849387],[75.70719293222051,31.036366679849387],[75.70719293222051,31.095974426003444],[75.64598285256905,31.095974426003444],[75.64598285256905,31.036366679849387]]]}"
25_30,75.76840301187197,1938.2918525174798,31.095974426003444,31.036366679849387,75.70719293222051,"{""geodesic"":false,""type"":""Polygon"",""coordinates"":[[[75.70719293222051,31.036366679849387],[75.76840301187197,31.036366679849387],[75.76840301187197,31.095974426003444],[75.70719293222051,31.095974426003444],[75.70719293222051,31.036366679849387]]]}"
25_31,75.82961309152343,1938.7658925966318,31.095974426003444,31.036366679849387,75.76840301187197,"{""geodesic"":false,""type"":""Polygon"",""coordinates"":[[[75.76840301187197,31.036366679849387],[75.82961309152343,31.036366679849387],[75.82961309152343,31.095974426003444],[75.76840301187197,31.095974426003444],[75.76840301187197,31.036366679849387]]]}"
25_32,75.89082317117489,1936.0200758368055,31.095974426003444,31.036366679849387,75.82961309152343,"{""geodesic"":false,""type"":""Polygon"",""coordinates"":[[[75.82961309152343,31.036366679849387],[75.89082317117489,31.036366679849387],[75.89082317117489,31.095974426003444],[75.82961309152343,31.095974426003444],[75.82961309152343,31.036366679849387]]]}"
25_33,75.95203325082635,1935.1062838885932,31.095974426003444,31.036366679849387,75.89082317117489,"{""geodesic"":false,""type"":""Polygon"",""coordinates"":[[[75.89082317117489,31.036366679849387],[75.95203325082635,31.036366679849387],[75.95203325082635,31.095974426003444],[75.89082317117489,31.095974426003444],[75.89082317117489,31.036366679849387]]]}"
25_34,76.0132433304778,1934.2180151602174,31.095974426003444,31.036366679849387,75.95203325082635,"{""geodesic"":false,""type"":""Polygon"",""coordinates"":[[[75.95203325082635,31.036366679849387],[76.0132433304778,31.036366679849387],[76.0132433304778,31.095974426003444],[75.95203325082635,31.095974426003444],[75.95203325082635,31.036366679849387]]]}"
25_35,76.07445341012927,1932.7347465569733,31.095974426003444,31.036366679849387,76.0132433304778,"{""geodesic"":false,""type"":""Polygon"",""coordinates"":[[[76.0132433304778,31.036366679849387],[76.07445341012927,31.036366679849387],[76.07445341012927,31.095974426003444],[76.0132433304778,31.095974426003444],[76.0132433304778,31.036366679849387]]]}"
25_36,76.13566348978073,1931.5411182858254,31.095974426003444,31.036366679849387,76.07445341012927,"{""geodesic"":false,""type"":""Polygon"",""coordinates"":[[[76.07445341012927,31.036366679849387],[76.13566348978073,31.036366679849387],[76.13566348978073,31.095974426003444],[76.07445341012927,31.095974426003444],[76.07445341012927,31.036366679849387]]]}"
25_37,76.19687356943219,1931.8639528209826,31.095974426003444,31.036366679849387,76.13566348978073,"{""geodesic"":false,""type"":""Polygon"",""coordinates"":[[[76.13566348978073,31.036366679849387],[76.19687356943219,31.036366679849387],[76.19687356943219,31.095974426003444],[76.13566348978073,31.095974426003444],[76.13566348978073,31.036366679849387]]]}"
25_38,76.25808364908364,1930.93893368769,31.095974426003444,31.036366679849387,76.19687356943219,"{""geodesic"":false,""type"":""Polygon"",""coordinates"":[[[76.19687356943219,31.036366679849387],[76.25808364908364,31.036366679849387],[76.25808364908364,31.095974426003444],[76.19687356943219,31.095974426003444],[76.19687356943219,31.036366679849387]]]}"
25_39,76.3192937287351,1929.196388999768,31.095974426003444,31.036366679849387,76.25808364908364,"{""geodesic"":false,""type"":""Polygon"",""coordinates"":[[[76.25808364908364,31.036366679849387],[76.3192937287351,31.036366679849387],[76.3192937287351,31.095974426003444],[76.25808364908364,31.095974426003444],[76.25808364908364,31.036366679849387]]]}"
25_40,76.38050380838656,1927.9066569864117,31.095974426003444,31.036366679849387,76.3192937287351,"{""geodesic"":false,""type"":""Polygon"",""coordinates"":[[[76.3192937287351,31.036366679849387],[76.38050380838656,31.036366679849387],[76.38050380838656,31.095974426003444],[76.3192937287351,31.095974426003444],[76.3192937287351,31.036366679849387]]]}"
25_41,76.44171388803802,1926.3859182076712,31.095974426003444,31.036366679849387,76.38050380838656,"{""geodesic"":false,""type"":""Polygon"",""coordinates"":[[[76.38050380838656,31.036366679849387],[76.44171388803802,31.036366679849387],[76.44171388803802,31.095974426003444],[76.38050380838656,31.095974426003444],[76.38050380838656,31.036366679849387]]]}"
25_42,76.5029239676895,1923.1372722894387,31.095974426003444,31.036366679849387,76.44171388803804,"{""geodesic"":false,""type"":""Polygon"",""coordinates"":[[[76.44171388803804,31.036366679849387],[76.5029239676895,31.036366679849387],[76.5029239676895,31.095974426003444],[76.44171388803804,31.095974426003444],[76.44171388803804,31.036366679849387]]]}"
25_43,76.56413404734096,1920.6410562366689,31.095974426003444,31.036366679849387,76.5029239676895,"{""geodesic"":false,""type"":""Polygon"",""coordinates"":[[[76.5029239676895,31.036366679849387],[76.56413404734096,31.036366679849387],[76.56413404734096,31.095974426003444],[76.5029239676895,31.095974426003444],[76.5029239676895,31.036366679849387]]]}"
25_44,76.62534412699242,1918.6095478465618,31.095974426003444,31.036366679849387,76.56413404734096,"{""geodesic"":false,""type"":""Polygon"",""coordinates"":[[[76.56413404734096,31.036366679849387],[76.62534412699242,31.036366679849387],[76.62534412699242,31.095974426003444],[76.56413404734096,31.095974426003444],[76.56413404734096,31.036366679849387]]]}"
26_10,74.54420141884276,1943.559760003035,31.1555821721575,31.095974426003444,74.4829913391913,"{""geodesic"":false,""type"":""Polygon"",""coordinates"":[[[74.4829913391913,31.095974426003444],[74.54420141884276,31.095974426003444],[74.54420141884276,31.1555821721575],[74.4829913391913,31.1555821721575],[74.4829913391913,31.095974426003444]]]}"
26_11,74.60541149849422,1943.1092028306643,31.1555821721575,31.095974426003444,74.54420141884276,"{""geodesic"":false,""type"":""Polygon"",""coordinates"":[[[74.54420141884276,31.095974426003444],[74.60541149849422,31.095974426003444],[74.60541149849422,31.1555821721575],[74.54420141884276,31.1555821721575],[74.54420141884276,31.095974426003444]]]}"
26_12,74.66662157814568,1944.6784095854243,31.1555821721575,31.095974426003444,74.60541149849422,"{""geodesic"":false,""type"":""Polygon"",""coordinates"":[[[74.60541149849422,31.095974426003444],[74.66662157814568,31.095974426003444],[74.66662157814568,31.1555821721575],[74.60541149849422,31.1555821721575],[74.60541149849422,31.095974426003444]]]}"
26_13,74.72783165779714,1946.0818957629717,31.1555821721575,31.095974426003444,74.66662157814568,"{""geodesic"":false,""type"":""Polygon"",""coordinates"":[[[74.66662157814568,31.095974426003444],[74.72783165779714,31.095974426003444],[74.72783165779714,31.1555821721575],[74.66662157814568,31.1555821721575],[74.66662157814568,31.095974426003444]]]}"
26_14,74.7890417374486,1946.8939711367805,31.1555821721575,31.095974426003444,74.72783165779714,"{""geodesic"":false,""type"":""Polygon"",""coordinates"":[[[74.72783165779714,31.095974426003444],[74.7890417374486,31.095974426003444],[74.7890417374486,31.1555821721575],[74.72783165779714,31.1555821721575],[74.72783165779714,31.095974426003444]]]}"
26_15,74.85025181710006,1946.1200055897796,31.1555821721575,31.095974426003444,74.7890417374486,"{""geodesic"":false,""type"":""Polygon"",""coordinates"":[[[74.7890417374486,31.095974426003444],[74.85025181710006,31.095974426003444],[74.85025181710006,31.1555821721575],[74.7890417374486,31.1555821721575],[74.7890417374486,31.095974426003444]]]}"
26_16,74.91146189675152,1944.549325814373,31.1555821721575,31.095974426003444,74.85025181710006,"{""geodesic"":false,""type"":""Polygon"",""coordinates"":[[[74.85025181710006,31.095974426003444],[74.91146189675152,31.095974426003444],[74.91146189675152,31.1555821721575],[74.85025181710006,31.1555821721575],[74.85025181710006,31.095974426003444]]]}"
26_17,74.97267197640298,1940.290230978712,31.1555821721575,31.095974426003444,74.91146189675152,"{""geodesic"":false,""type"":""Polygon"",""coordinates"":[[[74.91146189675152,31.095974426003444],[74.97267197640298,31.095974426003444],[74.97267197640298,31.1555821721575],[74.91146189675152,31.1555821721575],[74.91146189675152,31.095974426003444]]]}"
26_18,75.03388205605444,1936.883524528341,31.1555821721575,31.095974426003444,74.97267197640298,"{""geodesic"":false,""type"":""Polygon"",""coordinates"":[[[74.97267197640298,31.095974426003444],[75.03388205605444,31.095974426003444],[75.03388205605444,31.1555821721575],[74.97267197640298,31.1555821721575],[74.97267197640298,31.095974426003444]]]}"
26_19,75.0950921357059,1937.8149499917963,31.1555821721575,31.095974426003444,75.03388205605444,"{""geodesic"":false,""type"":""Polygon"",""coordinates"":[[[75.03388205605444,31.095974426003444],[75.0950921357059,31.095974426003444],[75.0950921357059,31.1555821721575],[75.03388205605444,31.1555821721575],[75.03388205605444,31.095974426003444]]]}"
26_20,75.15630221535736,1936.7015071456983,31.1555821721575,31.095974426003444,75.0950921357059,"{""geodesic"":false,""type"":""Polygon"",""coordinates"":[[[75.0950921357059,31.095974426003444],[75.15630221535736,31.095974426003444],[75.15630221535736,31.1555821721575],[75.0950921357059,31.1555821721575],[75.0950921357059,31.095974426003444]]]}"
26_21,75.21751229500882,1937.2655621015097,31.1555821721575,31.095974426003444,75.15630221535736,"{""geodesic"":false,""type"":""Polygon"",""coordinates"":[[[75.15630221535736,31.095974426003444],[75.21751229500882,31.095974426003444],[75.21751229500882,31.1555821721575],[75.15630221535736,31.1555821721575],[75.15630221535736,31.095974426003444]]]}"
26_22,75.27872237466028,1938.0524311085999,31.1555821721575,31.095974426003444,75.21751229500882,"{""geodesic"":false,""type"":""Polygon"",""coordinates"":[[[75.21751229500882,31.095974426003444],[75.27872237466028,31.095974426003444],[75.27872237466028,31.1555821721575],[75.21751229500882,31.1555821721575],[75.21751229500882,31.095974426003444]]]}"
26_23,75.33993245431174,1938.9652515560392,31.1555821721575,31.095974426003444,75.27872237466028,"{""geodesic"":false,""type"":""Polygon"",""coordinates"":[[[75.27872237466028,31.095974426003444],[75.33993245431174,31.095974426003444],[75.33993245431174,31.1555821721575],[75.27872237466028,31.1555821721575],[75.27872237466028,31.095974426003444]]]}"
26_24,75.4011425339632,1939.8794179320741,31.1555821721575,31.095974426003444,75.33993245431174,"{""geodesic"":false,""type"":""Polygon"",""coordinates"":[[[75.33993245431174,31.095974426003444],[75.4011425339632,31.095974426003444],[75.4011425339632,31.1555821721575],[75.33993245431174,31.1555821721575],[75.33993245431174,31.095974426003444]]]}"
26_25,75.46235261361466,1939.8863600074296,31.1555821721575,31.095974426003444,75.4011425339632,"{""geodesic"":false,""type"":""Polygon"",""coordinates"":[[[75.4011425339632,31.095974426003444],[75.46235261361466,31.095974426003444],[75.46235261361466,31.1555821721575],[75.4011425339632,31.1555821721575],[75.4011425339632,31.095974426003444]]]}"
26_26,75.52356269326613,1939.648282636908,31.1555821721575,31.095974426003444,75.46235261361467,"{""geodesic"":false,""type"":""Polygon"",""coordinates"":[[[75.46235261361467,31.095974426003444],[75.52356269326613,31.095974426003444],[75.52356269326613,31.1555821721575],[75.46235261361467,31.1555821721575],[75.46235261361467,31.095974426003444]]]}"
26_27,75.58477277291759,1938.3230083265382,31.1555821721575,31.095974426003444,75.52356269326613,"{""geodesic"":false,""type"":""Polygon"",""coordinates"":[[[75.52356269326613,31.095974426003444],[75.58477277291759,31.095974426003444],[75.58477277291759,31.1555821721575],[75.52356269326613,31.1555821721575],[75.52356269326613,31.095974426003444]]]}"
26_28,75.64598285256905,1935.8909214474054,31.1555821721575,31.095974426003444,75.58477277291759,"{""geodesic"":false,""type"":""Polygon"",""coordinates"":[[[75.58477277291759,31.095974426003444],[75.64598285256905,31.095974426003444],[75.64598285256905,31.1555821721575],[75.58477277291759,31.1555821721575],[75.58477277291759,31.095974426003444]]]}"
26_29,75.70719293222051,1935.8653953243108,31.1555821721575,31.095974426003444,75.64598285256905,"{""geodesic"":false,""type"":""Polygon"",""coordinates"":[[[75.64598285256905,31.095974426003444],[75.70719293222051,31.095974426003444],[75.70719293222051,31.1555821721575],[75.64598285256905,31.1555821721575],[75.64598285256905,31.095974426003444]]]}"
26_30,75.76840301187197,1937.3921102547517,31.1555821721575,31.095974426003444,75.70719293222051,"{""geodesic"":false,""type"":""Polygon"",""coordinates"":[[[75.70719293222051,31.095974426003444],[75.76840301187197,31.095974426003444],[75.76840301187197,31.1555821721575],[75.70719293222051,31.1555821721575],[75.70719293222051,31.095974426003444]]]}"
26_31,75.82961309152343,1936.3595287121059,31.1555821721575,31.095974426003444,75.76840301187197,"{""geodesic"":false,""type"":""Polygon"",""coordinates"":[[[75.76840301187197,31.095974426003444],[75.82961309152343,31.095974426003444],[75.82961309152343,31.1555821721575],[75.76840301187197,31.1555821721575],[75.76840301187197,31.095974426003444]]]}"
26_32,75.89082317117489,1934.354545013214,31.1555821721575,31.095974426003444,75.82961309152343,"{""geodesic"":false,""type"":""Polygon"",""coordinates"":[[[75.82961309152343,31.095974426003444],[75.89082317117489,31.095974426003444],[75.89082317117489,31.1555821721575],[75.82961309152343,31.1555821721575],[75.82961309152343,31.095974426003444]]]}"
26_33,75.95203325082635,1934.5778280390844,31.1555821721575,31.095974426003444,75.89082317117489,"{""geodesic"":false,""type"":""Polygon"",""coordinates"":[[[75.89082317117489,31.095974426003444],[75.95203325082635,31.095974426003444],[75.95203325082635,31.1555821721575],[75.89082317117489,31.1555821721575],[75.89082317117489,31.095974426003444]]]}"
26_34,76.0132433304778,1933.9529500530025,31.1555821721575,31.095974426003444,75.95203325082635,"{""geodesic"":false,""type"":""Polygon"",""coordinates"":[[[75.95203325082635,31.095974426003444],[76.0132433304778,31.095974426003444],[76.0132433304778,31.1555821721575],[75.95203325082635,31.1555821721575],[75.95203325082635,31.095974426003444]]]}"
26_35,76.07445341012927,1932.5981065019287,31.1555821721575,31.095974426003444,76.0132433304778,"{""geodesic"":false,""type"":""Polygon"",""coordinates"":[[[76.0132433304778,31.095974426003444],[76.07445341012927,31.095974426003444],[76.07445341012927,31.1555821721575],[76.0132433304778,31.1555821721575],[76.0132433304778,31.095974426003444]]]}"
26_36,76.13566348978073,1931.5216429708637,31.1555821721575,31.095974426003444,76.07445341012927,"{""geodesic"":false,""type"":""Polygon"",""coordinates"":[[[76.07445341012927,31.095974426003444],[76.13566348978073,31.095974426003444],[76.13566348978073,31.1555821721575],[76.07445341012927,31.1555821721575],[76.07445341012927,31.095974426003444]]]}"
26_37,76.19687356943219,1930.6255773681157,31.1555821721575,31.095974426003444,76.13566348978073,"{""geodesic"":false,""type"":""Polygon"",""coordinates"":[[[76.13566348978073,31.095974426003444],[76.19687356943219,31.095974426003444],[76.19687356943219,31.1555821721575],[76.13566348978073,31.1555821721575],[76.13566348978073,31.095974426003444]]]}"
26_38,76.25808364908364,1930.3500419702627,31.1555821721575,31.095974426003444,76.19687356943219,"{""geodesic"":false,""type"":""Polygon"",""coordinates"":[[[76.19687356943219,31.095974426003444],[76.25808364908364,31.095974426003444],[76.25808364908364,31.1555821721575],[76.19687356943219,31.1555821721575],[76.19687356943219,31.095974426003444]]]}"
26_39,76.3192937287351,1929.289930555315,31.1555821721575,31.095974426003444,76.25808364908364,"{""geodesic"":false,""type"":""Polygon"",""coordinates"":[[[76.25808364908364,31.095974426003444],[76.3192937287351,31.095974426003444],[76.3192937287351,31.1555821721575],[76.25808364908364,31.1555821721575],[76.25808364908364,31.095974426003444]]]}"
26_40,76.38050380838656,1926.21695880497,31.1555821721575,31.095974426003444,76.3192937287351,"{""geodesic"":false,""type"":""Polygon"",""coordinates"":[[[76.3192937287351,31.095974426003444],[76.38050380838656,31.095974426003444],[76.38050380838656,31.1555821721575],[76.3192937287351,31.1555821721575],[76.3192937287351,31.095974426003444]]]}"
26_41,76.44171388803802,1923.609434812097,31.1555821721575,31.095974426003444,76.38050380838656,"{""geodesic"":false,""type"":""Polygon"",""coordinates"":[[[76.38050380838656,31.095974426003444],[76.44171388803802,31.095974426003444],[76.44171388803802,31.1555821721575],[76.38050380838656,31.1555821721575],[76.38050380838656,31.095974426003444]]]}"
26_42,76.5029239676895,1922.3151769911176,31.1555821721575,31.095974426003444,76.44171388803804,"{""geodesic"":false,""type"":""Polygon"",""coordinates"":[[[76.44171388803804,31.095974426003444],[76.5029239676895,31.095974426003444],[76.5029239676895,31.1555821721575],[76.44171388803804,31.1555821721575],[76.44171388803804,31.095974426003444]]]}"
26_43,76.56413404734096,1919.7232781104453,31.1555821721575,31.095974426003444,76.5029239676895,"{""geodesic"":false,""type"":""Polygon"",""coordinates"":[[[76.5029239676895,31.095974426003444],[76.56413404734096,31.095974426003444],[76.56413404734096,31.1555821721575],[76.5029239676895,31.1555821721575],[76.5029239676895,31.095974426003444]]]}"
26_44,76.62534412699242,1917.0505740008257,31.1555821721575,31.095974426003444,76.56413404734096,"{""geodesic"":false,""type"":""Polygon"",""coordinates"":[[[76.56413404734096,31.095974426003444],[76.62534412699242,31.095974426003444],[76.62534412699242,31.1555821721575],[76.56413404734096,31.1555821721575],[76.56413404734096,31.095974426003444]]]}"
26_45,76.68655420664388,1916.5521379367572,31.1555821721575,31.095974426003444,76.62534412699242,"{""geodesic"":false,""type"":""Polygon"",""coordinates"":[[[76.62534412699242,31.095974426003444],[76.68655420664388,31.095974426003444],[76.68655420664388,31.1555821721575],[76.62534412699242,31.1555821721575],[76.62534412699242,31.095974426003444]]]}"
27_10,74.54420141884276,1943.053665310971,31.21518991831156,31.1555821721575,74.4829913391913,"{""geodesic"":false,""type"":""Polygon"",""coordinates"":[[[74.4829913391913,31.1555821721575],[74.54420141884276,31.1555821721575],[74.54420141884276,31.21518991831156],[74.4829913391913,31.21518991831156],[74.4829913391913,31.1555821721575]]]}"
27_11,74.60541149849422,1942.8795093103363,31.21518991831156,31.1555821721575,74.54420141884276,"{""geodesic"":false,""type"":""Polygon"",""coordinates"":[[[74.54420141884276,31.1555821721575],[74.60541149849422,31.1555821721575],[74.60541149849422,31.21518991831156],[74.54420141884276,31.21518991831156],[74.54420141884276,31.1555821721575]]]}"
27_12,74.66662157814568,1944.2974569966195,31.21518991831156,31.1555821721575,74.60541149849422,"{""geodesic"":false,""type"":""Polygon"",""coordinates"":[[[74.60541149849422,31.1555821721575],[74.66662157814568,31.1555821721575],[74.66662157814568,31.21518991831156],[74.60541149849422,31.21518991831156],[74.60541149849422,31.1555821721575]]]}"
27_13,74.72783165779714,1944.271547847582,31.21518991831156,31.1555821721575,74.66662157814568,"{""geodesic"":false,""type"":""Polygon"",""coordinates"":[[[74.66662157814568,31.1555821721575],[74.72783165779714,31.1555821721575],[74.72783165779714,31.21518991831156],[74.66662157814568,31.21518991831156],[74.66662157814568,31.1555821721575]]]}"
27_14,74.7890417374486,1944.466782149661,31.21518991831156,31.1555821721575,74.72783165779714,"{""geodesic"":false,""type"":""Polygon"",""coordinates"":[[[74.72783165779714,31.1555821721575],[74.7890417374486,31.1555821721575],[74.7890417374486,31.21518991831156],[74.72783165779714,31.21518991831156],[74.72783165779714,31.1555821721575]]]}"
27_15,74.85025181710006,1944.4678238215263,31.21518991831156,31.1555821721575,74.7890417374486,"{""geodesic"":false,""type"":""Polygon"",""coordinates"":[[[74.7890417374486,31.1555821721575],[74.85025181710006,31.1555821721575],[74.85025181710006,31.21518991831156],[74.7890417374486,31.21518991831156],[74.7890417374486,31.1555821721575]]]}"
27_16,74.91146189675152,1944.0301558235087,31.21518991831156,31.1555821721575,74.85025181710006,"{""geodesic"":false,""type"":""Polygon"",""coordinates"":[[[74.85025181710006,31.1555821721575],[74.91146189675152,31.1555821721575],[74.91146189675152,31.21518991831156],[74.85025181710006,31.21518991831156],[74.85025181710006,31.1555821721575]]]}"
27_17,74.97267197640298,1939.8231742465014,31.21518991831156,31.1555821721575,74.91146189675152,"{""geodesic"":false,""type"":""Polygon"",""coordinates"":[[[74.91146189675152,31.1555821721575],[74.97267197640298,31.1555821721575],[74.97267197640298,31.21518991831156],[74.91146189675152,31.21518991831156],[74.91146189675152,31.1555821721575]]]}"
27_18,75.03388205605444,1936.8546529121786,31.21518991831156,31.1555821721575,74.97267197640298,"{""geodesic"":false,""type"":""Polygon"",""coordinates"":[[[74.97267197640298,31.1555821721575],[75.03388205605444,31.1555821721575],[75.03388205605444,31.21518991831156],[74.97267197640298,31.21518991831156],[74.97267197640298,31.1555821721575]]]}"
27_19,75.0950921357059,1936.4650434199934,31.21518991831156,31.1555821721575,75.03388205605444,"{""geodesic"":false,""type"":""Polygon"",""coordinates"":[[[75.03388205605444,31.1555821721575],[75.0950921357059,31.1555821721575],[75.0950921357059,31.21518991831156],[75.03388205605444,31.21518991831156],[75.03388205605444,31.1555821721575]]]}"
27_20,75.15630221535736,1937.4904213385732,31.21518991831156,31.1555821721575,75.0950921357059,"{""geodesic"":false,""type"":""Polygon"",""coordinates"":[[[75.0950921357059,31.1555821721575],[75.15630221535736,31.1555821721575],[75.15630221535736,31.21518991831156],[75.0950921357059,31.21518991831156],[75.0950921357059,31.1555821721575]]]}"
27_21,75.21751229500882,1938.7308388558185,31.21518991831156,31.1555821721575,75.15630221535736,"{""geodesic"":false,""type"":""Polygon"",""coordinates"":[[[75.15630221535736,31.1555821721575],[75.21751229500882,31.1555821721575],[75.21751229500882,31.21518991831156],[75.15630221535736,31.21518991831156],[75.15630221535736,31.1555821721575]]]}"
27_22,75.27872237466028,1940.044135767223,31.21518991831156,31.1555821721575,75.21751229500882,"{""geodesic"":false,""type"":""Polygon"",""coordinates"":[[[75.21751229500882,31.1555821721575],[75.27872237466028,31.1555821721575],[75.27872237466028,31.21518991831156],[75.21751229500882,31.21518991831156],[75.21751229500882,31.1555821721575]]]}"
27_23,75.33993245431174,1941.119268012635,31.21518991831156,31.1555821721575,75.27872237466028,"{""geodesic"":false,""type"":""Polygon"",""coordinates"":[[[75.27872237466028,31.1555821721575],[75.33993245431174,31.1555821721575],[75.33993245431174,31.21518991831156],[75.27872237466028,31.21518991831156],[75.27872237466028,31.1555821721575]]]}"
27_24,75.4011425339632,1941.6503074950017,31.21518991831156,31.1555821721575,75.33993245431174,"{""geodesic"":false,""type"":""Polygon"",""coordinates"":[[[75.33993245431174,31.1555821721575],[75.4011425339632,31.1555821721575],[75.4011425339632,31.21518991831156],[75.33993245431174,31.21518991831156],[75.33993245431174,31.1555821721575]]]}"
27_25,75.46235261361466,1941.6290727551018,31.21518991831156,31.1555821721575,75.4011425339632,"{""geodesic"":false,""type"":""Polygon"",""coordinates"":[[[75.4011425339632,31.1555821721575],[75.46235261361466,31.1555821721575],[75.46235261361466,31.21518991831156],[75.4011425339632,31.21518991831156],[75.4011425339632,31.1555821721575]]]}"
27_26,75.52356269326613,1941.2616095567362,31.21518991831156,31.1555821721575,75.46235261361467,"{""geodesic"":false,""type"":""Polygon"",""coordinates"":[[[75.46235261361467,31.1555821721575],[75.52356269326613,31.1555821721575],[75.52356269326613,31.21518991831156],[75.46235261361467,31.21518991831156],[75.46235261361467,31.1555821721575]]]}"
27_27,75.58477277291759,1939.057042967954,31.21518991831156,31.1555821721575,75.52356269326613,"{""geodesic"":false,""type"":""Polygon"",""coordinates"":[[[75.52356269326613,31.1555821721575],[75.58477277291759,31.1555821721575],[75.58477277291759,31.21518991831156],[75.52356269326613,31.21518991831156],[75.52356269326613,31.1555821721575]]]}"
27_28,75.64598285256905,1935.8695796421966,31.21518991831156,31.1555821721575,75.58477277291759,"{""geodesic"":false,""type"":""Polygon"",""coordinates"":[[[75.58477277291759,31.1555821721575],[75.64598285256905,31.1555821721575],[75.64598285256905,31.21518991831156],[75.58477277291759,31.21518991831156],[75.58477277291759,31.1555821721575]]]}"
27_29,75.70719293222051,1935.7969528016527,31.21518991831156,31.1555821721575,75.64598285256905,"{""geodesic"":false,""type"":""Polygon"",""coordinates"":[[[75.64598285256905,31.1555821721575],[75.70719293222051,31.1555821721575],[75.70719293222051,31.21518991831156],[75.64598285256905,31.21518991831156],[75.64598285256905,31.1555821721575]]]}"
27_30,75.76840301187197,1937.0245590322947,31.21518991831156,31.1555821721575,75.70719293222051,"{""geodesic"":false,""type"":""Polygon"",""coordinates"":[[[75.70719293222051,31.1555821721575],[75.76840301187197,31.1555821721575],[75.76840301187197,31.21518991831156],[75.70719293222051,31.21518991831156],[75.70719293222051,31.1555821721575]]]}"
27_31,75.82961309152343,1935.6508644536193,31.21518991831156,31.1555821721575,75.76840301187197,"{""geodesic"":false,""type"":""Polygon"",""coordinates"":[[[75.76840301187197,31.1555821721575],[75.82961309152343,31.1555821721575],[75.82961309152343,31.21518991831156],[75.76840301187197,31.21518991831156],[75.76840301187197,31.1555821721575]]]}"
27_32,75.89082317117489,1934.0274693420456,31.21518991831156,31.1555821721575,75.82961309152343,"{""geodesic"":false,""type"":""Polygon"",""coordinates"":[[[75.82961309152343,31.1555821721575],[75.89082317117489,31.1555821721575],[75.89082317117489,31.21518991831156],[75.82961309152343,31.21518991831156],[75.82961309152343,31.1555821721575]]]}"
27_33,75.95203325082635,1934.3000258698507,31.21518991831156,31.1555821721575,75.89082317117489,"{""geodesic"":false,""type"":""Polygon"",""coordinates"":[[[75.89082317117489,31.1555821721575],[75.95203325082635,31.1555821721575],[75.95203325082635,31.21518991831156],[75.89082317117489,31.21518991831156],[75.89082317117489,31.1555821721575]]]}"
27_34,76.0132433304778,1933.3243096917802,31.21518991831156,31.1555821721575,75.95203325082635,"{""geodesic"":false,""type"":""Polygon"",""coordinates"":[[[75.95203325082635,31.1555821721575],[76.0132433304778,31.1555821721575],[76.0132433304778,31.21518991831156],[75.95203325082635,31.21518991831156],[75.95203325082635,31.1555821721575]]]}"
27_35,76.07445341012927,1931.9439281501895,31.21518991831156,31.1555821721575,76.0132433304778,"{""geodesic"":false,""type"":""Polygon"",""coordinates"":[[[76.0132433304778,31.1555821721575],[76.07445341012927,31.1555821721575],[76.07445341012927,31.21518991831156],[76.0132433304778,31.21518991831156],[76.0132433304778,31.1555821721575]]]}"
27_36,76.13566348978073,1931.1882734232834,31.21518991831156,31.1555821721575,76.07445341012927,"{""geodesic"":false,""type"":""Polygon"",""coordinates"":[[[76.07445341012927,31.1555821721575],[76.13566348978073,31.1555821721575],[76.13566348978073,31.21518991831156],[76.07445341012927,31.21518991831156],[76.07445341012927,31.1555821721575]]]}"
27_37,76.19687356943219,1929.4204913600595,31.21518991831156,31.1555821721575,76.13566348978073,"{""geodesic"":false,""type"":""Polygon"",""coordinates"":[[[76.13566348978073,31.1555821721575],[76.19687356943219,31.1555821721575],[76.19687356943219,31.21518991831156],[76.13566348978073,31.21518991831156],[76.13566348978073,31.1555821721575]]]}"
27_38,76.25808364908364,1929.1356762236478,31.21518991831156,31.1555821721575,76.19687356943219,"{""geodesic"":false,""type"":""Polygon"",""coordinates"":[[[76.19687356943219,31.1555821721575],[76.25808364908364,31.1555821721575],[76.25808364908364,31.21518991831156],[76.19687356943219,31.21518991831156],[76.19687356943219,31.1555821721575]]]}"
27_39,76.3192937287351,1928.6492147134436,31.21518991831156,31.1555821721575,76.25808364908364,"{""geodesic"":false,""type"":""Polygon"",""coordinates"":[[[76.25808364908364,31.1555821721575],[76.3192937287351,31.1555821721575],[76.3192937287351,31.21518991831156],[76.25808364908364,31.21518991831156],[76.25808364908364,31.1555821721575]]]}"
27_40,76.38050380838656,1925.0422071727382,31.21518991831156,31.1555821721575,76.3192937287351,"{""geodesic"":false,""type"":""Polygon"",""coordinates"":[[[76.3192937287351,31.1555821721575],[76.38050380838656,31.1555821721575],[76.38050380838656,31.21518991831156],[76.3192937287351,31.21518991831156],[76.3192937287351,31.1555821721575]]]}"
27_41,76.44171388803802,1923.8878554433286,31.21518991831156,31.1555821721575,76.38050380838656,"{""geodesic"":false,""type"":""Polygon"",""coordinates"":[[[76.38050380838656,31.1555821721575],[76.44171388803802,31.1555821721575],[76.44171388803802,31.21518991831156],[76.38050380838656,31.21518991831156],[76.38050380838656,31.1555821721575]]]}"
27_42,76.5029239676895,1923.1769215936997,31.21518991831156,31.1555821721575,76.44171388803804,"{""geodesic"":false,""type"":""Polygon"",""coordinates"":[[[76.44171388803804,31.1555821721575],[76.5029239676895,31.1555821721575],[76.5029239676895,31.21518991831156],[76.44171388803804,31.21518991831156],[76.44171388803804,31.1555821721575]]]}"
27_43,76.56413404734096,1918.6542319230055,31.21518991831156,31.1555821721575,76.5029239676895,"{""geodesic"":false,""type"":""Polygon"",""coordinates"":[[[76.5029239676895,31.1555821721575],[76.56413404734096,31.1555821721575],[76.56413404734096,31.21518991831156],[76.5029239676895,31.21518991831156],[76.5029239676895,31.1555821721575]]]}"
27_44,76.62534412699242,1916.3121293393933,31.21518991831156,31.1555821721575,76.56413404734096,"{""geodesic"":false,""type"":""Polygon"",""coordinates"":[[[76.56413404734096,31.1555821721575],[76.62534412699242,31.1555821721575],[76.62534412699242,31.21518991831156],[76.56413404734096,31.21518991831156],[76.56413404734096,31.1555821721575]]]}"
27_45,76.68655420664388,1916.6612313694825,31.21518991831156,31.1555821721575,76.62534412699242,"{""geodesic"":false,""type"":""Polygon"",""coordinates"":[[[76.62534412699242,31.1555821721575],[76.68655420664388,31.1555821721575],[76.68655420664388,31.21518991831156],[76.62534412699242,31.21518991831156],[76.62534412699242,31.1555821721575]]]}"
28_10,74.54420141884276,1944.312879047632,31.27479766446562,31.215189918311562,74.4829913391913,"{""geodesic"":false,""type"":""Polygon"",""coordinates"":[[[74.4829913391913,31.215189918311562],[74.54420141884276,31.215189918311562],[74.54420141884276,31.27479766446562],[74.4829913391913,31.27479766446562],[74.4829913391913,31.215189918311562]]]}"
28_11,74.60541149849422,1943.681623957038,31.27479766446562,31.215189918311562,74.54420141884276,"{""geodesic"":false,""type"":""Polygon"",""coordinates"":[[[74.54420141884276,31.215189918311562],[74.60541149849422,31.215189918311562],[74.60541149849422,31.27479766446562],[74.54420141884276,31.27479766446562],[74.54420141884276,31.215189918311562]]]}"
28_12,74.66662157814568,1944.9388551063319,31.27479766446562,31.215189918311562,74.60541149849422,"{""geodesic"":false,""type"":""Polygon"",""coordinates"":[[[74.60541149849422,31.215189918311562],[74.66662157814568,31.215189918311562],[74.66662157814568,31.27479766446562],[74.60541149849422,31.27479766446562],[74.60541149849422,31.215189918311562]]]}"
28_13,74.72783165779714,1945.7857848319613,31.27479766446562,31.215189918311562,74.66662157814568,"{""geodesic"":false,""type"":""Polygon"",""coordinates"":[[[74.66662157814568,31.215189918311562],[74.72783165779714,31.215189918311562],[74.72783165779714,31.27479766446562],[74.66662157814568,31.27479766446562],[74.66662157814568,31.215189918311562]]]}"
28_14,74.7890417374486,1944.6369918596195,31.27479766446562,31.215189918311562,74.72783165779714,"{""geodesic"":false,""type"":""Polygon"",""coordinates"":[[[74.72783165779714,31.215189918311562],[74.7890417374486,31.215189918311562],[74.7890417374486,31.27479766446562],[74.72783165779714,31.27479766446562],[74.72783165779714,31.215189918311562]]]}"
28_15,74.85025181710006,1942.2262073159725,31.27479766446562,31.215189918311562,74.7890417374486,"{""geodesic"":false,""type"":""Polygon"",""coordinates"":[[[74.7890417374486,31.215189918311562],[74.85025181710006,31.215189918311562],[74.85025181710006,31.27479766446562],[74.7890417374486,31.27479766446562],[74.7890417374486,31.215189918311562]]]}"
28_16,74.91146189675152,1939.1729973121776,31.27479766446562,31.215189918311562,74.85025181710006,"{""geodesic"":false,""type"":""Polygon"",""coordinates"":[[[74.85025181710006,31.215189918311562],[74.91146189675152,31.215189918311562],[74.91146189675152,31.27479766446562],[74.85025181710006,31.27479766446562],[74.85025181710006,31.215189918311562]]]}"
28_17,74.97267197640298,1937.3623134533793,31.27479766446562,31.215189918311562,74.91146189675152,"{""geodesic"":false,""type"":""Polygon"",""coordinates"":[[[74.91146189675152,31.215189918311562],[74.97267197640298,31.215189918311562],[74.97267197640298,31.27479766446562],[74.91146189675152,31.27479766446562],[74.91146189675152,31.215189918311562]]]}"
28_18,75.03388205605444,1936.2071887421182,31.27479766446562,31.215189918311562,74.97267197640298,"{""geodesic"":false,""type"":""Polygon"",""coordinates"":[[[74.97267197640298,31.215189918311562],[75.03388205605444,31.215189918311562],[75.03388205605444,31.27479766446562],[74.97267197640298,31.27479766446562],[74.97267197640298,31.215189918311562]]]}"
28_19,75.0950921357059,1936.640833933265,31.27479766446562,31.215189918311562,75.03388205605444,"{""geodesic"":false,""type"":""Polygon"",""coordinates"":[[[75.03388205605444,31.215189918311562],[75.0950921357059,31.215189918311562],[75.0950921357059,31.27479766446562],[75.03388205605444,31.27479766446562],[75.03388205605444,31.215189918311562]]]}"
28_20,75.15630221535736,1936.1130554679337,31.27479766446562,31.215189918311562,75.0950921357059,"{""geodesic"":false,""type"":""Polygon"",""coordinates"":[[[75.0950921357059,31.215189918311562],[75.15630221535736,31.215189918311562],[75.15630221535736,31.27479766446562],[75.0950921357059,31.27479766446562],[75.0950921357059,31.215189918311562]]]}"
28_21,75.21751229500882,1938.2584102074786,31.27479766446562,31.215189918311562,75.15630221535736,"{""geodesic"":false,""type"":""Polygon"",""coordinates"":[[[75.15630221535736,31.215189918311562],[75.21751229500882,31.215189918311562],[75.21751229500882,31.27479766446562],[75.15630221535736,31.27479766446562],[75.15630221535736,31.215189918311562]]]}"
28_22,75.27872237466028,1939.6720343825596,31.27479766446562,31.215189918311562,75.21751229500882,"{""geodesic"":false,""type"":""Polygon"",""coordinates"":[[[75.21751229500882,31.215189918311562],[75.27872237466028,31.215189918311562],[75.27872237466028,31.27479766446562],[75.21751229500882,31.27479766446562],[75.21751229500882,31.215189918311562]]]}"
28_23,75.33993245431174,1941.5610336751577,31.27479766446562,31.215189918311562,75.27872237466028,"{""geodesic"":false,""type"":""Polygon"",""coordinates"":[[[75.27872237466028,31.215189918311562],[75.33993245431174,31.215189918311562],[75.33993245431174,31.27479766446562],[75.27872237466028,31.27479766446562],[75.27872237466028,31.215189918311562]]]}"
28_24,75.4011425339632,1941.5670982966712,31.27479766446562,31.215189918311562,75.33993245431174,"{""geodesic"":false,""type"":""Polygon"",""coordinates"":[[[75.33993245431174,31.215189918311562],[75.4011425339632,31.215189918311562],[75.4011425339632,31.27479766446562],[75.33993245431174,31.27479766446562],[75.33993245431174,31.215189918311562]]]}"
28_25,75.46235261361466,1942.2049059701123,31.27479766446562,31.215189918311562,75.4011425339632,"{""geodesic"":false,""type"":""Polygon"",""coordinates"":[[[75.4011425339632,31.215189918311562],[75.46235261361466,31.215189918311562],[75.46235261361466,31.27479766446562],[75.4011425339632,31.27479766446562],[75.4011425339632,31.215189918311562]]]}"
28_26,75.52356269326613,1942.7520526657472,31.27479766446562,31.215189918311562,75.46235261361467,"{""geodesic"":false,""type"":""Polygon"",""coordinates"":[[[75.46235261361467,31.215189918311562],[75.52356269326613,31.215189918311562],[75.52356269326613,31.27479766446562],[75.46235261361467,31.27479766446562],[75.46235261361467,31.215189918311562]]]}"
28_27,75.58477277291759,1941.161719047111,31.27479766446562,31.215189918311562,75.52356269326613,"{""geodesic"":false,""type"":""Polygon"",""coordinates"":[[[75.52356269326613,31.215189918311562],[75.58477277291759,31.215189918311562],[75.58477277291759,31.27479766446562],[75.52356269326613,31.27479766446562],[75.52356269326613,31.215189918311562]]]}"
28_28,75.64598285256905,1937.7699368881306,31.27479766446562,31.215189918311562,75.58477277291759,"{""geodesic"":false,""type"":""Polygon"",""coordinates"":[[[75.58477277291759,31.215189918311562],[75.64598285256905,31.215189918311562],[75.64598285256905,31.27479766446562],[75.58477277291759,31.27479766446562],[75.58477277291759,31.215189918311562]]]}"
28_29,75.70719293222051,1937.8615005842728,31.27479766446562,31.215189918311562,75.64598285256905,"{""geodesic"":false,""type"":""Polygon"",""coordinates"":[[[75.64598285256905,31.215189918311562],[75.70719293222051,31.215189918311562],[75.70719293222051,31.27479766446562],[75.64598285256905,31.27479766446562],[75.64598285256905,31.215189918311562]]]}"
28_30,75.76840301187197,1937.3497384919515,31.27479766446562,31.215189918311562,75.70719293222051,"{""geodesic"":false,""type"":""Polygon"",""coordinates"":[[[75.70719293222051,31.215189918311562],[75.76840301187197,31.215189918311562],[75.76840301187197,31.27479766446562],[75.70719293222051,31.27479766446562],[75.70719293222051,31.215189918311562]]]}"
28_31,75.82961309152343,1934.6205084321632,31.27479766446562,31.215189918311562,75.76840301187197,"{""geodesic"":false,""type"":""Polygon"",""coordinates"":[[[75.76840301187197,31.215189918311562],[75.82961309152343,31.215189918311562],[75.82961309152343,31.27479766446562],[75.76840301187197,31.27479766446562],[75.76840301187197,31.215189918311562]]]}"
28_32,75.89082317117489,1932.7875043743409,31.27479766446562,31.215189918311562,75.82961309152343,"{""geodesic"":false,""type"":""Polygon"",""coordinates"":[[[75.82961309152343,31.215189918311562],[75.89082317117489,31.215189918311562],[75.89082317117489,31.27479766446562],[75.82961309152343,31.27479766446562],[75.82961309152343,31.215189918311562]]]}"
28_33,75.95203325082635,1933.068467216709,31.27479766446562,31.215189918311562,75.89082317117489,"{""geodesic"":false,""type"":""Polygon"",""coordinates"":[[[75.89082317117489,31.215189918311562],[75.95203325082635,31.215189918311562],[75.95203325082635,31.27479766446562],[75.89082317117489,31.27479766446562],[75.89082317117489,31.215189918311562]]]}"
28_34,76.0132433304778,1932.791356262391,31.27479766446562,31.215189918311562,75.95203325082635,"{""geodesic"":false,""type"":""Polygon"",""coordinates"":[[[75.95203325082635,31.215189918311562],[76.0132433304778,31.215189918311562],[76.0132433304778,31.27479766446562],[75.95203325082635,31.27479766446562],[75.95203325082635,31.215189918311562]]]}"
28_35,76.07445341012927,1931.1253238803163,31.27479766446562,31.215189918311562,76.0132433304778,"{""geodesic"":false,""type"":""Polygon"",""coordinates"":[[[76.0132433304778,31.215189918311562],[76.07445341012927,31.215189918311562],[76.07445341012927,31.27479766446562],[76.0132433304778,31.27479766446562],[76.0132433304778,31.215189918311562]]]}"
28_36,76.13566348978073,1929.978621780468,31.27479766446562,31.215189918311562,76.07445341012927,"{""geodesic"":false,""type"":""Polygon"",""coordinates"":[[[76.07445341012927,31.215189918311562],[76.13566348978073,31.215189918311562],[76.13566348978073,31.27479766446562],[76.07445341012927,31.27479766446562],[76.07445341012927,31.215189918311562]]]}"
28_37,76.19687356943219,1927.6871702218154,31.27479766446562,31.215189918311562,76.13566348978073,"{""geodesic"":false,""type"":""Polygon"",""coordinates"":[[[76.13566348978073,31.215189918311562],[76.19687356943219,31.215189918311562],[76.19687356943219,31.27479766446562],[76.13566348978073,31.27479766446562],[76.13566348978073,31.215189918311562]]]}"
28_38,76.25808364908364,1926.4982212571167,31.27479766446562,31.215189918311562,76.19687356943219,"{""geodesic"":false,""type"":""Polygon"",""coordinates"":[[[76.19687356943219,31.215189918311562],[76.25808364908364,31.215189918311562],[76.25808364908364,31.27479766446562],[76.19687356943219,31.27479766446562],[76.19687356943219,31.215189918311562]]]}"
28_39,76.3192937287351,1925.8194369518699,31.27479766446562,31.215189918311562,76.25808364908364,"{""geodesic"":false,""type"":""Polygon"",""coordinates"":[[[76.25808364908364,31.215189918311562],[76.3192937287351,31.215189918311562],[76.3192937287351,31.27479766446562],[76.25808364908364,31.27479766446562],[76.25808364908364,31.215189918311562]]]}"
28_40,76.38050380838656,1923.871493387457,31.27479766446562,31.215189918311562,76.3192937287351,"{""geodesic"":false,""type"":""Polygon"",""coordinates"":[[[76.3192937287351,31.215189918311562],[76.38050380838656,31.215189918311562],[76.38050380838656,31.27479766446562],[76.3192937287351,31.27479766446562],[76.3192937287351,31.215189918311562]]]}"
28_41,76.44171388803802,1923.8902479027959,31.27479766446562,31.215189918311562,76.38050380838656,"{""geodesic"":false,""type"":""Polygon"",""coordinates"":[[[76.38050380838656,31.215189918311562],[76.44171388803802,31.215189918311562],[76.44171388803802,31.27479766446562],[76.38050380838656,31.27479766446562],[76.38050380838656,31.215189918311562]]]}"
28_42,76.5029239676895,1922.3507474203236,31.27479766446562,31.215189918311562,76.44171388803804,"{""geodesic"":false,""type"":""Polygon"",""coordinates"":[[[76.44171388803804,31.215189918311562],[76.5029239676895,31.215189918311562],[76.5029239676895,31.27479766446562],[76.44171388803804,31.27479766446562],[76.44171388803804,31.215189918311562]]]}"
28_43,76.56413404734096,1917.154232195283,31.27479766446562,31.215189918311562,76.5029239676895,"{""geodesic"":false,""type"":""Polygon"",""coordinates"":[[[76.5029239676895,31.215189918311562],[76.56413404734096,31.215189918311562],[76.56413404734096,31.27479766446562],[76.5029239676895,31.27479766446562],[76.5029239676895,31.215189918311562]]]}"
28_44,76.62534412699242,1914.6034442003815,31.27479766446562,31.215189918311562,76.56413404734096,"{""geodesic"":false,""type"":""Polygon"",""coordinates"":[[[76.56413404734096,31.215189918311562],[76.62534412699242,31.215189918311562],[76.62534412699242,31.27479766446562],[76.56413404734096,31.27479766446562],[76.56413404734096,31.215189918311562]]]}"
28_45,76.68655420664388,1916.3588948961242,31.27479766446562,31.215189918311562,76.62534412699242,"{""geodesic"":false,""type"":""Polygon"",""coordinates"":[[[76.62534412699242,31.215189918311562],[76.68655420664388,31.215189918311562],[76.68655420664388,31.27479766446562],[76.62534412699242,31.27479766446562],[76.62534412699242,31.215189918311562]]]}"
29_11,74.60541149849422,1946.1496906320265,31.334405410619677,31.27479766446562,74.54420141884276,"{""geodesic"":false,""type"":""Polygon"",""coordinates"":[[[74.54420141884276,31.27479766446562],[74.60541149849422,31.27479766446562],[74.60541149849422,31.334405410619677],[74.54420141884276,31.334405410619677],[74.54420141884276,31.27479766446562]]]}"
29_12,74.66662157814568,1945.4367103733698,31.334405410619677,31.27479766446562,74.60541149849422,"{""geodesic"":false,""type"":""Polygon"",""coordinates"":[[[74.60541149849422,31.27479766446562],[74.66662157814568,31.27479766446562],[74.66662157814568,31.334405410619677],[74.60541149849422,31.334405410619677],[74.60541149849422,31.27479766446562]]]}"
29_13,74.72783165779714,1945.7387085698845,31.334405410619677,31.27479766446562,74.66662157814568,"{""geodesic"":false,""type"":""Polygon"",""coordinates"":[[[74.66662157814568,31.27479766446562],[74.72783165779714,31.27479766446562],[74.72783165779714,31.334405410619677],[74.66662157814568,31.334405410619677],[74.66662157814568,31.27479766446562]]]}"
29_14,74.7890417374486,1943.3352816949061,31.334405410619677,31.27479766446562,74.72783165779714,"{""geodesic"":false,""type"":""Polygon"",""coordinates"":[[[74.72783165779714,31.27479766446562],[74.7890417374486,31.27479766446562],[74.7890417374486,31.334405410619677],[74.72783165779714,31.334405410619677],[74.72783165779714,31.27479766446562]]]}"
29_15,74.85025181710006,1940.2702364050792,31.334405410619677,31.27479766446562,74.7890417374486,"{""geodesic"":false,""type"":""Polygon"",""coordinates"":[[[74.7890417374486,31.27479766446562],[74.85025181710006,31.27479766446562],[74.85025181710006,31.334405410619677],[74.7890417374486,31.334405410619677],[74.7890417374486,31.27479766446562]]]}"
29_16,74.91146189675152,1936.1046664828682,31.334405410619677,31.27479766446562,74.85025181710006,"{""geodesic"":false,""type"":""Polygon"",""coordinates"":[[[74.85025181710006,31.27479766446562],[74.91146189675152,31.27479766446562],[74.91146189675152,31.334405410619677],[74.85025181710006,31.334405410619677],[74.85025181710006,31.27479766446562]]]}"
29_17,74.97267197640298,1933.8751251142783,31.334405410619677,31.27479766446562,74.91146189675152,"{""geodesic"":false,""type"":""Polygon"",""coordinates"":[[[74.91146189675152,31.27479766446562],[74.97267197640298,31.27479766446562],[74.97267197640298,31.334405410619677],[74.91146189675152,31.334405410619677],[74.91146189675152,31.27479766446562]]]}"
29_18,75.03388205605444,1932.6948746514704,31.334405410619677,31.27479766446562,74.97267197640298,"{""geodesic"":false,""type"":""Polygon"",""coordinates"":[[[74.97267197640298,31.27479766446562],[75.03388205605444,31.27479766446562],[75.03388205605444,31.334405410619677],[74.97267197640298,31.334405410619677],[74.97267197640298,31.27479766446562]]]}"
29_19,75.0950921357059,1933.7812280684948,31.334405410619677,31.27479766446562,75.03388205605444,"{""geodesic"":false,""type"":""Polygon"",""coordinates"":[[[75.03388205605444,31.27479766446562],[75.0950921357059,31.27479766446562],[75.0950921357059,31.334405410619677],[75.03388205605444,31.334405410619677],[75.03388205605444,31.27479766446562]]]}"
29_20,75.15630221535736,1936.7557354392693,31.334405410619677,31.27479766446562,75.0950921357059,"{""geodesic"":false,""type"":""Polygon"",""coordinates"":[[[75.0950921357059,31.27479766446562],[75.15630221535736,31.27479766446562],[75.15630221535736,31.334405410619677],[75.0950921357059,31.334405410619677],[75.0950921357059,31.27479766446562]]]}"
29_21,75.21751229500882,1937.4799999909885,31.334405410619677,31.27479766446562,75.15630221535736,"{""geodesic"":false,""type"":""Polygon"",""coordinates"":[[[75.15630221535736,31.27479766446562],[75.21751229500882,31.27479766446562],[75.21751229500882,31.334405410619677],[75.15630221535736,31.334405410619677],[75.15630221535736,31.27479766446562]]]}"
29_22,75.27872237466028,1936.6053251982125,31.334405410619677,31.27479766446562,75.21751229500882,"{""geodesic"":false,""type"":""Polygon"",""coordinates"":[[[75.21751229500882,31.27479766446562],[75.27872237466028,31.27479766446562],[75.27872237466028,31.334405410619677],[75.21751229500882,31.334405410619677],[75.21751229500882,31.27479766446562]]]}"
29_23,75.33993245431174,1937.7809881017433,31.334405410619677,31.27479766446562,75.27872237466028,"{""geodesic"":false,""type"":""Polygon"",""coordinates"":[[[75.27872237466028,31.27479766446562],[75.33993245431174,31.27479766446562],[75.33993245431174,31.334405410619677],[75.27872237466028,31.334405410619677],[75.27872237466028,31.27479766446562]]]}"
29_24,75.4011425339632,1939.6799982534744,31.334405410619677,31.27479766446562,75.33993245431174,"{""geodesic"":false,""type"":""Polygon"",""coordinates"":[[[75.33993245431174,31.27479766446562],[75.4011425339632,31.27479766446562],[75.4011425339632,31.334405410619677],[75.33993245431174,31.334405410619677],[75.33993245431174,31.27479766446562]]]}"
29_25,75.46235261361466,1942.9233804588148,31.334405410619677,31.27479766446562,75.4011425339632,"{""geodesic"":false,""type"":""Polygon"",""coordinates"":[[[75.4011425339632,31.27479766446562],[75.46235261361466,31.27479766446562],[75.46235261361466,31.334405410619677],[75.4011425339632,31.334405410619677],[75.4011425339632,31.27479766446562]]]}"
29_26,75.52356269326613,1944.4781002467248,31.334405410619677,31.27479766446562,75.46235261361467,"{""geodesic"":false,""type"":""Polygon"",""coordinates"":[[[75.46235261361467,31.27479766446562],[75.52356269326613,31.27479766446562],[75.52356269326613,31.334405410619677],[75.46235261361467,31.334405410619677],[75.46235261361467,31.27479766446562]]]}"
29_27,75.58477277291759,1941.936296996473,31.334405410619677,31.27479766446562,75.52356269326613,"{""geodesic"":false,""type"":""Polygon"",""coordinates"":[[[75.52356269326613,31.27479766446562],[75.58477277291759,31.27479766446562],[75.58477277291759,31.334405410619677],[75.52356269326613,31.334405410619677],[75.52356269326613,31.27479766446562]]]}"
29_28,75.64598285256905,1939.5704144517356,31.334405410619677,31.27479766446562,75.58477277291759,"{""geodesic"":false,""type"":""Polygon"",""coordinates"":[[[75.58477277291759,31.27479766446562],[75.64598285256905,31.27479766446562],[75.64598285256905,31.334405410619677],[75.58477277291759,31.334405410619677],[75.58477277291759,31.27479766446562]]]}"
29_29,75.70719293222051,1938.7312389190838,31.334405410619677,31.27479766446562,75.64598285256905,"{""geodesic"":false,""type"":""Polygon"",""coordinates"":[[[75.64598285256905,31.27479766446562],[75.70719293222051,31.27479766446562],[75.70719293222051,31.334405410619677],[75.64598285256905,31.334405410619677],[75.64598285256905,31.27479766446562]]]}"
29_30,75.76840301187197,1935.168788859588,31.334405410619677,31.27479766446562,75.70719293222051,"{""geodesic"":false,""type"":""Polygon"",""coordinates"":[[[75.70719293222051,31.27479766446562],[75.76840301187197,31.27479766446562],[75.76840301187197,31.334405410619677],[75.70719293222051,31.334405410619677],[75.70719293222051,31.27479766446562]]]}"
29_31,75.82961309152343,1932.0098313681187,31.334405410619677,31.27479766446562,75.76840301187197,"{""geodesic"":false,""type"":""Polygon"",""coordinates"":[[[75.76840301187197,31.27479766446562],[75.82961309152343,31.27479766446562],[75.82961309152343,31.334405410619677],[75.76840301187197,31.334405410619677],[75.76840301187197,31.27479766446562]]]}"
29_32,75.89082317117489,1933.3682233934576,31.334405410619677,31.27479766446562,75.82961309152343,"{""geodesic"":false,""type"":""Polygon"",""coordinates"":[[[75.82961309152343,31.27479766446562],[75.89082317117489,31.27479766446562],[75.89082317117489,31.334405410619677],[75.82961309152343,31.334405410619677],[75.82961309152343,31.27479766446562]]]}"
29_33,75.95203325082635,1933.1408326943501,31.334405410619677,31.27479766446562,75.89082317117489,"{""geodesic"":false,""type"":""Polygon"",""coordinates"":[[[75.89082317117489,31.27479766446562],[75.95203325082635,31.27479766446562],[75.95203325082635,31.334405410619677],[75.89082317117489,31.334405410619677],[75.89082317117489,31.27479766446562]]]}"
29_34,76.0132433304778,1930.4598715649495,31.334405410619677,31.27479766446562,75.95203325082635,"{""geodesic"":false,""type"":""Polygon"",""coordinates"":[[[75.95203325082635,31.27479766446562],[76.0132433304778,31.27479766446562],[76.0132433304778,31.334405410619677],[75.95203325082635,31.334405410619677],[75.95203325082635,31.27479766446562]]]}"
29_35,76.07445341012927,1929.1560953800022,31.334405410619677,31.27479766446562,76.0132433304778,"{""geodesic"":false,""type"":""Polygon"",""coordinates"":[[[76.0132433304778,31.27479766446562],[76.07445341012927,31.27479766446562],[76.07445341012927,31.334405410619677],[76.0132433304778,31.334405410619677],[76.0132433304778,31.27479766446562]]]}"
29_36,76.13566348978073,1927.5768727470097,31.334405410619677,31.27479766446562,76.07445341012927,"{""geodesic"":false,""type"":""Polygon"",""coordinates"":[[[76.07445341012927,31.27479766446562],[76.13566348978073,31.27479766446562],[76.13566348978073,31.334405410619677],[76.07445341012927,31.334405410619677],[76.07445341012927,31.27479766446562]]]}"
29_37,76.19687356943219,1925.060082651776,31.334405410619677,31.27479766446562,76.13566348978073,"{""geodesic"":false,""type"":""Polygon"",""coordinates"":[[[76.13566348978073,31.27479766446562],[76.19687356943219,31.27479766446562],[76.19687356943219,31.334405410619677],[76.13566348978073,31.334405410619677],[76.13566348978073,31.27479766446562]]]}"
29_38,76.25808364908364,1925.0266810388055,31.334405410619677,31.27479766446562,76.19687356943219,"{""geodesic"":false,""type"":""Polygon"",""coordinates"":[[[76.19687356943219,31.27479766446562],[76.25808364908364,31.27479766446562],[76.25808364908364,31.334405410619677],[76.19687356943219,31.334405410619677],[76.19687356943219,31.27479766446562]]]}"
29_39,76.3192937287351,1924.819810797106,31.334405410619677,31.27479766446562,76.25808364908364,"{""geodesic"":false,""type"":""Polygon"",""coordinates"":[[[76.25808364908364,31.27479766446562],[76.3192937287351,31.27479766446562],[76.3192937287351,31.334405410619677],[76.25808364908364,31.334405410619677],[76.25808364908364,31.27479766446562]]]}"
29_40,76.38050380838656,1923.5995952315486,31.334405410619677,31.27479766446562,76.3192937287351,"{""geodesic"":false,""type"":""Polygon"",""coordinates"":[[[76.3192937287351,31.27479766446562],[76.38050380838656,31.27479766446562],[76.38050380838656,31.334405410619677],[76.3192937287351,31.334405410619677],[76.3192937287351,31.27479766446562]]]}"
29_41,76.44171388803802,1922.9589025098976,31.334405410619677,31.27479766446562,76.38050380838656,"{""geodesic"":false,""type"":""Polygon"",""coordinates"":[[[76.38050380838656,31.27479766446562],[76.44171388803802,31.27479766446562],[76.44171388803802,31.334405410619677],[76.38050380838656,31.334405410619677],[76.38050380838656,31.27479766446562]]]}"
29_42,76.5029239676895,1921.0977058381625,31.334405410619677,31.27479766446562,76.44171388803804,"{""geodesic"":false,""type"":""Polygon"",""coordinates"":[[[76.44171388803804,31.27479766446562],[76.5029239676895,31.27479766446562],[76.5029239676895,31.334405410619677],[76.44171388803804,31.334405410619677],[76.44171388803804,31.27479766446562]]]}"
29_43,76.56413404734096,1913.879625046472,31.334405410619677,31.27479766446562,76.5029239676895,"{""geodesic"":false,""type"":""Polygon"",""coordinates"":[[[76.5029239676895,31.27479766446562],[76.56413404734096,31.27479766446562],[76.56413404734096,31.334405410619677],[76.5029239676895,31.334405410619677],[76.5029239676895,31.27479766446562]]]}"
29_44,76.62534412699242,1908.0561451468373,31.334405410619677,31.27479766446562,76.56413404734096,"{""geodesic"":false,""type"":""Polygon"",""coordinates"":[[[76.56413404734096,31.27479766446562],[76.62534412699242,31.27479766446562],[76.62534412699242,31.334405410619677],[76.56413404734096,31.334405410619677],[76.56413404734096,31.27479766446562]]]}"
30_11,74.60541149849422,1948.9917188812867,31.394013156773735,31.334405410619677,74.54420141884276,"{""geodesic"":false,""type"":""Polygon"",""coordinates"":[[[74.54420141884276,31.334405410619677],[74.60541149849422,31.334405410619677],[74.60541149849422,31.394013156773735],[74.54420141884276,31.394013156773735],[74.54420141884276,31.334405410619677]]]}"
30_12,74.66662157814568,1945.3824616017696,31.394013156773735,31.334405410619677,74.60541149849422,"{""geodesic"":false,""type"":""Polygon"",""coordinates"":[[[74.60541149849422,31.334405410619677],[74.66662157814568,31.334405410619677],[74.66662157814568,31.394013156773735],[74.60541149849422,31.394013156773735],[74.60541149849422,31.334405410619677]]]}"
30_13,74.72783165779714,1945.063574441519,31.394013156773735,31.334405410619677,74.66662157814568,"{""geodesic"":false,""type"":""Polygon"",""coordinates"":[[[74.66662157814568,31.334405410619677],[74.72783165779714,31.334405410619677],[74.72783165779714,31.394013156773735],[74.66662157814568,31.394013156773735],[74.66662157814568,31.334405410619677]]]}"
30_14,74.7890417374486,1943.3467081840868,31.394013156773735,31.334405410619677,74.72783165779714,"{""geodesic"":false,""type"":""Polygon"",""coordinates"":[[[74.72783165779714,31.334405410619677],[74.7890417374486,31.334405410619677],[74.7890417374486,31.394013156773735],[74.72783165779714,31.394013156773735],[74.72783165779714,31.334405410619677]]]}"
30_15,74.85025181710006,1938.240050748386,31.394013156773735,31.334405410619677,74.7890417374486,"{""geodesic"":false,""type"":""Polygon"",""coordinates"":[[[74.7890417374486,31.334405410619677],[74.85025181710006,31.334405410619677],[74.85025181710006,31.394013156773735],[74.7890417374486,31.394013156773735],[74.7890417374486,31.334405410619677]]]}"
30_16,74.91146189675152,1935.6610463440295,31.394013156773735,31.334405410619677,74.85025181710006,"{""geodesic"":false,""type"":""Polygon"",""coordinates"":[[[74.85025181710006,31.334405410619677],[74.91146189675152,31.334405410619677],[74.91146189675152,31.394013156773735],[74.85025181710006,31.394013156773735],[74.85025181710006,31.334405410619677]]]}"
30_17,74.97267197640298,1933.5737302352877,31.394013156773735,31.334405410619677,74.91146189675152,"{""geodesic"":false,""type"":""Polygon"",""coordinates"":[[[74.91146189675152,31.334405410619677],[74.97267197640298,31.334405410619677],[74.97267197640298,31.394013156773735],[74.91146189675152,31.394013156773735],[74.91146189675152,31.334405410619677]]]}"
30_18,75.03388205605444,1931.7517637490598,31.394013156773735,31.334405410619677,74.97267197640298,"{""geodesic"":false,""type"":""Polygon"",""coordinates"":[[[74.97267197640298,31.334405410619677],[75.03388205605444,31.334405410619677],[75.03388205605444,31.394013156773735],[74.97267197640298,31.394013156773735],[74.97267197640298,31.334405410619677]]]}"
30_19,75.0950921357059,1932.4916571831345,31.394013156773735,31.334405410619677,75.03388205605444,"{""geodesic"":false,""type"":""Polygon"",""coordinates"":[[[75.03388205605444,31.334405410619677],[75.0950921357059,31.334405410619677],[75.0950921357059,31.394013156773735],[75.03388205605444,31.394013156773735],[75.03388205605444,31.334405410619677]]]}"
30_20,75.15630221535736,1937.219594004907,31.394013156773735,31.334405410619677,75.0950921357059,"{""geodesic"":false,""type"":""Polygon"",""coordinates"":[[[75.0950921357059,31.334405410619677],[75.15630221535736,31.334405410619677],[75.15630221535736,31.394013156773735],[75.0950921357059,31.394013156773735],[75.0950921357059,31.334405410619677]]]}"
30_21,75.21751229500882,1936.5546392162923,31.394013156773735,31.334405410619677,75.15630221535736,"{""geodesic"":false,""type"":""Polygon"",""coordinates"":[[[75.15630221535736,31.334405410619677],[75.21751229500882,31.334405410619677],[75.21751229500882,31.394013156773735],[75.15630221535736,31.394013156773735],[75.15630221535736,31.334405410619677]]]}"
30_22,75.27872237466028,1935.7808251852882,31.394013156773735,31.334405410619677,75.21751229500882,"{""geodesic"":false,""type"":""Polygon"",""coordinates"":[[[75.21751229500882,31.334405410619677],[75.27872237466028,31.334405410619677],[75.27872237466028,31.394013156773735],[75.21751229500882,31.394013156773735],[75.21751229500882,31.334405410619677]]]}"
30_23,75.33993245431174,1936.2393055908763,31.394013156773735,31.334405410619677,75.27872237466028,"{""geodesic"":false,""type"":""Polygon"",""coordinates"":[[[75.27872237466028,31.334405410619677],[75.33993245431174,31.334405410619677],[75.33993245431174,31.394013156773735],[75.27872237466028,31.394013156773735],[75.27872237466028,31.334405410619677]]]}"
30_24,75.4011425339632,1938.0803958373826,31.394013156773735,31.334405410619677,75.33993245431174,"{""geodesic"":false,""type"":""Polygon"",""coordinates"":[[[75.33993245431174,31.334405410619677],[75.4011425339632,31.334405410619677],[75.4011425339632,31.394013156773735],[75.33993245431174,31.394013156773735],[75.33993245431174,31.334405410619677]]]}"
30_25,75.46235261361466,1941.0600319094397,31.394013156773735,31.334405410619677,75.4011425339632,"{""geodesic"":false,""type"":""Polygon"",""coordinates"":[[[75.4011425339632,31.334405410619677],[75.46235261361466,31.334405410619677],[75.46235261361466,31.394013156773735],[75.4011425339632,31.394013156773735],[75.4011425339632,31.334405410619677]]]}"
30_26,75.52356269326613,1942.8051374691,31.394013156773735,31.334405410619677,75.46235261361467,"{""geodesic"":false,""type"":""Polygon"",""coordinates"":[[[75.46235261361467,31.334405410619677],[75.52356269326613,31.334405410619677],[75.52356269326613,31.394013156773735],[75.46235261361467,31.394013156773735],[75.46235261361467,31.334405410619677]]]}"
30_27,75.58477277291759,1941.0944275898887,31.394013156773735,31.334405410619677,75.52356269326613,"{""geodesic"":false,""type"":""Polygon"",""coordinates"":[[[75.52356269326613,31.334405410619677],[75.58477277291759,31.334405410619677],[75.58477277291759,31.394013156773735],[75.52356269326613,31.394013156773735],[75.52356269326613,31.334405410619677]]]}"
30_28,75.64598285256905,1940.2464348327028,31.394013156773735,31.334405410619677,75.58477277291759,"{""geodesic"":false,""type"":""Polygon"",""coordinates"":[[[75.58477277291759,31.334405410619677],[75.64598285256905,31.334405410619677],[75.64598285256905,31.394013156773735],[75.58477277291759,31.394013156773735],[75.58477277291759,31.334405410619677]]]}"
30_29,75.70719293222051,1938.9800449446734,31.394013156773735,31.334405410619677,75.64598285256905,"{""geodesic"":false,""type"":""Polygon"",""coordinates"":[[[75.64598285256905,31.334405410619677],[75.70719293222051,31.334405410619677],[75.70719293222051,31.394013156773735],[75.64598285256905,31.394013156773735],[75.64598285256905,31.334405410619677]]]}"
30_30,75.76840301187197,1935.0201575625047,31.394013156773735,31.334405410619677,75.70719293222051,"{""geodesic"":false,""type"":""Polygon"",""coordinates"":[[[75.70719293222051,31.334405410619677],[75.76840301187197,31.334405410619677],[75.76840301187197,31.394013156773735],[75.70719293222051,31.394013156773735],[75.70719293222051,31.334405410619677]]]}"
30_31,75.82961309152343,1934.4116430693055,31.394013156773735,31.334405410619677,75.76840301187197,"{""geodesic"":false,""type"":""Polygon"",""coordinates"":[[[75.76840301187197,31.334405410619677],[75.82961309152343,31.334405410619677],[75.82961309152343,31.394013156773735],[75.76840301187197,31.394013156773735],[75.76840301187197,31.334405410619677]]]}"
30_32,75.89082317117489,1935.6622195031775,31.394013156773735,31.334405410619677,75.82961309152343,"{""geodesic"":false,""type"":""Polygon"",""coordinates"":[[[75.82961309152343,31.334405410619677],[75.89082317117489,31.334405410619677],[75.89082317117489,31.394013156773735],[75.82961309152343,31.394013156773735],[75.82961309152343,31.334405410619677]]]}"
30_33,75.95203325082635,1933.6920526868648,31.394013156773735,31.334405410619677,75.89082317117489,"{""geodesic"":false,""type"":""Polygon"",""coordinates"":[[[75.89082317117489,31.334405410619677],[75.95203325082635,31.334405410619677],[75.95203325082635,31.394013156773735],[75.89082317117489,31.394013156773735],[75.89082317117489,31.334405410619677]]]}"
30_34,76.0132433304778,1929.9967635711305,31.394013156773735,31.334405410619677,75.95203325082635,"{""geodesic"":false,""type"":""Polygon"",""coordinates"":[[[75.95203325082635,31.334405410619677],[76.0132433304778,31.334405410619677],[76.0132433304778,31.394013156773735],[75.95203325082635,31.394013156773735],[75.95203325082635,31.334405410619677]]]}"
30_35,76.07445341012927,1928.129017077662,31.394013156773735,31.334405410619677,76.0132433304778,"{""geodesic"":false,""type"":""Polygon"",""coordinates"":[[[76.0132433304778,31.334405410619677],[76.07445341012927,31.334405410619677],[76.07445341012927,31.394013156773735],[76.0132433304778,31.394013156773735],[76.0132433304778,31.334405410619677]]]}"
30_36,76.13566348978073,1926.4586703449852,31.394013156773735,31.334405410619677,76.07445341012927,"{""geodesic"":false,""type"":""Polygon"",""coordinates"":[[[76.07445341012927,31.334405410619677],[76.13566348978073,31.334405410619677],[76.13566348978073,31.394013156773735],[76.07445341012927,31.394013156773735],[76.07445341012927,31.334405410619677]]]}"
30_37,76.19687356943219,1924.712539552897,31.394013156773735,31.334405410619677,76.13566348978073,"{""geodesic"":false,""type"":""Polygon"",""coordinates"":[[[76.13566348978073,31.334405410619677],[76.19687356943219,31.334405410619677],[76.19687356943219,31.394013156773735],[76.13566348978073,31.394013156773735],[76.13566348978073,31.334405410619677]]]}"
30_39,76.3192937287351,1923.601567487382,31.394013156773735,31.334405410619677,76.25808364908364,"{""geodesic"":false,""type"":""Polygon"",""coordinates"":[[[76.25808364908364,31.334405410619677],[76.3192937287351,31.334405410619677],[76.3192937287351,31.394013156773735],[76.25808364908364,31.394013156773735],[76.25808364908364,31.334405410619677]]]}"
30_40,76.38050380838656,1922.539264570318,31.394013156773735,31.334405410619677,76.3192937287351,"{""geodesic"":false,""type"":""Polygon"",""coordinates"":[[[76.3192937287351,31.334405410619677],[76.38050380838656,31.334405410619677],[76.38050380838656,31.394013156773735],[76.3192937287351,31.394013156773735],[76.3192937287351,31.334405410619677]]]}"
30_41,76.44171388803802,1922.13886204497,31.394013156773735,31.334405410619677,76.38050380838656,"{""geodesic"":false,""type"":""Polygon"",""coordinates"":[[[76.38050380838656,31.334405410619677],[76.44171388803802,31.334405410619677],[76.44171388803802,31.394013156773735],[76.38050380838656,31.394013156773735],[76.38050380838656,31.334405410619677]]]}"
31_11,74.60541149849422,1951.0312212319284,31.453620902927792,31.394013156773735,74.54420141884276,"{""geodesic"":false,""type"":""Polygon"",""coordinates"":[[[74.54420141884276,31.394013156773735],[74.60541149849422,31.394013156773735],[74.60541149849422,31.453620902927792],[74.54420141884276,31.453620902927792],[74.54420141884276,31.394013156773735]]]}"
31_12,74.66662157814568,1948.37541339607,31.453620902927792,31.394013156773735,74.60541149849422,"{""geodesic"":false,""type"":""Polygon"",""coordinates"":[[[74.60541149849422,31.394013156773735],[74.66662157814568,31.394013156773735],[74.66662157814568,31.453620902927792],[74.60541149849422,31.453620902927792],[74.60541149849422,31.394013156773735]]]}"
31_13,74.72783165779714,1945.6816446098876,31.453620902927792,31.394013156773735,74.66662157814568,"{""geodesic"":false,""type"":""Polygon"",""coordinates"":[[[74.66662157814568,31.394013156773735],[74.72783165779714,31.394013156773735],[74.72783165779714,31.453620902927792],[74.66662157814568,31.453620902927792],[74.66662157814568,31.394013156773735]]]}"
31_14,74.7890417374486,1941.677610096284,31.453620902927792,31.394013156773735,74.72783165779714,"{""geodesic"":false,""type"":""Polygon"",""coordinates"":[[[74.72783165779714,31.394013156773735],[74.7890417374486,31.394013156773735],[74.7890417374486,31.453620902927792],[74.72783165779714,31.453620902927792],[74.72783165779714,31.394013156773735]]]}"
31_15,74.85025181710006,1937.544864098871,31.453620902927792,31.394013156773735,74.7890417374486,"{""geodesic"":false,""type"":""Polygon"",""coordinates"":[[[74.7890417374486,31.394013156773735],[74.85025181710006,31.394013156773735],[74.85025181710006,31.453620902927792],[74.7890417374486,31.453620902927792],[74.7890417374486,31.394013156773735]]]}"
31_16,74.91146189675152,1937.4477235011786,31.453620902927792,31.394013156773735,74.85025181710006,"{""geodesic"":false,""type"":""Polygon"",""coordinates"":[[[74.85025181710006,31.394013156773735],[74.91146189675152,31.394013156773735],[74.91146189675152,31.453620902927792],[74.85025181710006,31.453620902927792],[74.85025181710006,31.394013156773735]]]}"
31_17,74.97267197640298,1936.2354918276092,31.453620902927792,31.394013156773735,74.91146189675152,"{""geodesic"":false,""type"":""Polygon"",""coordinates"":[[[74.91146189675152,31.394013156773735],[74.97267197640298,31.394013156773735],[74.97267197640298,31.453620902927792],[74.91146189675152,31.453620902927792],[74.91146189675152,31.394013156773735]]]}"
31_18,75.03388205605444,1934.5691629413848,31.453620902927792,31.394013156773735,74.97267197640298,"{""geodesic"":false,""type"":""Polygon"",""coordinates"":[[[74.97267197640298,31.394013156773735],[75.03388205605444,31.394013156773735],[75.03388205605444,31.453620902927792],[74.97267197640298,31.453620902927792],[74.97267197640298,31.394013156773735]]]}"
31_19,75.0950921357059,1933.4386529204976,31.453620902927792,31.394013156773735,75.03388205605444,"{""geodesic"":false,""type"":""Polygon"",""coordinates"":[[[75.03388205605444,31.394013156773735],[75.0950921357059,31.394013156773735],[75.0950921357059,31.453620902927792],[75.03388205605444,31.453620902927792],[75.03388205605444,31.394013156773735]]]}"
31_20,75.15630221535736,1934.291556728395,31.453620902927792,31.394013156773735,75.0950921357059,"{""geodesic"":false,""type"":""Polygon"",""coordinates"":[[[75.0950921357059,31.394013156773735],[75.15630221535736,31.394013156773735],[75.15630221535736,31.453620902927792],[75.0950921357059,31.453620902927792],[75.0950921357059,31.394013156773735]]]}"
31_21,75.21751229500882,1935.5734951694037,31.453620902927792,31.394013156773735,75.15630221535736,"{""geodesic"":false,""type"":""Polygon"",""coordinates"":[[[75.15630221535736,31.394013156773735],[75.21751229500882,31.394013156773735],[75.21751229500882,31.453620902927792],[75.15630221535736,31.453620902927792],[75.15630221535736,31.394013156773735]]]}"
31_22,75.27872237466028,1936.2968368283002,31.453620902927792,31.394013156773735,75.21751229500882,"{""geodesic"":false,""type"":""Polygon"",""coordinates"":[[[75.21751229500882,31.394013156773735],[75.27872237466028,31.394013156773735],[75.27872237466028,31.453620902927792],[75.21751229500882,31.453620902927792],[75.21751229500882,31.394013156773735]]]}"
31_23,75.33993245431174,1936.2607498313923,31.453620902927792,31.394013156773735,75.27872237466028,"{""geodesic"":false,""type"":""Polygon"",""coordinates"":[[[75.27872237466028,31.394013156773735],[75.33993245431174,31.394013156773735],[75.33993245431174,31.453620902927792],[75.27872237466028,31.453620902927792],[75.27872237466028,31.394013156773735]]]}"
31_24,75.4011425339632,1937.133668947946,31.453620902927792,31.394013156773735,75.33993245431174,"{""geodesic"":false,""type"":""Polygon"",""coordinates"":[[[75.33993245431174,31.394013156773735],[75.4011425339632,31.394013156773735],[75.4011425339632,31.453620902927792],[75.33993245431174,31.453620902927792],[75.33993245431174,31.394013156773735]]]}"
31_25,75.46235261361466,1939.4581572950356,31.453620902927792,31.394013156773735,75.4011425339632,"{""geodesic"":false,""type"":""Polygon"",""coordinates"":[[[75.4011425339632,31.394013156773735],[75.46235261361466,31.394013156773735],[75.46235261361466,31.453620902927792],[75.4011425339632,31.453620902927792],[75.4011425339632,31.394013156773735]]]}"
31_26,75.52356269326613,1941.354400796549,31.453620902927792,31.394013156773735,75.46235261361467,"{""geodesic"":false,""type"":""Polygon"",""coordinates"":[[[75.46235261361467,31.394013156773735],[75.52356269326613,31.394013156773735],[75.52356269326613,31.453620902927792],[75.46235261361467,31.453620902927792],[75.46235261361467,31.394013156773735]]]}"
31_27,75.58477277291759,1939.4491791950109,31.453620902927792,31.394013156773735,75.52356269326613,"{""geodesic"":false,""type"":""Polygon"",""coordinates"":[[[75.52356269326613,31.394013156773735],[75.58477277291759,31.394013156773735],[75.58477277291759,31.453620902927792],[75.52356269326613,31.453620902927792],[75.52356269326613,31.394013156773735]]]}"
31_28,75.64598285256905,1939.0342378586533,31.453620902927792,31.394013156773735,75.58477277291759,"{""geodesic"":false,""type"":""Polygon"",""coordinates"":[[[75.58477277291759,31.394013156773735],[75.64598285256905,31.394013156773735],[75.64598285256905,31.453620902927792],[75.58477277291759,31.453620902927792],[75.58477277291759,31.394013156773735]]]}"
31_29,75.70719293222051,1937.0446771742975,31.453620902927792,31.394013156773735,75.64598285256905,"{""geodesic"":false,""type"":""Polygon"",""coordinates"":[[[75.64598285256905,31.394013156773735],[75.70719293222051,31.394013156773735],[75.70719293222051,31.453620902927792],[75.64598285256905,31.453620902927792],[75.64598285256905,31.394013156773735]]]}"
31_30,75.76840301187197,1934.355589768888,31.453620902927792,31.394013156773735,75.70719293222051,"{""geodesic"":false,""type"":""Polygon"",""coordinates"":[[[75.70719293222051,31.394013156773735],[75.76840301187197,31.394013156773735],[75.76840301187197,31.453620902927792],[75.70719293222051,31.453620902927792],[75.70719293222051,31.394013156773735]]]}"
31_31,75.82961309152343,1933.666854064804,31.453620902927792,31.394013156773735,75.76840301187197,"{""geodesic"":false,""type"":""Polygon"",""coordinates"":[[[75.76840301187197,31.394013156773735],[75.82961309152343,31.394013156773735],[75.82961309152343,31.453620902927792],[75.76840301187197,31.453620902927792],[75.76840301187197,31.394013156773735]]]}"
31_32,75.89082317117489,1933.479889968693,31.453620902927792,31.394013156773735,75.82961309152343,"{""geodesic"":false,""type"":""Polygon"",""coordinates"":[[[75.82961309152343,31.394013156773735],[75.89082317117489,31.394013156773735],[75.89082317117489,31.453620902927792],[75.82961309152343,31.453620902927792],[75.82961309152343,31.394013156773735]]]}"
31_33,75.95203325082635,1932.1431188651545,31.453620902927792,31.394013156773735,75.89082317117489,"{""geodesic"":false,""type"":""Polygon"",""coordinates"":[[[75.89082317117489,31.394013156773735],[75.95203325082635,31.394013156773735],[75.95203325082635,31.453620902927792],[75.89082317117489,31.453620902927792],[75.89082317117489,31.394013156773735]]]}"
31_34,76.0132433304778,1930.1458128116142,31.453620902927792,31.394013156773735,75.95203325082635,"{""geodesic"":false,""type"":""Polygon"",""coordinates"":[[[75.95203325082635,31.394013156773735],[76.0132433304778,31.394013156773735],[76.0132433304778,31.453620902927792],[75.95203325082635,31.453620902927792],[75.95203325082635,31.394013156773735]]]}"
31_35,76.07445341012927,1928.2205391596567,31.453620902927792,31.394013156773735,76.0132433304778,"{""geodesic"":false,""type"":""Polygon"",""coordinates"":[[[76.0132433304778,31.394013156773735],[76.07445341012927,31.394013156773735],[76.07445341012927,31.453620902927792],[76.0132433304778,31.453620902927792],[76.0132433304778,31.394013156773735]]]}"
31_36,76.13566348978073,1924.7822151426587,31.453620902927792,31.394013156773735,76.07445341012927,"{""geodesic"":false,""type"":""Polygon"",""coordinates"":[[[76.07445341012927,31.394013156773735],[76.13566348978073,31.394013156773735],[76.13566348978073,31.453620902927792],[76.07445341012927,31.453620902927792],[76.07445341012927,31.394013156773735]]]}"
31_37,76.19687356943219,1920.8754758804735,31.453620902927792,31.394013156773735,76.13566348978073,"{""geodesic"":false,""type"":""Polygon"",""coordinates"":[[[76.13566348978073,31.394013156773735],[76.19687356943219,31.394013156773735],[76.19687356943219,31.453620902927792],[76.13566348978073,31.453620902927792],[76.13566348978073,31.394013156773735]]]}"
31_39,76.3192937287351,1919.9106363753594,31.453620902927792,31.394013156773735,76.25808364908364,"{""geodesic"":false,""type"":""Polygon"",""coordinates"":[[[76.25808364908364,31.394013156773735],[76.3192937287351,31.394013156773735],[76.3192937287351,31.453620902927792],[76.25808364908364,31.453620902927792],[76.25808364908364,31.394013156773735]]]}"
31_40,76.38050380838656,1919.186526133967,31.453620902927792,31.394013156773735,76.3192937287351,"{""geodesic"":false,""type"":""Polygon"",""coordinates"":[[[76.3192937287351,31.394013156773735],[76.38050380838656,31.394013156773735],[76.38050380838656,31.453620902927792],[76.3192937287351,31.453620902927792],[76.3192937287351,31.394013156773735]]]}"
31_41,76.44171388803802,1918.549909946866,31.453620902927792,31.394013156773735,76.38050380838656,"{""geodesic"":false,""type"":""Polygon"",""coordinates"":[[[76.38050380838656,31.394013156773735],[76.44171388803802,31.394013156773735],[76.44171388803802,31.453620902927792],[76.38050380838656,31.453620902927792],[76.38050380838656,31.394013156773735]]]}"
32_12,74.66662157814568,1948.8672371917621,31.513228649081853,31.453620902927796,74.60541149849422,"{""geodesic"":false,""type"":""Polygon"",""coordinates"":[[[74.60541149849422,31.453620902927796],[74.66662157814568,31.453620902927796],[74.66662157814568,31.513228649081853],[74.60541149849422,31.513228649081853],[74.60541149849422,31.453620902927796]]]}"
32_13,74.72783165779714,1946.0284670284937,31.513228649081853,31.453620902927796,74.66662157814568,"{""geodesic"":false,""type"":""Polygon"",""coordinates"":[[[74.66662157814568,31.453620902927796],[74.72783165779714,31.453620902927796],[74.72783165779714,31.513228649081853],[74.66662157814568,31.513228649081853],[74.66662157814568,31.453620902927796]]]}"
32_14,74.7890417374486,1941.2965400394787,31.513228649081853,31.453620902927796,74.72783165779714,"{""geodesic"":false,""type"":""Polygon"",""coordinates"":[[[74.72783165779714,31.453620902927796],[74.7890417374486,31.453620902927796],[74.7890417374486,31.513228649081853],[74.72783165779714,31.513228649081853],[74.72783165779714,31.453620902927796]]]}"
32_15,74.85025181710006,1938.8360594338435,31.513228649081853,31.453620902927796,74.7890417374486,"{""geodesic"":false,""type"":""Polygon"",""coordinates"":[[[74.7890417374486,31.453620902927796],[74.85025181710006,31.453620902927796],[74.85025181710006,31.513228649081853],[74.7890417374486,31.513228649081853],[74.7890417374486,31.453620902927796]]]}"
32_16,74.91146189675152,1937.7181582142784,31.513228649081853,31.453620902927796,74.85025181710006,"{""geodesic"":false,""type"":""Polygon"",""coordinates"":[[[74.85025181710006,31.453620902927796],[74.91146189675152,31.453620902927796],[74.91146189675152,31.513228649081853],[74.85025181710006,31.513228649081853],[74.85025181710006,31.453620902927796]]]}"
32_17,74.97267197640298,1937.9695824827659,31.513228649081853,31.453620902927796,74.91146189675152,"{""geodesic"":false,""type"":""Polygon"",""coordinates"":[[[74.91146189675152,31.453620902927796],[74.97267197640298,31.453620902927796],[74.97267197640298,31.513228649081853],[74.91146189675152,31.513228649081853],[74.91146189675152,31.453620902927796]]]}"
32_18,75.03388205605444,1937.281724864709,31.513228649081853,31.453620902927796,74.97267197640298,"{""geodesic"":false,""type"":""Polygon"",""coordinates"":[[[74.97267197640298,31.453620902927796],[75.03388205605444,31.453620902927796],[75.03388205605444,31.513228649081853],[74.97267197640298,31.513228649081853],[74.97267197640298,31.453620902927796]]]}"
32_19,75.0950921357059,1936.0309154319493,31.513228649081853,31.453620902927796,75.03388205605444,"{""geodesic"":false,""type"":""Polygon"",""coordinates"":[[[75.03388205605444,31.453620902927796],[75.0950921357059,31.453620902927796],[75.0950921357059,31.513228649081853],[75.03388205605444,31.513228649081853],[75.03388205605444,31.453620902927796]]]}"
32_20,75.15630221535736,1934.2109327593628,31.513228649081853,31.453620902927796,75.0950921357059,"{""geodesic"":false,""type"":""Polygon"",""coordinates"":[[[75.0950921357059,31.453620902927796],[75.15630221535736,31.453620902927796],[75.15630221535736,31.513228649081853],[75.0950921357059,31.513228649081853],[75.0950921357059,31.453620902927796]]]}"
32_21,75.21751229500882,1933.9247912428766,31.513228649081853,31.453620902927796,75.15630221535736,"{""geodesic"":false,""type"":""Polygon"",""coordinates"":[[[75.15630221535736,31.453620902927796],[75.21751229500882,31.453620902927796],[75.21751229500882,31.513228649081853],[75.15630221535736,31.513228649081853],[75.15630221535736,31.453620902927796]]]}"
32_22,75.27872237466028,1935.694140057882,31.513228649081853,31.453620902927796,75.21751229500882,"{""geodesic"":false,""type"":""Polygon"",""coordinates"":[[[75.21751229500882,31.453620902927796],[75.27872237466028,31.453620902927796],[75.27872237466028,31.513228649081853],[75.21751229500882,31.513228649081853],[75.21751229500882,31.453620902927796]]]}"
32_23,75.33993245431174,1935.7961029552869,31.513228649081853,31.453620902927796,75.27872237466028,"{""geodesic"":false,""type"":""Polygon"",""coordinates"":[[[75.27872237466028,31.453620902927796],[75.33993245431174,31.453620902927796],[75.33993245431174,31.513228649081853],[75.27872237466028,31.513228649081853],[75.27872237466028,31.453620902927796]]]}"
32_24,75.4011425339632,1935.8852581772958,31.513228649081853,31.453620902927796,75.33993245431174,"{""geodesic"":false,""type"":""Polygon"",""coordinates"":[[[75.33993245431174,31.453620902927796],[75.4011425339632,31.453620902927796],[75.4011425339632,31.513228649081853],[75.33993245431174,31.513228649081853],[75.33993245431174,31.453620902927796]]]}"
32_25,75.46235261361466,1936.563326727249,31.513228649081853,31.453620902927796,75.4011425339632,"{""geodesic"":false,""type"":""Polygon"",""coordinates"":[[[75.4011425339632,31.453620902927796],[75.46235261361466,31.453620902927796],[75.46235261361466,31.513228649081853],[75.4011425339632,31.513228649081853],[75.4011425339632,31.453620902927796]]]}"
32_26,75.52356269326613,1938.4747660722953,31.513228649081853,31.453620902927796,75.46235261361467,"{""geodesic"":false,""type"":""Polygon"",""coordinates"":[[[75.46235261361467,31.453620902927796],[75.52356269326613,31.453620902927796],[75.52356269326613,31.513228649081853],[75.46235261361467,31.513228649081853],[75.46235261361467,31.453620902927796]]]}"
32_27,75.58477277291759,1937.2851521730643,31.513228649081853,31.453620902927796,75.52356269326613,"{""geodesic"":false,""type"":""Polygon"",""coordinates"":[[[75.52356269326613,31.453620902927796],[75.58477277291759,31.453620902927796],[75.58477277291759,31.513228649081853],[75.52356269326613,31.513228649081853],[75.52356269326613,31.453620902927796]]]}"
32_28,75.64598285256905,1937.2115828038131,31.513228649081853,31.453620902927796,75.58477277291759,"{""geodesic"":false,""type"":""Polygon"",""coordinates"":[[[75.58477277291759,31.453620902927796],[75.64598285256905,31.453620902927796],[75.64598285256905,31.513228649081853],[75.58477277291759,31.513228649081853],[75.58477277291759,31.453620902927796]]]}"
32_29,75.70719293222051,1934.9587912201866,31.513228649081853,31.453620902927796,75.64598285256905,"{""geodesic"":false,""type"":""Polygon"",""coordinates"":[[[75.64598285256905,31.453620902927796],[75.70719293222051,31.453620902927796],[75.70719293222051,31.513228649081853],[75.64598285256905,31.513228649081853],[75.64598285256905,31.453620902927796]]]}"
32_30,75.76840301187197,1932.7542895158176,31.513228649081853,31.453620902927796,75.70719293222051,"{""geodesic"":false,""type"":""Polygon"",""coordinates"":[[[75.70719293222051,31.453620902927796],[75.76840301187197,31.453620902927796],[75.76840301187197,31.513228649081853],[75.70719293222051,31.513228649081853],[75.70719293222051,31.453620902927796]]]}"
32_31,75.82961309152343,1931.2178051347298,31.513228649081853,31.453620902927796,75.76840301187197,"{""geodesic"":false,""type"":""Polygon"",""coordinates"":[[[75.76840301187197,31.453620902927796],[75.82961309152343,31.453620902927796],[75.82961309152343,31.513228649081853],[75.76840301187197,31.513228649081853],[75.76840301187197,31.453620902927796]]]}"
32_32,75.89082317117489,1929.3098087485894,31.513228649081853,31.453620902927796,75.82961309152343,"{""geodesic"":false,""type"":""Polygon"",""coordinates"":[[[75.82961309152343,31.453620902927796],[75.89082317117489,31.453620902927796],[75.89082317117489,31.513228649081853],[75.82961309152343,31.513228649081853],[75.82961309152343,31.453620902927796]]]}"
32_33,75.95203325082635,1928.0262302568192,31.513228649081853,31.453620902927796,75.89082317117489,"{""geodesic"":false,""type"":""Polygon"",""coordinates"":[[[75.89082317117489,31.453620902927796],[75.95203325082635,31.453620902927796],[75.95203325082635,31.513228649081853],[75.89082317117489,31.513228649081853],[75.89082317117489,31.453620902927796]]]}"
32_34,76.0132433304778,1926.3786655177983,31.513228649081853,31.453620902927796,75.95203325082635,"{""geodesic"":false,""type"":""Polygon"",""coordinates"":[[[75.95203325082635,31.453620902927796],[76.0132433304778,31.453620902927796],[76.0132433304778,31.513228649081853],[75.95203325082635,31.513228649081853],[75.95203325082635,31.453620902927796]]]}"
32_35,76.07445341012927,1925.0358397662537,31.513228649081853,31.453620902927796,76.0132433304778,"{""geodesic"":false,""type"":""Polygon"",""coordinates"":[[[76.0132433304778,31.453620902927796],[76.07445341012927,31.453620902927796],[76.07445341012927,31.513228649081853],[76.0132433304778,31.513228649081853],[76.0132433304778,31.453620902927796]]]}"
32_36,76.13566348978073,1923.3127973439969,31.513228649081853,31.453620902927796,76.07445341012927,"{""geodesic"":false,""type"":""Polygon"",""coordinates"":[[[76.07445341012927,31.453620902927796],[76.13566348978073,31.453620902927796],[76.13566348978073,31.513228649081853],[76.07445341012927,31.513228649081853],[76.07445341012927,31.453620902927796]]]}"
33_11,74.60541149849422,1957.7962242721194,31.57283639523591,31.513228649081853,74.54420141884276,"{""geodesic"":false,""type"":""Polygon"",""coordinates"":[[[74.54420141884276,31.513228649081853],[74.60541149849422,31.513228649081853],[74.60541149849422,31.57283639523591],[74.54420141884276,31.57283639523591],[74.54420141884276,31.513228649081853]]]}"
33_12,74.66662157814568,1950.9506058646768,31.57283639523591,31.513228649081853,74.60541149849422,"{""geodesic"":false,""type"":""Polygon"",""coordinates"":[[[74.60541149849422,31.513228649081853],[74.66662157814568,31.513228649081853],[74.66662157814568,31.57283639523591],[74.60541149849422,31.57283639523591],[74.60541149849422,31.513228649081853]]]}"
33_13,74.72783165779714,1946.809520050873,31.57283639523591,31.513228649081853,74.66662157814568,"{""geodesic"":false,""type"":""Polygon"",""coordinates"":[[[74.66662157814568,31.513228649081853],[74.72783165779714,31.513228649081853],[74.72783165779714,31.57283639523591],[74.66662157814568,31.57283639523591],[74.66662157814568,31.513228649081853]]]}"
33_14,74.7890417374486,1942.4968170113846,31.57283639523591,31.513228649081853,74.72783165779714,"{""geodesic"":false,""type"":""Polygon"",""coordinates"":[[[74.72783165779714,31.513228649081853],[74.7890417374486,31.513228649081853],[74.7890417374486,31.57283639523591],[74.72783165779714,31.57283639523591],[74.72783165779714,31.513228649081853]]]}"
33_15,74.85025181710006,1941.1411059979653,31.57283639523591,31.513228649081853,74.7890417374486,"{""geodesic"":false,""type"":""Polygon"",""coordinates"":[[[74.7890417374486,31.513228649081853],[74.85025181710006,31.513228649081853],[74.85025181710006,31.57283639523591],[74.7890417374486,31.57283639523591],[74.7890417374486,31.513228649081853]]]}"
33_16,74.91146189675152,1939.020099482707,31.57283639523591,31.513228649081853,74.85025181710006,"{""geodesic"":false,""type"":""Polygon"",""coordinates"":[[[74.85025181710006,31.513228649081853],[74.91146189675152,31.513228649081853],[74.91146189675152,31.57283639523591],[74.85025181710006,31.57283639523591],[74.85025181710006,31.513228649081853]]]}"
33_17,74.97267197640298,1938.1631156702385,31.57283639523591,31.513228649081853,74.91146189675152,"{""geodesic"":false,""type"":""Polygon"",""coordinates"":[[[74.91146189675152,31.513228649081853],[74.97267197640298,31.513228649081853],[74.97267197640298,31.57283639523591],[74.91146189675152,31.57283639523591],[74.91146189675152,31.513228649081853]]]}"
33_18,75.03388205605444,1937.739136335416,31.57283639523591,31.513228649081853,74.97267197640298,"{""geodesic"":false,""type"":""Polygon"",""coordinates"":[[[74.97267197640298,31.513228649081853],[75.03388205605444,31.513228649081853],[75.03388205605444,31.57283639523591],[74.97267197640298,31.57283639523591],[74.97267197640298,31.513228649081853]]]}"
33_19,75.0950921357059,1936.1272796831074,31.57283639523591,31.513228649081853,75.03388205605444,"{""geodesic"":false,""type"":""Polygon"",""coordinates"":[[[75.03388205605444,31.513228649081853],[75.0950921357059,31.513228649081853],[75.0950921357059,31.57283639523591],[75.03388205605444,31.57283639523591],[75.03388205605444,31.513228649081853]]]}"
33_20,75.15630221535736,1933.4773478812747,31.57283639523591,31.513228649081853,75.0950921357059,"{""geodesic"":false,""type"":""Polygon"",""coordinates"":[[[75.0950921357059,31.513228649081853],[75.15630221535736,31.513228649081853],[75.15630221535736,31.57283639523591],[75.0950921357059,31.57283639523591],[75.0950921357059,31.513228649081853]]]}"
33_21,75.21751229500882,1931.8433067134788,31.57283639523591,31.513228649081853,75.15630221535736,"{""geodesic"":false,""type"":""Polygon"",""coordinates"":[[[75.15630221535736,31.513228649081853],[75.21751229500882,31.513228649081853],[75.21751229500882,31.57283639523591],[75.15630221535736,31.57283639523591],[75.15630221535736,31.513228649081853]]]}"
33_22,75.27872237466028,1933.8909461985584,31.57283639523591,31.513228649081853,75.21751229500882,"{""geodesic"":false,""type"":""Polygon"",""coordinates"":[[[75.21751229500882,31.513228649081853],[75.27872237466028,31.513228649081853],[75.27872237466028,31.57283639523591],[75.21751229500882,31.57283639523591],[75.21751229500882,31.513228649081853]]]}"
33_23,75.33993245431174,1934.7698875565259,31.57283639523591,31.513228649081853,75.27872237466028,"{""geodesic"":false,""type"":""Polygon"",""coordinates"":[[[75.27872237466028,31.513228649081853],[75.33993245431174,31.513228649081853],[75.33993245431174,31.57283639523591],[75.27872237466028,31.57283639523591],[75.27872237466028,31.513228649081853]]]}"
33_24,75.4011425339632,1936.491906616748,31.57283639523591,31.513228649081853,75.33993245431174,"{""geodesic"":false,""type"":""Polygon"",""coordinates"":[[[75.33993245431174,31.513228649081853],[75.4011425339632,31.513228649081853],[75.4011425339632,31.57283639523591],[75.33993245431174,31.57283639523591],[75.33993245431174,31.513228649081853]]]}"
33_25,75.46235261361466,1935.0651701473469,31.57283639523591,31.513228649081853,75.4011425339632,"{""geodesic"":false,""type"":""Polygon"",""coordinates"":[[[75.4011425339632,31.513228649081853],[75.46235261361466,31.513228649081853],[75.46235261361466,31.57283639523591],[75.4011425339632,31.57283639523591],[75.4011425339632,31.513228649081853]]]}"
33_26,75.52356269326613,1935.2059032983623,31.57283639523591,31.513228649081853,75.46235261361467,"{""geodesic"":false,""type"":""Polygon"",""coordinates"":[[[75.46235261361467,31.513228649081853],[75.52356269326613,31.513228649081853],[75.52356269326613,31.57283639523591],[75.46235261361467,31.57283639523591],[75.46235261361467,31.513228649081853]]]}"
33_27,75.58477277291759,1935.5569710343536,31.57283639523591,31.513228649081853,75.52356269326613,"{""geodesic"":false,""type"":""Polygon"",""coordinates"":[[[75.52356269326613,31.513228649081853],[75.58477277291759,31.513228649081853],[75.58477277291759,31.57283639523591],[75.52356269326613,31.57283639523591],[75.52356269326613,31.513228649081853]]]}"
33_28,75.64598285256905,1935.579056829465,31.57283639523591,31.513228649081853,75.58477277291759,"{""geodesic"":false,""type"":""Polygon"",""coordinates"":[[[75.58477277291759,31.513228649081853],[75.64598285256905,31.513228649081853],[75.64598285256905,31.57283639523591],[75.58477277291759,31.57283639523591],[75.58477277291759,31.513228649081853]]]}"
33_29,75.70719293222051,1932.7019904769284,31.57283639523591,31.513228649081853,75.64598285256905,"{""geodesic"":false,""type"":""Polygon"",""coordinates"":[[[75.64598285256905,31.513228649081853],[75.70719293222051,31.513228649081853],[75.70719293222051,31.57283639523591],[75.64598285256905,31.57283639523591],[75.64598285256905,31.513228649081853]]]}"
33_30,75.76840301187197,1930.3735408326966,31.57283639523591,31.513228649081853,75.70719293222051,"{""geodesic"":false,""type"":""Polygon"",""coordinates"":[[[75.70719293222051,31.513228649081853],[75.76840301187197,31.513228649081853],[75.76840301187197,31.57283639523591],[75.70719293222051,31.57283639523591],[75.70719293222051,31.513228649081853]]]}"
33_31,75.82961309152343,1929.6289744668545,31.57283639523591,31.513228649081853,75.76840301187197,"{""geodesic"":false,""type"":""Polygon"",""coordinates"":[[[75.76840301187197,31.513228649081853],[75.82961309152343,31.513228649081853],[75.82961309152343,31.57283639523591],[75.76840301187197,31.57283639523591],[75.76840301187197,31.513228649081853]]]}"
33_32,75.89082317117489,1926.0119156166384,31.57283639523591,31.513228649081853,75.82961309152343,"{""geodesic"":false,""type"":""Polygon"",""coordinates"":[[[75.82961309152343,31.513228649081853],[75.89082317117489,31.513228649081853],[75.89082317117489,31.57283639523591],[75.82961309152343,31.57283639523591],[75.82961309152343,31.513228649081853]]]}"
33_33,75.95203325082635,1924.5097205571208,31.57283639523591,31.513228649081853,75.89082317117489,"{""geodesic"":false,""type"":""Polygon"",""coordinates"":[[[75.89082317117489,31.513228649081853],[75.95203325082635,31.513228649081853],[75.95203325082635,31.57283639523591],[75.89082317117489,31.57283639523591],[75.89082317117489,31.513228649081853]]]}"
33_34,76.0132433304778,1921.169851916274,31.57283639523591,31.513228649081853,75.95203325082635,"{""geodesic"":false,""type"":""Polygon"",""coordinates"":[[[75.95203325082635,31.513228649081853],[76.0132433304778,31.513228649081853],[76.0132433304778,31.57283639523591],[75.95203325082635,31.57283639523591],[75.95203325082635,31.513228649081853]]]}"
33_35,76.07445341012927,1919.8051897036444,31.57283639523591,31.513228649081853,76.0132433304778,"{""geodesic"":false,""type"":""Polygon"",""coordinates"":[[[76.0132433304778,31.513228649081853],[76.07445341012927,31.513228649081853],[76.07445341012927,31.57283639523591],[76.0132433304778,31.57283639523591],[76.0132433304778,31.513228649081853]]]}"
33_36,76.13566348978073,1920.5510179999321,31.57283639523591,31.513228649081853,76.07445341012927,"{""geodesic"":false,""type"":""Polygon"",""coordinates"":[[[76.07445341012927,31.513228649081853],[76.13566348978073,31.513228649081853],[76.13566348978073,31.57283639523591],[76.07445341012927,31.57283639523591],[76.07445341012927,31.513228649081853]]]}"
34_11,74.60541149849422,1952.4526434647003,31.632444141389968,31.57283639523591,74.54420141884276,"{""geodesic"":false,""type"":""Polygon"",""coordinates"":[[[74.54420141884276,31.57283639523591],[74.60541149849422,31.57283639523591],[74.60541149849422,31.632444141389968],[74.54420141884276,31.632444141389968],[74.54420141884276,31.57283639523591]]]}"
34_12,74.66662157814568,1950.9532819064032,31.632444141389968,31.57283639523591,74.60541149849422,"{""geodesic"":false,""type"":""Polygon"",""coordinates"":[[[74.60541149849422,31.57283639523591],[74.66662157814568,31.57283639523591],[74.66662157814568,31.632444141389968],[74.60541149849422,31.632444141389968],[74.60541149849422,31.57283639523591]]]}"
34_13,74.72783165779714,1947.895081617754,31.632444141389968,31.57283639523591,74.66662157814568,"{""geodesic"":false,""type"":""Polygon"",""coordinates"":[[[74.66662157814568,31.57283639523591],[74.72783165779714,31.57283639523591],[74.72783165779714,31.632444141389968],[74.66662157814568,31.632444141389968],[74.66662157814568,31.57283639523591]]]}"
34_14,74.7890417374486,1943.1553093512807,31.632444141389968,31.57283639523591,74.72783165779714,"{""geodesic"":false,""type"":""Polygon"",""coordinates"":[[[74.72783165779714,31.57283639523591],[74.7890417374486,31.57283639523591],[74.7890417374486,31.632444141389968],[74.72783165779714,31.632444141389968],[74.72783165779714,31.57283639523591]]]}"
34_15,74.85025181710006,1942.2248857140048,31.632444141389968,31.57283639523591,74.7890417374486,"{""geodesic"":false,""type"":""Polygon"",""coordinates"":[[[74.7890417374486,31.57283639523591],[74.85025181710006,31.57283639523591],[74.85025181710006,31.632444141389968],[74.7890417374486,31.632444141389968],[74.7890417374486,31.57283639523591]]]}"
34_16,74.91146189675152,1941.3993557098117,31.632444141389968,31.57283639523591,74.85025181710006,"{""geodesic"":false,""type"":""Polygon"",""coordinates"":[[[74.85025181710006,31.57283639523591],[74.91146189675152,31.57283639523591],[74.91146189675152,31.632444141389968],[74.85025181710006,31.632444141389968],[74.85025181710006,31.57283639523591]]]}"
34_17,74.97267197640298,1940.024064375718,31.632444141389968,31.57283639523591,74.91146189675152,"{""geodesic"":false,""type"":""Polygon"",""coordinates"":[[[74.91146189675152,31.57283639523591],[74.97267197640298,31.57283639523591],[74.97267197640298,31.632444141389968],[74.91146189675152,31.632444141389968],[74.91146189675152,31.57283639523591]]]}"
34_18,75.03388205605444,1938.9228364283606,31.632444141389968,31.57283639523591,74.97267197640298,"{""geodesic"":false,""type"":""Polygon"",""coordinates"":[[[74.97267197640298,31.57283639523591],[75.03388205605444,31.57283639523591],[75.03388205605444,31.632444141389968],[74.97267197640298,31.632444141389968],[74.97267197640298,31.57283639523591]]]}"
34_19,75.0950921357059,1936.148848758588,31.632444141389968,31.57283639523591,75.03388205605444,"{""geodesic"":false,""type"":""Polygon"",""coordinates"":[[[75.03388205605444,31.57283639523591],[75.0950921357059,31.57283639523591],[75.0950921357059,31.632444141389968],[75.03388205605444,31.632444141389968],[75.03388205605444,31.57283639523591]]]}"
34_20,75.15630221535736,1934.3771787136961,31.632444141389968,31.57283639523591,75.0950921357059,"{""geodesic"":false,""type"":""Polygon"",""coordinates"":[[[75.0950921357059,31.57283639523591],[75.15630221535736,31.57283639523591],[75.15630221535736,31.632444141389968],[75.0950921357059,31.632444141389968],[75.0950921357059,31.57283639523591]]]}"
34_21,75.21751229500882,1932.840688470344,31.632444141389968,31.57283639523591,75.15630221535736,"{""geodesic"":false,""type"":""Polygon"",""coordinates"":[[[75.15630221535736,31.57283639523591],[75.21751229500882,31.57283639523591],[75.21751229500882,31.632444141389968],[75.15630221535736,31.632444141389968],[75.15630221535736,31.57283639523591]]]}"
34_22,75.27872237466028,1931.152149928504,31.632444141389968,31.57283639523591,75.21751229500882,"{""geodesic"":false,""type"":""Polygon"",""coordinates"":[[[75.21751229500882,31.57283639523591],[75.27872237466028,31.57283639523591],[75.27872237466028,31.632444141389968],[75.21751229500882,31.632444141389968],[75.21751229500882,31.57283639523591]]]}"
34_23,75.33993245431174,1932.753860401949,31.632444141389968,31.57283639523591,75.27872237466028,"{""geodesic"":false,""type"":""Polygon"",""coordinates"":[[[75.27872237466028,31.57283639523591],[75.33993245431174,31.57283639523591],[75.33993245431174,31.632444141389968],[75.27872237466028,31.632444141389968],[75.27872237466028,31.57283639523591]]]}"
34_24,75.4011425339632,1935.573702529005,31.632444141389968,31.57283639523591,75.33993245431174,"{""geodesic"":false,""type"":""Polygon"",""coordinates"":[[[75.33993245431174,31.57283639523591],[75.4011425339632,31.57283639523591],[75.4011425339632,31.632444141389968],[75.33993245431174,31.632444141389968],[75.33993245431174,31.57283639523591]]]}"
34_25,75.46235261361466,1936.0379141710296,31.632444141389968,31.57283639523591,75.4011425339632,"{""geodesic"":false,""type"":""Polygon"",""coordinates"":[[[75.4011425339632,31.57283639523591],[75.46235261361466,31.57283639523591],[75.46235261361466,31.632444141389968],[75.4011425339632,31.632444141389968],[75.4011425339632,31.57283639523591]]]}"
34_26,75.52356269326613,1932.967568384987,31.632444141389968,31.57283639523591,75.46235261361467,"{""geodesic"":false,""type"":""Polygon"",""coordinates"":[[[75.46235261361467,31.57283639523591],[75.52356269326613,31.57283639523591],[75.52356269326613,31.632444141389968],[75.46235261361467,31.632444141389968],[75.46235261361467,31.57283639523591]]]}"
34_27,75.58477277291759,1932.631116346143,31.632444141389968,31.57283639523591,75.52356269326613,"{""geodesic"":false,""type"":""Polygon"",""coordinates"":[[[75.52356269326613,31.57283639523591],[75.58477277291759,31.57283639523591],[75.58477277291759,31.632444141389968],[75.52356269326613,31.632444141389968],[75.52356269326613,31.57283639523591]]]}"
34_28,75.64598285256905,1932.302681361007,31.632444141389968,31.57283639523591,75.58477277291759,"{""geodesic"":false,""type"":""Polygon"",""coordinates"":[[[75.58477277291759,31.57283639523591],[75.64598285256905,31.57283639523591],[75.64598285256905,31.632444141389968],[75.58477277291759,31.632444141389968],[75.58477277291759,31.57283639523591]]]}"
34_29,75.70719293222051,1930.1725468881812,31.632444141389968,31.57283639523591,75.64598285256905,"{""geodesic"":false,""type"":""Polygon"",""coordinates"":[[[75.64598285256905,31.57283639523591],[75.70719293222051,31.57283639523591],[75.70719293222051,31.632444141389968],[75.64598285256905,31.632444141389968],[75.64598285256905,31.57283639523591]]]}"
34_30,75.76840301187197,1928.1405221150208,31.632444141389968,31.57283639523591,75.70719293222051,"{""geodesic"":false,""type"":""Polygon"",""coordinates"":[[[75.70719293222051,31.57283639523591],[75.76840301187197,31.57283639523591],[75.76840301187197,31.632444141389968],[75.70719293222051,31.632444141389968],[75.70719293222051,31.57283639523591]]]}"
34_31,75.82961309152343,1926.3896307638859,31.632444141389968,31.57283639523591,75.76840301187197,"{""geodesic"":false,""type"":""Polygon"",""coordinates"":[[[75.76840301187197,31.57283639523591],[75.82961309152343,31.57283639523591],[75.82961309152343,31.632444141389968],[75.76840301187197,31.632444141389968],[75.76840301187197,31.57283639523591]]]}"
34_32,75.89082317117489,1922.7340895889467,31.632444141389968,31.57283639523591,75.82961309152343,"{""geodesic"":false,""type"":""Polygon"",""coordinates"":[[[75.82961309152343,31.57283639523591],[75.89082317117489,31.57283639523591],[75.89082317117489,31.632444141389968],[75.82961309152343,31.632444141389968],[75.82961309152343,31.57283639523591]]]}"
34_33,75.95203325082635,1920.1957495740983,31.632444141389968,31.57283639523591,75.89082317117489,"{""geodesic"":false,""type"":""Polygon"",""coordinates"":[[[75.89082317117489,31.57283639523591],[75.95203325082635,31.57283639523591],[75.95203325082635,31.632444141389968],[75.89082317117489,31.632444141389968],[75.89082317117489,31.57283639523591]]]}"
34_34,76.0132433304778,1917.436574421609,31.632444141389968,31.57283639523591,75.95203325082635,"{""geodesic"":false,""type"":""Polygon"",""coordinates"":[[[75.95203325082635,31.57283639523591],[76.0132433304778,31.57283639523591],[76.0132433304778,31.632444141389968],[75.95203325082635,31.632444141389968],[75.95203325082635,31.57283639523591]]]}"
34_35,76.07445341012927,1916.425649735602,31.632444141389968,31.57283639523591,76.0132433304778,"{""geodesic"":false,""type"":""Polygon"",""coordinates"":[[[76.0132433304778,31.57283639523591],[76.07445341012927,31.57283639523591],[76.07445341012927,31.632444141389968],[76.0132433304778,31.632444141389968],[76.0132433304778,31.57283639523591]]]}"
35_10,74.54420141884276,1946.531692098407,31.692051887544025,31.632444141389968,74.4829913391913,"{""geodesic"":false,""type"":""Polygon"",""coordinates"":[[[74.4829913391913,31.632444141389968],[74.54420141884276,31.632444141389968],[74.54420141884276,31.692051887544025],[74.4829913391913,31.692051887544025],[74.4829913391913,31.632444141389968]]]}"
35_11,74.60541149849422,1946.1951298723875,31.692051887544025,31.632444141389968,74.54420141884276,"{""geodesic"":false,""type"":""Polygon"",""coordinates"":[[[74.54420141884276,31.632444141389968],[74.60541149849422,31.632444141389968],[74.60541149849422,31.692051887544025],[74.54420141884276,31.692051887544025],[74.54420141884276,31.632444141389968]]]}"
35_12,74.66662157814568,1944.4817551350855,31.692051887544025,31.632444141389968,74.60541149849422,"{""geodesic"":false,""type"":""Polygon"",""coordinates"":[[[74.60541149849422,31.632444141389968],[74.66662157814568,31.632444141389968],[74.66662157814568,31.692051887544025],[74.60541149849422,31.692051887544025],[74.60541149849422,31.632444141389968]]]}"
35_13,74.72783165779714,1944.6936159611735,31.692051887544025,31.632444141389968,74.66662157814568,"{""geodesic"":false,""type"":""Polygon"",""coordinates"":[[[74.66662157814568,31.632444141389968],[74.72783165779714,31.632444141389968],[74.72783165779714,31.692051887544025],[74.66662157814568,31.692051887544025],[74.66662157814568,31.632444141389968]]]}"
35_14,74.7890417374486,1942.2660950664879,31.692051887544025,31.632444141389968,74.72783165779714,"{""geodesic"":false,""type"":""Polygon"",""coordinates"":[[[74.72783165779714,31.632444141389968],[74.7890417374486,31.632444141389968],[74.7890417374486,31.692051887544025],[74.72783165779714,31.692051887544025],[74.72783165779714,31.632444141389968]]]}"
35_15,74.85025181710006,1940.6268621658874,31.692051887544025,31.632444141389968,74.7890417374486,"{""geodesic"":false,""type"":""Polygon"",""coordinates"":[[[74.7890417374486,31.632444141389968],[74.85025181710006,31.632444141389968],[74.85025181710006,31.692051887544025],[74.7890417374486,31.692051887544025],[74.7890417374486,31.632444141389968]]]}"
35_16,74.91146189675152,1939.3071901239107,31.692051887544025,31.632444141389968,74.85025181710006,"{""geodesic"":false,""type"":""Polygon"",""coordinates"":[[[74.85025181710006,31.632444141389968],[74.91146189675152,31.632444141389968],[74.91146189675152,31.692051887544025],[74.85025181710006,31.692051887544025],[74.85025181710006,31.632444141389968]]]}"
35_17,74.97267197640298,1937.3989900830134,31.692051887544025,31.632444141389968,74.91146189675152,"{""geodesic"":false,""type"":""Polygon"",""coordinates"":[[[74.91146189675152,31.632444141389968],[74.97267197640298,31.632444141389968],[74.97267197640298,31.692051887544025],[74.91146189675152,31.692051887544025],[74.91146189675152,31.632444141389968]]]}"
35_18,75.03388205605444,1935.6528257496166,31.692051887544025,31.632444141389968,74.97267197640298,"{""geodesic"":false,""type"":""Polygon"",""coordinates"":[[[74.97267197640298,31.632444141389968],[75.03388205605444,31.632444141389968],[75.03388205605444,31.692051887544025],[74.97267197640298,31.692051887544025],[74.97267197640298,31.632444141389968]]]}"
35_19,75.0950921357059,1934.3885151897289,31.692051887544025,31.632444141389968,75.03388205605444,"{""geodesic"":false,""type"":""Polygon"",""coordinates"":[[[75.03388205605444,31.632444141389968],[75.0950921357059,31.632444141389968],[75.0950921357059,31.692051887544025],[75.03388205605444,31.692051887544025],[75.03388205605444,31.632444141389968]]]}"
35_20,75.15630221535736,1933.455639334731,31.692051887544025,31.632444141389968,75.0950921357059,"{""geodesic"":false,""type"":""Polygon"",""coordinates"":[[[75.0950921357059,31.632444141389968],[75.15630221535736,31.632444141389968],[75.15630221535736,31.692051887544025],[75.0950921357059,31.692051887544025],[75.0950921357059,31.632444141389968]]]}"
35_21,75.21751229500882,1932.5332012209444,31.692051887544025,31.632444141389968,75.15630221535736,"{""geodesic"":false,""type"":""Polygon"",""coordinates"":[[[75.15630221535736,31.632444141389968],[75.21751229500882,31.632444141389968],[75.21751229500882,31.692051887544025],[75.15630221535736,31.692051887544025],[75.15630221535736,31.632444141389968]]]}"
35_22,75.27872237466028,1931.6860412637889,31.692051887544025,31.632444141389968,75.21751229500882,"{""geodesic"":false,""type"":""Polygon"",""coordinates"":[[[75.21751229500882,31.632444141389968],[75.27872237466028,31.632444141389968],[75.27872237466028,31.692051887544025],[75.21751229500882,31.692051887544025],[75.21751229500882,31.632444141389968]]]}"
35_23,75.33993245431174,1933.106123757256,31.692051887544025,31.632444141389968,75.27872237466028,"{""geodesic"":false,""type"":""Polygon"",""coordinates"":[[[75.27872237466028,31.632444141389968],[75.33993245431174,31.632444141389968],[75.33993245431174,31.692051887544025],[75.27872237466028,31.692051887544025],[75.27872237466028,31.632444141389968]]]}"
35_24,75.4011425339632,1934.6996849103766,31.692051887544025,31.632444141389968,75.33993245431174,"{""geodesic"":false,""type"":""Polygon"",""coordinates"":[[[75.33993245431174,31.632444141389968],[75.4011425339632,31.632444141389968],[75.4011425339632,31.692051887544025],[75.33993245431174,31.692051887544025],[75.33993245431174,31.632444141389968]]]}"
35_25,75.46235261361466,1935.3689688569125,31.692051887544025,31.632444141389968,75.4011425339632,"{""geodesic"":false,""type"":""Polygon"",""coordinates"":[[[75.4011425339632,31.632444141389968],[75.46235261361466,31.632444141389968],[75.46235261361466,31.692051887544025],[75.4011425339632,31.692051887544025],[75.4011425339632,31.632444141389968]]]}"
35_26,75.52356269326613,1932.1472302903553,31.692051887544025,31.632444141389968,75.46235261361467,"{""geodesic"":false,""type"":""Polygon"",""coordinates"":[[[75.46235261361467,31.632444141389968],[75.52356269326613,31.632444141389968],[75.52356269326613,31.692051887544025],[75.46235261361467,31.692051887544025],[75.46235261361467,31.632444141389968]]]}"
35_27,75.58477277291759,1931.7411377288156,31.692051887544025,31.632444141389968,75.52356269326613,"{""geodesic"":false,""type"":""Polygon"",""coordinates"":[[[75.52356269326613,31.632444141389968],[75.58477277291759,31.632444141389968],[75.58477277291759,31.692051887544025],[75.52356269326613,31.692051887544025],[75.52356269326613,31.632444141389968]]]}"
35_28,75.64598285256905,1929.7458650879596,31.692051887544025,31.632444141389968,75.58477277291759,"{""geodesic"":false,""type"":""Polygon"",""coordinates"":[[[75.58477277291759,31.632444141389968],[75.64598285256905,31.632444141389968],[75.64598285256905,31.692051887544025],[75.58477277291759,31.692051887544025],[75.58477277291759,31.632444141389968]]]}"
35_29,75.70719293222051,1928.0730022732046,31.692051887544025,31.632444141389968,75.64598285256905,"{""geodesic"":false,""type"":""Polygon"",""coordinates"":[[[75.64598285256905,31.632444141389968],[75.70719293222051,31.632444141389968],[75.70719293222051,31.692051887544025],[75.64598285256905,31.692051887544025],[75.64598285256905,31.632444141389968]]]}"
35_30,75.76840301187197,1925.950839564278,31.692051887544025,31.632444141389968,75.70719293222051,"{""geodesic"":false,""type"":""Polygon"",""coordinates"":[[[75.70719293222051,31.632444141389968],[75.76840301187197,31.632444141389968],[75.76840301187197,31.692051887544025],[75.70719293222051,31.692051887544025],[75.70719293222051,31.632444141389968]]]}"
35_31,75.82961309152343,1921.949417245549,31.692051887544025,31.632444141389968,75.76840301187197,"{""geodesic"":false,""type"":""Polygon"",""coordinates"":[[[75.76840301187197,31.632444141389968],[75.82961309152343,31.632444141389968],[75.82961309152343,31.692051887544025],[75.76840301187197,31.692051887544025],[75.76840301187197,31.632444141389968]]]}"
35_32,75.89082317117489,1918.2163199721415,31.692051887544025,31.632444141389968,75.82961309152343,"{""geodesic"":false,""type"":""Polygon"",""coordinates"":[[[75.82961309152343,31.632444141389968],[75.89082317117489,31.632444141389968],[75.89082317117489,31.692051887544025],[75.82961309152343,31.692051887544025],[75.82961309152343,31.632444141389968]]]}"
35_33,75.95203325082635,1914.749434948164,31.692051887544025,31.632444141389968,75.89082317117489,"{""geodesic"":false,""type"":""Polygon"",""coordinates"":[[[75.89082317117489,31.632444141389968],[75.95203325082635,31.632444141389968],[75.95203325082635,31.692051887544025],[75.89082317117489,31.692051887544025],[75.89082317117489,31.632444141389968]]]}"
35_34,76.0132433304778,1913.4811373282905,31.692051887544025,31.632444141389968,75.95203325082635,"{""geodesic"":false,""type"":""Polygon"",""coordinates"":[[[75.95203325082635,31.632444141389968],[76.0132433304778,31.632444141389968],[76.0132433304778,31.692051887544025],[75.95203325082635,31.692051887544025],[75.95203325082635,31.632444141389968]]]}"
36_10,74.54420141884276,1945.5573180593126,31.751659633698086,31.69205188754403,74.4829913391913,"{""geodesic"":false,""type"":""Polygon"",""coordinates"":[[[74.4829913391913,31.69205188754403],[74.54420141884276,31.69205188754403],[74.54420141884276,31.751659633698086],[74.4829913391913,31.751659633698086],[74.4829913391913,31.69205188754403]]]}"
36_11,74.60541149849422,1943.9019900282321,31.751659633698086,31.69205188754403,74.54420141884276,"{""geodesic"":false,""type"":""Polygon"",""coordinates"":[[[74.54420141884276,31.69205188754403],[74.60541149849422,31.69205188754403],[74.60541149849422,31.751659633698086],[74.54420141884276,31.751659633698086],[74.54420141884276,31.69205188754403]]]}"
36_12,74.66662157814568,1941.9755859771408,31.751659633698086,31.69205188754403,74.60541149849422,"{""geodesic"":false,""type"":""Polygon"",""coordinates"":[[[74.60541149849422,31.69205188754403],[74.66662157814568,31.69205188754403],[74.66662157814568,31.751659633698086],[74.60541149849422,31.751659633698086],[74.60541149849422,31.69205188754403]]]}"
36_13,74.72783165779714,1942.3087083863177,31.751659633698086,31.69205188754403,74.66662157814568,"{""geodesic"":false,""type"":""Polygon"",""coordinates"":[[[74.66662157814568,31.69205188754403],[74.72783165779714,31.69205188754403],[74.72783165779714,31.751659633698086],[74.66662157814568,31.751659633698086],[74.66662157814568,31.69205188754403]]]}"
36_14,74.7890417374486,1941.2935427432726,31.751659633698086,31.69205188754403,74.72783165779714,"{""geodesic"":false,""type"":""Polygon"",""coordinates"":[[[74.72783165779714,31.69205188754403],[74.7890417374486,31.69205188754403],[74.7890417374486,31.751659633698086],[74.72783165779714,31.751659633698086],[74.72783165779714,31.69205188754403]]]}"
36_15,74.85025181710006,1939.5108290009828,31.751659633698086,31.69205188754403,74.7890417374486,"{""geodesic"":false,""type"":""Polygon"",""coordinates"":[[[74.7890417374486,31.69205188754403],[74.85025181710006,31.69205188754403],[74.85025181710006,31.751659633698086],[74.7890417374486,31.751659633698086],[74.7890417374486,31.69205188754403]]]}"
36_16,74.91146189675152,1938.4354386761956,31.751659633698086,31.69205188754403,74.85025181710006,"{""geodesic"":false,""type"":""Polygon"",""coordinates"":[[[74.85025181710006,31.69205188754403],[74.91146189675152,31.69205188754403],[74.91146189675152,31.751659633698086],[74.85025181710006,31.751659633698086],[74.85025181710006,31.69205188754403]]]}"
36_17,74.97267197640298,1936.6260491005748,31.751659633698086,31.69205188754403,74.91146189675152,"{""geodesic"":false,""type"":""Polygon"",""coordinates"":[[[74.91146189675152,31.69205188754403],[74.97267197640298,31.69205188754403],[74.97267197640298,31.751659633698086],[74.91146189675152,31.751659633698086],[74.91146189675152,31.69205188754403]]]}"
36_18,75.03388205605444,1933.7307696690689,31.751659633698086,31.69205188754403,74.97267197640298,"{""geodesic"":false,""type"":""Polygon"",""coordinates"":[[[74.97267197640298,31.69205188754403],[75.03388205605444,31.69205188754403],[75.03388205605444,31.751659633698086],[74.97267197640298,31.751659633698086],[74.97267197640298,31.69205188754403]]]}"
36_19,75.0950921357059,1932.8484214374064,31.751659633698086,31.69205188754403,75.03388205605444,"{""geodesic"":false,""type"":""Polygon"",""coordinates"":[[[75.03388205605444,31.69205188754403],[75.0950921357059,31.69205188754403],[75.0950921357059,31.751659633698086],[75.03388205605444,31.751659633698086],[75.03388205605444,31.69205188754403]]]}"
36_20,75.15630221535736,1932.6725125177825,31.751659633698086,31.69205188754403,75.0950921357059,"{""geodesic"":false,""type"":""Polygon"",""coordinates"":[[[75.0950921357059,31.69205188754403],[75.15630221535736,31.69205188754403],[75.15630221535736,31.751659633698086],[75.0950921357059,31.751659633698086],[75.0950921357059,31.69205188754403]]]}"
36_21,75.21751229500882,1932.624262745487,31.751659633698086,31.69205188754403,75.15630221535736,"{""geodesic"":false,""type"":""Polygon"",""coordinates"":[[[75.15630221535736,31.69205188754403],[75.21751229500882,31.69205188754403],[75.21751229500882,31.751659633698086],[75.15630221535736,31.751659633698086],[75.15630221535736,31.69205188754403]]]}"
36_22,75.27872237466028,1932.5601773462815,31.751659633698086,31.69205188754403,75.21751229500882,"{""geodesic"":false,""type"":""Polygon"",""coordinates"":[[[75.21751229500882,31.69205188754403],[75.27872237466028,31.69205188754403],[75.27872237466028,31.751659633698086],[75.21751229500882,31.751659633698086],[75.21751229500882,31.69205188754403]]]}"
36_23,75.33993245431174,1932.9652189252354,31.751659633698086,31.69205188754403,75.27872237466028,"{""geodesic"":false,""type"":""Polygon"",""coordinates"":[[[75.27872237466028,31.69205188754403],[75.33993245431174,31.69205188754403],[75.33993245431174,31.751659633698086],[75.27872237466028,31.751659633698086],[75.27872237466028,31.69205188754403]]]}"
36_24,75.4011425339632,1934.00900357783,31.751659633698086,31.69205188754403,75.33993245431174,"{""geodesic"":false,""type"":""Polygon"",""coordinates"":[[[75.33993245431174,31.69205188754403],[75.4011425339632,31.69205188754403],[75.4011425339632,31.751659633698086],[75.33993245431174,31.751659633698086],[75.33993245431174,31.69205188754403]]]}"
36_25,75.46235261361466,1932.8801678481673,31.751659633698086,31.69205188754403,75.4011425339632,"{""geodesic"":false,""type"":""Polygon"",""coordinates"":[[[75.4011425339632,31.69205188754403],[75.46235261361466,31.69205188754403],[75.46235261361466,31.751659633698086],[75.4011425339632,31.751659633698086],[75.4011425339632,31.69205188754403]]]}"
36_26,75.52356269326613,1929.3432257260522,31.751659633698086,31.69205188754403,75.46235261361467,"{""geodesic"":false,""type"":""Polygon"",""coordinates"":[[[75.46235261361467,31.69205188754403],[75.52356269326613,31.69205188754403],[75.52356269326613,31.751659633698086],[75.46235261361467,31.751659633698086],[75.46235261361467,31.69205188754403]]]}"
36_27,75.58477277291759,1928.420842576688,31.751659633698086,31.69205188754403,75.52356269326613,"{""geodesic"":false,""type"":""Polygon"",""coordinates"":[[[75.52356269326613,31.69205188754403],[75.58477277291759,31.69205188754403],[75.58477277291759,31.751659633698086],[75.52356269326613,31.751659633698086],[75.52356269326613,31.69205188754403]]]}"
36_28,75.64598285256905,1927.1072627114713,31.751659633698086,31.69205188754403,75.58477277291759,"{""geodesic"":false,""type"":""Polygon"",""coordinates"":[[[75.58477277291759,31.69205188754403],[75.64598285256905,31.69205188754403],[75.64598285256905,31.751659633698086],[75.58477277291759,31.751659633698086],[75.58477277291759,31.69205188754403]]]}"
36_29,75.70719293222051,1927.239878890942,31.751659633698086,31.69205188754403,75.64598285256905,"{""geodesic"":false,""type"":""Polygon"",""coordinates"":[[[75.64598285256905,31.69205188754403],[75.70719293222051,31.69205188754403],[75.70719293222051,31.751659633698086],[75.64598285256905,31.751659633698086],[75.64598285256905,31.69205188754403]]]}"
36_30,75.76840301187197,1924.5098079225493,31.751659633698086,31.69205188754403,75.70719293222051,"{""geodesic"":false,""type"":""Polygon"",""coordinates"":[[[75.70719293222051,31.69205188754403],[75.76840301187197,31.69205188754403],[75.76840301187197,31.751659633698086],[75.70719293222051,31.751659633698086],[75.70719293222051,31.69205188754403]]]}"
36_31,75.82961309152343,1920.9886319277255,31.751659633698086,31.69205188754403,75.76840301187197,"{""geodesic"":false,""type"":""Polygon"",""coordinates"":[[[75.76840301187197,31.69205188754403],[75.82961309152343,31.69205188754403],[75.82961309152343,31.751659633698086],[75.76840301187197,31.751659633698086],[75.76840301187197,31.69205188754403]]]}"
36_32,75.89082317117489,1916.248261695776,31.751659633698086,31.69205188754403,75.82961309152343,"{""geodesic"":false,""type"":""Polygon"",""coordinates"":[[[75.82961309152343,31.69205188754403],[75.89082317117489,31.69205188754403],[75.89082317117489,31.751659633698086],[75.82961309152343,31.751659633698086],[75.82961309152343,31.69205188754403]]]}"
36_33,75.95203325082635,1912.5090121173941,31.751659633698086,31.69205188754403,75.89082317117489,"{""geodesic"":false,""type"":""Polygon"",""coordinates"":[[[75.89082317117489,31.69205188754403],[75.95203325082635,31.69205188754403],[75.95203325082635,31.751659633698086],[75.89082317117489,31.751659633698086],[75.89082317117489,31.69205188754403]]]}"
36_34,76.0132433304778,1912.200722117218,31.751659633698086,31.69205188754403,75.95203325082635,"{""geodesic"":false,""type"":""Polygon"",""coordinates"":[[[75.95203325082635,31.69205188754403],[76.0132433304778,31.69205188754403],[76.0132433304778,31.751659633698086],[75.95203325082635,31.751659633698086],[75.95203325082635,31.69205188754403]]]}"
37_10,74.54420141884276,1945.7600786720132,31.811267379852143,31.751659633698086,74.4829913391913,"{""geodesic"":false,""type"":""Polygon"",""coordinates"":[[[74.4829913391913,31.751659633698086],[74.54420141884276,31.751659633698086],[74.54420141884276,31.811267379852143],[74.4829913391913,31.811267379852143],[74.4829913391913,31.751659633698086]]]}"
37_11,74.60541149849422,1942.53029275214,31.811267379852143,31.751659633698086,74.54420141884276,"{""geodesic"":false,""type"":""Polygon"",""coordinates"":[[[74.54420141884276,31.751659633698086],[74.60541149849422,31.751659633698086],[74.60541149849422,31.811267379852143],[74.54420141884276,31.811267379852143],[74.54420141884276,31.751659633698086]]]}"
37_12,74.66662157814568,1937.6791710992627,31.811267379852143,31.751659633698086,74.60541149849422,"{""geodesic"":false,""type"":""Polygon"",""coordinates"":[[[74.60541149849422,31.751659633698086],[74.66662157814568,31.751659633698086],[74.66662157814568,31.811267379852143],[74.60541149849422,31.811267379852143],[74.60541149849422,31.751659633698086]]]}"
37_13,74.72783165779714,1938.2254491421693,31.811267379852143,31.751659633698086,74.66662157814568,"{""geodesic"":false,""type"":""Polygon"",""coordinates"":[[[74.66662157814568,31.751659633698086],[74.72783165779714,31.751659633698086],[74.72783165779714,31.811267379852143],[74.66662157814568,31.811267379852143],[74.66662157814568,31.751659633698086]]]}"
37_14,74.7890417374486,1938.3864617364088,31.811267379852143,31.751659633698086,74.72783165779714,"{""geodesic"":false,""type"":""Polygon"",""coordinates"":[[[74.72783165779714,31.751659633698086],[74.7890417374486,31.751659633698086],[74.7890417374486,31.811267379852143],[74.72783165779714,31.811267379852143],[74.72783165779714,31.751659633698086]]]}"
37_15,74.85025181710006,1937.9663136755173,31.811267379852143,31.751659633698086,74.7890417374486,"{""geodesic"":false,""type"":""Polygon"",""coordinates"":[[[74.7890417374486,31.751659633698086],[74.85025181710006,31.751659633698086],[74.85025181710006,31.811267379852143],[74.7890417374486,31.811267379852143],[74.7890417374486,31.751659633698086]]]}"
37_16,74.91146189675152,1936.6064630484168,31.811267379852143,31.751659633698086,74.85025181710006,"{""geodesic"":false,""type"":""Polygon"",""coordinates"":[[[74.85025181710006,31.751659633698086],[74.91146189675152,31.751659633698086],[74.91146189675152,31.811267379852143],[74.85025181710006,31.811267379852143],[74.85025181710006,31.751659633698086]]]}"
37_17,74.97267197640298,1935.1945188506693,31.811267379852143,31.751659633698086,74.91146189675152,"{""geodesic"":false,""type"":""Polygon"",""coordinates"":[[[74.91146189675152,31.751659633698086],[74.97267197640298,31.751659633698086],[74.97267197640298,31.811267379852143],[74.91146189675152,31.811267379852143],[74.91146189675152,31.751659633698086]]]}"
37_18,75.03388205605444,1933.966462980419,31.811267379852143,31.751659633698086,74.97267197640298,"{""geodesic"":false,""type"":""Polygon"",""coordinates"":[[[74.97267197640298,31.751659633698086],[75.03388205605444,31.751659633698086],[75.03388205605444,31.811267379852143],[74.97267197640298,31.811267379852143],[74.97267197640298,31.751659633698086]]]}"
37_19,75.0950921357059,1932.477688824807,31.811267379852143,31.751659633698086,75.03388205605444,"{""geodesic"":false,""type"":""Polygon"",""coordinates"":[[[75.03388205605444,31.751659633698086],[75.0950921357059,31.751659633698086],[75.0950921357059,31.811267379852143],[75.03388205605444,31.811267379852143],[75.03388205605444,31.751659633698086]]]}"
37_20,75.15630221535736,1932.6781400068671,31.811267379852143,31.751659633698086,75.0950921357059,"{""geodesic"":false,""type"":""Polygon"",""coordinates"":[[[75.0950921357059,31.751659633698086],[75.15630221535736,31.751659633698086],[75.15630221535736,31.811267379852143],[75.0950921357059,31.811267379852143],[75.0950921357059,31.751659633698086]]]}"
37_21,75.21751229500882,1932.9146847558386,31.811267379852143,31.751659633698086,75.15630221535736,"{""geodesic"":false,""type"":""Polygon"",""coordinates"":[[[75.15630221535736,31.751659633698086],[75.21751229500882,31.751659633698086],[75.21751229500882,31.811267379852143],[75.15630221535736,31.811267379852143],[75.15630221535736,31.751659633698086]]]}"
37_22,75.27872237466028,1932.4986113329303,31.811267379852143,31.751659633698086,75.21751229500882,"{""geodesic"":false,""type"":""Polygon"",""coordinates"":[[[75.21751229500882,31.751659633698086],[75.27872237466028,31.751659633698086],[75.27872237466028,31.811267379852143],[75.21751229500882,31.811267379852143],[75.21751229500882,31.751659633698086]]]}"
37_23,75.33993245431174,1933.4225427125025,31.811267379852143,31.751659633698086,75.27872237466028,"{""geodesic"":false,""type"":""Polygon"",""coordinates"":[[[75.27872237466028,31.751659633698086],[75.33993245431174,31.751659633698086],[75.33993245431174,31.811267379852143],[75.27872237466028,31.811267379852143],[75.27872237466028,31.751659633698086]]]}"
37_24,75.4011425339632,1932.833972588637,31.811267379852143,31.751659633698086,75.33993245431174,"{""geodesic"":false,""type"":""Polygon"",""coordinates"":[[[75.33993245431174,31.751659633698086],[75.4011425339632,31.751659633698086],[75.4011425339632,31.811267379852143],[75.33993245431174,31.811267379852143],[75.33993245431174,31.751659633698086]]]}"
37_25,75.46235261361466,1929.8911904704291,31.811267379852143,31.751659633698086,75.4011425339632,"{""geodesic"":false,""type"":""Polygon"",""coordinates"":[[[75.4011425339632,31.751659633698086],[75.46235261361466,31.751659633698086],[75.46235261361466,31.811267379852143],[75.4011425339632,31.811267379852143],[75.4011425339632,31.751659633698086]]]}"
37_26,75.52356269326613,1926.2020069842667,31.811267379852143,31.751659633698086,75.46235261361467,"{""geodesic"":false,""type"":""Polygon"",""coordinates"":[[[75.46235261361467,31.751659633698086],[75.52356269326613,31.751659633698086],[75.52356269326613,31.811267379852143],[75.46235261361467,31.811267379852143],[75.46235261361467,31.751659633698086]]]}"
37_27,75.58477277291759,1925.0662822217087,31.811267379852143,31.751659633698086,75.52356269326613,"{""geodesic"":false,""type"":""Polygon"",""coordinates"":[[[75.52356269326613,31.751659633698086],[75.58477277291759,31.751659633698086],[75.58477277291759,31.811267379852143],[75.52356269326613,31.811267379852143],[75.52356269326613,31.751659633698086]]]}"
37_28,75.64598285256905,1924.9333057351823,31.811267379852143,31.751659633698086,75.58477277291759,"{""geodesic"":false,""type"":""Polygon"",""coordinates"":[[[75.58477277291759,31.751659633698086],[75.64598285256905,31.751659633698086],[75.64598285256905,31.811267379852143],[75.58477277291759,31.811267379852143],[75.58477277291759,31.751659633698086]]]}"
37_29,75.70719293222051,1925.569880639197,31.811267379852143,31.751659633698086,75.64598285256905,"{""geodesic"":false,""type"":""Polygon"",""coordinates"":[[[75.64598285256905,31.751659633698086],[75.70719293222051,31.751659633698086],[75.70719293222051,31.811267379852143],[75.64598285256905,31.811267379852143],[75.64598285256905,31.751659633698086]]]}"
37_30,75.76840301187197,1923.468122044192,31.811267379852143,31.751659633698086,75.70719293222051,"{""geodesic"":false,""type"":""Polygon"",""coordinates"":[[[75.70719293222051,31.751659633698086],[75.76840301187197,31.751659633698086],[75.76840301187197,31.811267379852143],[75.70719293222051,31.811267379852143],[75.70719293222051,31.751659633698086]]]}"
37_31,75.82961309152343,1919.999367369924,31.811267379852143,31.751659633698086,75.76840301187197,"{""geodesic"":false,""type"":""Polygon"",""coordinates"":[[[75.76840301187197,31.751659633698086],[75.82961309152343,31.751659633698086],[75.82961309152343,31.811267379852143],[75.76840301187197,31.811267379852143],[75.76840301187197,31.751659633698086]]]}"
37_32,75.89082317117489,1913.5493660133045,31.811267379852143,31.751659633698086,75.82961309152343,"{""geodesic"":false,""type"":""Polygon"",""coordinates"":[[[75.82961309152343,31.751659633698086],[75.89082317117489,31.751659633698086],[75.89082317117489,31.811267379852143],[75.82961309152343,31.811267379852143],[75.82961309152343,31.751659633698086]]]}"
37_33,75.95203325082635,1909.8084483105395,31.811267379852143,31.751659633698086,75.89082317117489,"{""geodesic"":false,""type"":""Polygon"",""coordinates"":[[[75.89082317117489,31.751659633698086],[75.95203325082635,31.751659633698086],[75.95203325082635,31.811267379852143],[75.89082317117489,31.811267379852143],[75.89082317117489,31.751659633698086]]]}"
37_34,76.0132433304778,1911.4460006481165,31.811267379852143,31.751659633698086,75.95203325082635,"{""geodesic"":false,""type"":""Polygon"",""coordinates"":[[[75.95203325082635,31.751659633698086],[76.0132433304778,31.751659633698086],[76.0132433304778,31.811267379852143],[75.95203325082635,31.811267379852143],[75.95203325082635,31.751659633698086]]]}"
38_10,74.54420141884276,1945.1703761420763,31.8708751260062,31.811267379852143,74.4829913391913,"{""geodesic"":false,""type"":""Polygon"",""coordinates"":[[[74.4829913391913,31.811267379852143],[74.54420141884276,31.811267379852143],[74.54420141884276,31.8708751260062],[74.4829913391913,31.8708751260062],[74.4829913391913,31.811267379852143]]]}"
38_11,74.60541149849422,1942.388580912439,31.8708751260062,31.811267379852143,74.54420141884276,"{""geodesic"":false,""type"":""Polygon"",""coordinates"":[[[74.54420141884276,31.811267379852143],[74.60541149849422,31.811267379852143],[74.60541149849422,31.8708751260062],[74.54420141884276,31.8708751260062],[74.54420141884276,31.811267379852143]]]}"
38_12,74.66662157814568,1937.4834773341545,31.8708751260062,31.811267379852143,74.60541149849422,"{""geodesic"":false,""type"":""Polygon"",""coordinates"":[[[74.60541149849422,31.811267379852143],[74.66662157814568,31.811267379852143],[74.66662157814568,31.8708751260062],[74.60541149849422,31.8708751260062],[74.60541149849422,31.811267379852143]]]}"
38_13,74.72783165779714,1936.032874462759,31.8708751260062,31.811267379852143,74.66662157814568,"{""geodesic"":false,""type"":""Polygon"",""coordinates"":[[[74.66662157814568,31.811267379852143],[74.72783165779714,31.811267379852143],[74.72783165779714,31.8708751260062],[74.66662157814568,31.8708751260062],[74.66662157814568,31.811267379852143]]]}"
38_14,74.7890417374486,1937.3956929460437,31.8708751260062,31.811267379852143,74.72783165779714,"{""geodesic"":false,""type"":""Polygon"",""coordinates"":[[[74.72783165779714,31.811267379852143],[74.7890417374486,31.811267379852143],[74.7890417374486,31.8708751260062],[74.72783165779714,31.8708751260062],[74.72783165779714,31.811267379852143]]]}"
38_15,74.85025181710006,1936.30112747048,31.8708751260062,31.811267379852143,74.7890417374486,"{""geodesic"":false,""type"":""Polygon"",""coordinates"":[[[74.7890417374486,31.811267379852143],[74.85025181710006,31.811267379852143],[74.85025181710006,31.8708751260062],[74.7890417374486,31.8708751260062],[74.7890417374486,31.811267379852143]]]}"
38_16,74.91146189675152,1934.7572030543818,31.8708751260062,31.811267379852143,74.85025181710006,"{""geodesic"":false,""type"":""Polygon"",""coordinates"":[[[74.85025181710006,31.811267379852143],[74.91146189675152,31.811267379852143],[74.91146189675152,31.8708751260062],[74.85025181710006,31.8708751260062],[74.85025181710006,31.811267379852143]]]}"
38_17,74.97267197640298,1933.4617329505672,31.8708751260062,31.811267379852143,74.91146189675152,"{""geodesic"":false,""type"":""Polygon"",""coordinates"":[[[74.91146189675152,31.811267379852143],[74.97267197640298,31.811267379852143],[74.97267197640298,31.8708751260062],[74.91146189675152,31.8708751260062],[74.91146189675152,31.811267379852143]]]}"
38_18,75.03388205605444,1933.1143613923655,31.8708751260062,31.811267379852143,74.97267197640298,"{""geodesic"":false,""type"":""Polygon"",""coordinates"":[[[74.97267197640298,31.811267379852143],[75.03388205605444,31.811267379852143],[75.03388205605444,31.8708751260062],[74.97267197640298,31.8708751260062],[74.97267197640298,31.811267379852143]]]}"
38_19,75.0950921357059,1931.7334151857763,31.8708751260062,31.811267379852143,75.03388205605444,"{""geodesic"":false,""type"":""Polygon"",""coordinates"":[[[75.03388205605444,31.811267379852143],[75.0950921357059,31.811267379852143],[75.0950921357059,31.8708751260062],[75.03388205605444,31.8708751260062],[75.03388205605444,31.811267379852143]]]}"
38_20,75.15630221535736,1932.3793077634753,31.8708751260062,31.811267379852143,75.0950921357059,"{""geodesic"":false,""type"":""Polygon"",""coordinates"":[[[75.0950921357059,31.811267379852143],[75.15630221535736,31.811267379852143],[75.15630221535736,31.8708751260062],[75.0950921357059,31.8708751260062],[75.0950921357059,31.811267379852143]]]}"
38_21,75.21751229500882,1933.466234369215,31.8708751260062,31.811267379852143,75.15630221535736,"{""geodesic"":false,""type"":""Polygon"",""coordinates"":[[[75.15630221535736,31.811267379852143],[75.21751229500882,31.811267379852143],[75.21751229500882,31.8708751260062],[75.15630221535736,31.8708751260062],[75.15630221535736,31.811267379852143]]]}"
38_22,75.27872237466028,1933.0492258300228,31.8708751260062,31.811267379852143,75.21751229500882,"{""geodesic"":false,""type"":""Polygon"",""coordinates"":[[[75.21751229500882,31.811267379852143],[75.27872237466028,31.811267379852143],[75.27872237466028,31.8708751260062],[75.21751229500882,31.8708751260062],[75.21751229500882,31.811267379852143]]]}"
38_23,75.33993245431174,1932.4968995398458,31.8708751260062,31.811267379852143,75.27872237466028,"{""geodesic"":false,""type"":""Polygon"",""coordinates"":[[[75.27872237466028,31.811267379852143],[75.33993245431174,31.811267379852143],[75.33993245431174,31.8708751260062],[75.27872237466028,31.8708751260062],[75.27872237466028,31.811267379852143]]]}"
38_24,75.4011425339632,1932.3448499996366,31.8708751260062,31.811267379852143,75.33993245431174,"{""geodesic"":false,""type"":""Polygon"",""coordinates"":[[[75.33993245431174,31.811267379852143],[75.4011425339632,31.811267379852143],[75.4011425339632,31.8708751260062],[75.33993245431174,31.8708751260062],[75.33993245431174,31.811267379852143]]]}"
38_25,75.46235261361466,1930.2151916608718,31.8708751260062,31.811267379852143,75.4011425339632,"{""geodesic"":false,""type"":""Polygon"",""coordinates"":[[[75.4011425339632,31.811267379852143],[75.46235261361466,31.811267379852143],[75.46235261361466,31.8708751260062],[75.4011425339632,31.8708751260062],[75.4011425339632,31.811267379852143]]]}"
38_26,75.52356269326613,1925.097027963678,31.8708751260062,31.811267379852143,75.46235261361467,"{""geodesic"":false,""type"":""Polygon"",""coordinates"":[[[75.46235261361467,31.811267379852143],[75.52356269326613,31.811267379852143],[75.52356269326613,31.8708751260062],[75.46235261361467,31.8708751260062],[75.46235261361467,31.811267379852143]]]}"
38_27,75.58477277291759,1923.550271021088,31.8708751260062,31.811267379852143,75.52356269326613,"{""geodesic"":false,""type"":""Polygon"",""coordinates"":[[[75.52356269326613,31.811267379852143],[75.58477277291759,31.811267379852143],[75.58477277291759,31.8708751260062],[75.52356269326613,31.8708751260062],[75.52356269326613,31.811267379852143]]]}"
38_28,75.64598285256905,1923.8545227222291,31.8708751260062,31.811267379852143,75.58477277291759,"{""geodesic"":false,""type"":""Polygon"",""coordinates"":[[[75.58477277291759,31.811267379852143],[75.64598285256905,31.811267379852143],[75.64598285256905,31.8708751260062],[75.58477277291759,31.8708751260062],[75.58477277291759,31.811267379852143]]]}"
38_29,75.70719293222051,1924.406287071791,31.8708751260062,31.811267379852143,75.64598285256905,"{""geodesic"":false,""type"":""Polygon"",""coordinates"":[[[75.64598285256905,31.811267379852143],[75.70719293222051,31.811267379852143],[75.70719293222051,31.8708751260062],[75.64598285256905,31.8708751260062],[75.64598285256905,31.811267379852143]]]}"
38_30,75.76840301187197,1922.9746817931411,31.8708751260062,31.811267379852143,75.70719293222051,"{""geodesic"":false,""type"":""Polygon"",""coordinates"":[[[75.70719293222051,31.811267379852143],[75.76840301187197,31.811267379852143],[75.76840301187197,31.8708751260062],[75.70719293222051,31.8708751260062],[75.70719293222051,31.811267379852143]]]}"
38_31,75.82961309152343,1918.9066446361408,31.8708751260062,31.811267379852143,75.76840301187197,"{""geodesic"":false,""type"":""Polygon"",""coordinates"":[[[75.76840301187197,31.811267379852143],[75.82961309152343,31.811267379852143],[75.82961309152343,31.8708751260062],[75.76840301187197,31.8708751260062],[75.76840301187197,31.811267379852143]]]}"
38_32,75.89082317117489,1911.9969049772724,31.8708751260062,31.811267379852143,75.82961309152343,"{""geodesic"":false,""type"":""Polygon"",""coordinates"":[[[75.82961309152343,31.811267379852143],[75.89082317117489,31.811267379852143],[75.89082317117489,31.8708751260062],[75.82961309152343,31.8708751260062],[75.82961309152343,31.811267379852143]]]}"
38_33,75.95203325082635,1909.6262023021516,31.8708751260062,31.811267379852143,75.89082317117489,"{""geodesic"":false,""type"":""Polygon"",""coordinates"":[[[75.89082317117489,31.811267379852143],[75.95203325082635,31.811267379852143],[75.95203325082635,31.8708751260062],[75.89082317117489,31.8708751260062],[75.89082317117489,31.811267379852143]]]}"
38_34,76.0132433304778,1910.291596686207,31.8708751260062,31.811267379852143,75.95203325082635,"{""geodesic"":false,""type"":""Polygon"",""coordinates"":[[[75.95203325082635,31.811267379852143],[76.0132433304778,31.811267379852143],[76.0132433304778,31.8708751260062],[75.95203325082635,31.8708751260062],[75.95203325082635,31.811267379852143]]]}"
39_12,74.66662157814568,1938.125053441837,31.93048287216026,31.8708751260062,74.60541149849422,"{""geodesic"":false,""type"":""Polygon"",""coordinates"":[[[74.60541149849422,31.8708751260062],[74.66662157814568,31.8708751260062],[74.66662157814568,31.93048287216026],[74.60541149849422,31.93048287216026],[74.60541149849422,31.8708751260062]]]}"
39_13,74.72783165779714,1936.7459941841842,31.93048287216026,31.8708751260062,74.66662157814568,"{""geodesic"":false,""type"":""Polygon"",""coordinates"":[[[74.66662157814568,31.8708751260062],[74.72783165779714,31.8708751260062],[74.72783165779714,31.93048287216026],[74.66662157814568,31.93048287216026],[74.66662157814568,31.8708751260062]]]}"
39_14,74.7890417374486,1934.5639361120907,31.93048287216026,31.8708751260062,74.72783165779714,"{""geodesic"":false,""type"":""Polygon"",""coordinates"":[[[74.72783165779714,31.8708751260062],[74.7890417374486,31.8708751260062],[74.7890417374486,31.93048287216026],[74.72783165779714,31.93048287216026],[74.72783165779714,31.8708751260062]]]}"
39_15,74.85025181710006,1934.2919882000963,31.93048287216026,31.8708751260062,74.7890417374486,"{""geodesic"":false,""type"":""Polygon"",""coordinates"":[[[74.7890417374486,31.8708751260062],[74.85025181710006,31.8708751260062],[74.85025181710006,31.93048287216026],[74.7890417374486,31.93048287216026],[74.7890417374486,31.8708751260062]]]}"
39_16,74.91146189675152,1932.7942709577533,31.93048287216026,31.8708751260062,74.85025181710006,"{""geodesic"":false,""type"":""Polygon"",""coordinates"":[[[74.85025181710006,31.8708751260062],[74.91146189675152,31.8708751260062],[74.91146189675152,31.93048287216026],[74.85025181710006,31.93048287216026],[74.85025181710006,31.8708751260062]]]}"
39_17,74.97267197640298,1931.2703689797638,31.93048287216026,31.8708751260062,74.91146189675152,"{""geodesic"":false,""type"":""Polygon"",""coordinates"":[[[74.91146189675152,31.8708751260062],[74.97267197640298,31.8708751260062],[74.97267197640298,31.93048287216026],[74.91146189675152,31.93048287216026],[74.91146189675152,31.8708751260062]]]}"
39_18,75.03388205605444,1931.9498428518655,31.93048287216026,31.8708751260062,74.97267197640298,"{""geodesic"":false,""type"":""Polygon"",""coordinates"":[[[74.97267197640298,31.8708751260062],[75.03388205605444,31.8708751260062],[75.03388205605444,31.93048287216026],[74.97267197640298,31.93048287216026],[74.97267197640298,31.8708751260062]]]}"
39_19,75.0950921357059,1931.942688522873,31.93048287216026,31.8708751260062,75.03388205605444,"{""geodesic"":false,""type"":""Polygon"",""coordinates"":[[[75.03388205605444,31.8708751260062],[75.0950921357059,31.8708751260062],[75.0950921357059,31.93048287216026],[75.03388205605444,31.93048287216026],[75.03388205605444,31.8708751260062]]]}"
39_20,75.15630221535736,1931.311509272349,31.93048287216026,31.8708751260062,75.0950921357059,"{""geodesic"":false,""type"":""Polygon"",""coordinates"":[[[75.0950921357059,31.8708751260062],[75.15630221535736,31.8708751260062],[75.15630221535736,31.93048287216026],[75.0950921357059,31.93048287216026],[75.0950921357059,31.8708751260062]]]}"
39_21,75.21751229500882,1931.3503023193111,31.93048287216026,31.8708751260062,75.15630221535736,"{""geodesic"":false,""type"":""Polygon"",""coordinates"":[[[75.15630221535736,31.8708751260062],[75.21751229500882,31.8708751260062],[75.21751229500882,31.93048287216026],[75.15630221535736,31.93048287216026],[75.15630221535736,31.8708751260062]]]}"
39_22,75.27872237466028,1931.5050082766888,31.93048287216026,31.8708751260062,75.21751229500882,"{""geodesic"":false,""type"":""Polygon"",""coordinates"":[[[75.21751229500882,31.8708751260062],[75.27872237466028,31.8708751260062],[75.27872237466028,31.93048287216026],[75.21751229500882,31.93048287216026],[75.21751229500882,31.8708751260062]]]}"
39_23,75.33993245431174,1930.891475814085,31.93048287216026,31.8708751260062,75.27872237466028,"{""geodesic"":false,""type"":""Polygon"",""coordinates"":[[[75.27872237466028,31.8708751260062],[75.33993245431174,31.8708751260062],[75.33993245431174,31.93048287216026],[75.27872237466028,31.93048287216026],[75.27872237466028,31.8708751260062]]]}"
39_24,75.4011425339632,1930.7418931653015,31.93048287216026,31.8708751260062,75.33993245431174,"{""geodesic"":false,""type"":""Polygon"",""coordinates"":[[[75.33993245431174,31.8708751260062],[75.4011425339632,31.8708751260062],[75.4011425339632,31.93048287216026],[75.33993245431174,31.93048287216026],[75.33993245431174,31.8708751260062]]]}"
39_25,75.46235261361466,1928.326547775626,31.93048287216026,31.8708751260062,75.4011425339632,"{""geodesic"":false,""type"":""Polygon"",""coordinates"":[[[75.4011425339632,31.8708751260062],[75.46235261361466,31.8708751260062],[75.46235261361466,31.93048287216026],[75.4011425339632,31.93048287216026],[75.4011425339632,31.8708751260062]]]}"
39_26,75.52356269326613,1925.1127934625197,31.93048287216026,31.8708751260062,75.46235261361467,"{""geodesic"":false,""type"":""Polygon"",""coordinates"":[[[75.46235261361467,31.8708751260062],[75.52356269326613,31.8708751260062],[75.52356269326613,31.93048287216026],[75.46235261361467,31.93048287216026],[75.46235261361467,31.8708751260062]]]}"
39_27,75.58477277291759,1924.3112016895616,31.93048287216026,31.8708751260062,75.52356269326613,"{""geodesic"":false,""type"":""Polygon"",""coordinates"":[[[75.52356269326613,31.8708751260062],[75.58477277291759,31.8708751260062],[75.58477277291759,31.93048287216026],[75.52356269326613,31.93048287216026],[75.52356269326613,31.8708751260062]]]}"
39_28,75.64598285256905,1924.2273987310489,31.93048287216026,31.8708751260062,75.58477277291759,"{""geodesic"":false,""type"":""Polygon"",""coordinates"":[[[75.58477277291759,31.8708751260062],[75.64598285256905,31.8708751260062],[75.64598285256905,31.93048287216026],[75.58477277291759,31.93048287216026],[75.58477277291759,31.8708751260062]]]}"
39_29,75.70719293222051,1924.1213320224385,31.93048287216026,31.8708751260062,75.64598285256905,"{""geodesic"":false,""type"":""Polygon"",""coordinates"":[[[75.64598285256905,31.8708751260062],[75.70719293222051,31.8708751260062],[75.70719293222051,31.93048287216026],[75.64598285256905,31.93048287216026],[75.64598285256905,31.8708751260062]]]}"
39_30,75.76840301187197,1922.456560125413,31.93048287216026,31.8708751260062,75.70719293222051,"{""geodesic"":false,""type"":""Polygon"",""coordinates"":[[[75.70719293222051,31.8708751260062],[75.76840301187197,31.8708751260062],[75.76840301187197,31.93048287216026],[75.70719293222051,31.93048287216026],[75.70719293222051,31.8708751260062]]]}"
39_31,75.82961309152343,1918.045747989085,31.93048287216026,31.8708751260062,75.76840301187197,"{""geodesic"":false,""type"":""Polygon"",""coordinates"":[[[75.76840301187197,31.8708751260062],[75.82961309152343,31.8708751260062],[75.82961309152343,31.93048287216026],[75.76840301187197,31.93048287216026],[75.76840301187197,31.8708751260062]]]}"
39_32,75.89082317117489,1912.8801720135518,31.93048287216026,31.8708751260062,75.82961309152343,"{""geodesic"":false,""type"":""Polygon"",""coordinates"":[[[75.82961309152343,31.8708751260062],[75.89082317117489,31.8708751260062],[75.89082317117489,31.93048287216026],[75.82961309152343,31.93048287216026],[75.82961309152343,31.8708751260062]]]}"
39_33,75.95203325082635,1910.9787644370979,31.93048287216026,31.8708751260062,75.89082317117489,"{""geodesic"":false,""type"":""Polygon"",""coordinates"":[[[75.89082317117489,31.8708751260062],[75.95203325082635,31.8708751260062],[75.95203325082635,31.93048287216026],[75.89082317117489,31.93048287216026],[75.89082317117489,31.8708751260062]]]}"
40_13,74.72783165779714,1939.7952064530064,31.99009061831432,31.930482872160262,74.66662157814568,"{""geodesic"":false,""type"":""Polygon"",""coordinates"":[[[74.66662157814568,31.930482872160262],[74.72783165779714,31.930482872160262],[74.72783165779714,31.99009061831432],[74.66662157814568,31.99009061831432],[74.66662157814568,31.930482872160262]]]}"
40_14,74.7890417374486,1937.1444806116567,31.99009061831432,31.930482872160262,74.72783165779714,"{""geodesic"":false,""type"":""Polygon"",""coordinates"":[[[74.72783165779714,31.930482872160262],[74.7890417374486,31.930482872160262],[74.7890417374486,31.99009061831432],[74.72783165779714,31.99009061831432],[74.72783165779714,31.930482872160262]]]}"
40_15,74.85025181710006,1933.61162305384,31.99009061831432,31.930482872160262,74.7890417374486,"{""geodesic"":false,""type"":""Polygon"",""coordinates"":[[[74.7890417374486,31.930482872160262],[74.85025181710006,31.930482872160262],[74.85025181710006,31.99009061831432],[74.7890417374486,31.99009061831432],[74.7890417374486,31.930482872160262]]]}"
40_16,74.91146189675152,1931.9065562426274,31.99009061831432,31.930482872160262,74.85025181710006,"{""geodesic"":false,""type"":""Polygon"",""coordinates"":[[[74.85025181710006,31.930482872160262],[74.91146189675152,31.930482872160262],[74.91146189675152,31.99009061831432],[74.85025181710006,31.99009061831432],[74.85025181710006,31.930482872160262]]]}"
40_17,74.97267197640298,1929.7655915490188,31.99009061831432,31.930482872160262,74.91146189675152,"{""geodesic"":false,""type"":""Polygon"",""coordinates"":[[[74.91146189675152,31.930482872160262],[74.97267197640298,31.930482872160262],[74.97267197640298,31.99009061831432],[74.91146189675152,31.99009061831432],[74.91146189675152,31.930482872160262]]]}"
40_18,75.03388205605444,1930.610551347033,31.99009061831432,31.930482872160262,74.97267197640298,"{""geodesic"":false,""type"":""Polygon"",""coordinates"":[[[74.97267197640298,31.930482872160262],[75.03388205605444,31.930482872160262],[75.03388205605444,31.99009061831432],[74.97267197640298,31.99009061831432],[74.97267197640298,31.930482872160262]]]}"
40_19,75.0950921357059,1931.2277288679159,31.99009061831432,31.930482872160262,75.03388205605444,"{""geodesic"":false,""type"":""Polygon"",""coordinates"":[[[75.03388205605444,31.930482872160262],[75.0950921357059,31.930482872160262],[75.0950921357059,31.99009061831432],[75.03388205605444,31.99009061831432],[75.03388205605444,31.930482872160262]]]}"
40_20,75.15630221535736,1930.2116691606557,31.99009061831432,31.930482872160262,75.0950921357059,"{""geodesic"":false,""type"":""Polygon"",""coordinates"":[[[75.0950921357059,31.930482872160262],[75.15630221535736,31.930482872160262],[75.15630221535736,31.99009061831432],[75.0950921357059,31.99009061831432],[75.0950921357059,31.930482872160262]]]}"
40_21,75.21751229500882,1930.1023181518917,31.99009061831432,31.930482872160262,75.15630221535736,"{""geodesic"":false,""type"":""Polygon"",""coordinates"":[[[75.15630221535736,31.930482872160262],[75.21751229500882,31.930482872160262],[75.21751229500882,31.99009061831432],[75.15630221535736,31.99009061831432],[75.15630221535736,31.930482872160262]]]}"
40_22,75.27872237466028,1930.0770973015565,31.99009061831432,31.930482872160262,75.21751229500882,"{""geodesic"":false,""type"":""Polygon"",""coordinates"":[[[75.21751229500882,31.930482872160262],[75.27872237466028,31.930482872160262],[75.27872237466028,31.99009061831432],[75.21751229500882,31.99009061831432],[75.21751229500882,31.930482872160262]]]}"
40_23,75.33993245431174,1930.580405133871,31.99009061831432,31.930482872160262,75.27872237466028,"{""geodesic"":false,""type"":""Polygon"",""coordinates"":[[[75.27872237466028,31.930482872160262],[75.33993245431174,31.930482872160262],[75.33993245431174,31.99009061831432],[75.27872237466028,31.99009061831432],[75.27872237466028,31.930482872160262]]]}"
40_24,75.4011425339632,1929.3578986093207,31.99009061831432,31.930482872160262,75.33993245431174,"{""geodesic"":false,""type"":""Polygon"",""coordinates"":[[[75.33993245431174,31.930482872160262],[75.4011425339632,31.930482872160262],[75.4011425339632,31.99009061831432],[75.33993245431174,31.99009061831432],[75.33993245431174,31.930482872160262]]]}"
40_25,75.46235261361466,1927.019563337484,31.99009061831432,31.930482872160262,75.4011425339632,"{""geodesic"":false,""type"":""Polygon"",""coordinates"":[[[75.4011425339632,31.930482872160262],[75.46235261361466,31.930482872160262],[75.46235261361466,31.99009061831432],[75.4011425339632,31.99009061831432],[75.4011425339632,31.930482872160262]]]}"
40_26,75.52356269326613,1924.258878601074,31.99009061831432,31.930482872160262,75.46235261361467,"{""geodesic"":false,""type"":""Polygon"",""coordinates"":[[[75.46235261361467,31.930482872160262],[75.52356269326613,31.930482872160262],[75.52356269326613,31.99009061831432],[75.46235261361467,31.99009061831432],[75.46235261361467,31.930482872160262]]]}"
40_27,75.58477277291759,1924.4660982573328,31.99009061831432,31.930482872160262,75.52356269326613,"{""geodesic"":false,""type"":""Polygon"",""coordinates"":[[[75.52356269326613,31.930482872160262],[75.58477277291759,31.930482872160262],[75.58477277291759,31.99009061831432],[75.52356269326613,31.99009061831432],[75.52356269326613,31.930482872160262]]]}"
40_28,75.64598285256905,1925.0991192695355,31.99009061831432,31.930482872160262,75.58477277291759,"{""geodesic"":false,""type"":""Polygon"",""coordinates"":[[[75.58477277291759,31.930482872160262],[75.64598285256905,31.930482872160262],[75.64598285256905,31.99009061831432],[75.58477277291759,31.99009061831432],[75.58477277291759,31.930482872160262]]]}"
40_29,75.70719293222051,1924.321638239023,31.99009061831432,31.930482872160262,75.64598285256905,"{""geodesic"":false,""type"":""Polygon"",""coordinates"":[[[75.64598285256905,31.930482872160262],[75.70719293222051,31.930482872160262],[75.70719293222051,31.99009061831432],[75.64598285256905,31.99009061831432],[75.64598285256905,31.930482872160262]]]}"
40_30,75.76840301187197,1922.717354388428,31.99009061831432,31.930482872160262,75.70719293222051,"{""geodesic"":false,""type"":""Polygon"",""coordinates"":[[[75.70719293222051,31.930482872160262],[75.76840301187197,31.930482872160262],[75.76840301187197,31.99009061831432],[75.70719293222051,31.99009061831432],[75.70719293222051,31.930482872160262]]]}"
40_31,75.82961309152343,1920.71979712873,31.99009061831432,31.930482872160262,75.76840301187197,"{""geodesic"":false,""type"":""Polygon"",""coordinates"":[[[75.76840301187197,31.930482872160262],[75.82961309152343,31.930482872160262],[75.82961309152343,31.99009061831432],[75.76840301187197,31.99009061831432],[75.76840301187197,31.930482872160262]]]}"
40_32,75.89082317117489,1916.739230776389,31.99009061831432,31.930482872160262,75.82961309152343,"{""geodesic"":false,""type"":""Polygon"",""coordinates"":[[[75.82961309152343,31.930482872160262],[75.89082317117489,31.930482872160262],[75.89082317117489,31.99009061831432],[75.82961309152343,31.99009061831432],[75.82961309152343,31.930482872160262]]]}"
40_33,75.95203325082635,1913.1890244256801,31.99009061831432,31.930482872160262,75.89082317117489,"{""geodesic"":false,""type"":""Polygon"",""coordinates"":[[[75.89082317117489,31.930482872160262],[75.95203325082635,31.930482872160262],[75.95203325082635,31.99009061831432],[75.89082317117489,31.99009061831432],[75.89082317117489,31.930482872160262]]]}"
41_15,74.85025181710006,1935.4571567085634,32.04969836446838,31.99009061831432,74.7890417374486,"{""geodesic"":false,""type"":""Polygon"",""coordinates"":[[[74.7890417374486,31.99009061831432],[74.85025181710006,31.99009061831432],[74.85025181710006,32.04969836446838],[74.7890417374486,32.04969836446838],[74.7890417374486,31.99009061831432]]]}"
41_16,74.91146189675152,1932.5529787648666,32.04969836446838,31.99009061831432,74.85025181710006,"{""geodesic"":false,""type"":""Polygon"",""coordinates"":[[[74.85025181710006,31.99009061831432],[74.91146189675152,31.99009061831432],[74.91146189675152,32.04969836446838],[74.85025181710006,32.04969836446838],[74.85025181710006,31.99009061831432]]]}"
41_17,74.97267197640298,1930.2235936759787,32.04969836446838,31.99009061831432,74.91146189675152,"{""geodesic"":false,""type"":""Polygon"",""coordinates"":[[[74.91146189675152,31.99009061831432],[74.97267197640298,31.99009061831432],[74.97267197640298,32.04969836446838],[74.91146189675152,32.04969836446838],[74.91146189675152,31.99009061831432]]]}"
41_18,75.03388205605444,1931.023108209344,32.04969836446838,31.99009061831432,74.97267197640298,"{""geodesic"":false,""type"":""Polygon"",""coordinates"":[[[74.97267197640298,31.99009061831432],[75.03388205605444,31.99009061831432],[75.03388205605444,32.04969836446838],[74.97267197640298,32.04969836446838],[74.97267197640298,31.99009061831432]]]}"
41_19,75.0950921357059,1932.194903004345,32.04969836446838,31.99009061831432,75.03388205605444,"{""geodesic"":false,""type"":""Polygon"",""coordinates"":[[[75.03388205605444,31.99009061831432],[75.0950921357059,31.99009061831432],[75.0950921357059,32.04969836446838],[75.03388205605444,32.04969836446838],[75.03388205605444,31.99009061831432]]]}"
41_20,75.15630221535736,1930.58801474897,32.04969836446838,31.99009061831432,75.0950921357059,"{""geodesic"":false,""type"":""Polygon"",""coordinates"":[[[75.0950921357059,31.99009061831432],[75.15630221535736,31.99009061831432],[75.15630221535736,32.04969836446838],[75.0950921357059,32.04969836446838],[75.0950921357059,31.99009061831432]]]}"
41_21,75.21751229500882,1930.0818643964553,32.04969836446838,31.99009061831432,75.15630221535736,"{""geodesic"":false,""type"":""Polygon"",""coordinates"":[[[75.15630221535736,31.99009061831432],[75.21751229500882,31.99009061831432],[75.21751229500882,32.04969836446838],[75.15630221535736,32.04969836446838],[75.15630221535736,31.99009061831432]]]}"
41_22,75.27872237466028,1929.4695652874334,32.04969836446838,31.99009061831432,75.21751229500882,"{""geodesic"":false,""type"":""Polygon"",""coordinates"":[[[75.21751229500882,31.99009061831432],[75.27872237466028,31.99009061831432],[75.27872237466028,32.04969836446838],[75.21751229500882,32.04969836446838],[75.21751229500882,31.99009061831432]]]}"
41_23,75.33993245431174,1928.9413038613172,32.04969836446838,31.99009061831432,75.27872237466028,"{""geodesic"":false,""type"":""Polygon"",""coordinates"":[[[75.27872237466028,31.99009061831432],[75.33993245431174,31.99009061831432],[75.33993245431174,32.04969836446838],[75.27872237466028,32.04969836446838],[75.27872237466028,31.99009061831432]]]}"
41_24,75.4011425339632,1928.5135340283014,32.04969836446838,31.99009061831432,75.33993245431174,"{""geodesic"":false,""type"":""Polygon"",""coordinates"":[[[75.33993245431174,31.99009061831432],[75.4011425339632,31.99009061831432],[75.4011425339632,32.04969836446838],[75.33993245431174,32.04969836446838],[75.33993245431174,31.99009061831432]]]}"
41_25,75.46235261361466,1926.845102635601,32.04969836446838,31.99009061831432,75.4011425339632,"{""geodesic"":false,""type"":""Polygon"",""coordinates"":[[[75.4011425339632,31.99009061831432],[75.46235261361466,31.99009061831432],[75.46235261361466,32.04969836446838],[75.4011425339632,32.04969836446838],[75.4011425339632,31.99009061831432]]]}"
41_26,75.52356269326613,1924.057780692516,32.04969836446838,31.99009061831432,75.46235261361467,"{""geodesic"":false,""type"":""Polygon"",""coordinates"":[[[75.46235261361467,31.99009061831432],[75.52356269326613,31.99009061831432],[75.52356269326613,32.04969836446838],[75.46235261361467,32.04969836446838],[75.46235261361467,31.99009061831432]]]}"
41_27,75.58477277291759,1922.6323279551539,32.04969836446838,31.99009061831432,75.52356269326613,"{""geodesic"":false,""type"":""Polygon"",""coordinates"":[[[75.52356269326613,31.99009061831432],[75.58477277291759,31.99009061831432],[75.58477277291759,32.04969836446838],[75.52356269326613,32.04969836446838],[75.52356269326613,31.99009061831432]]]}"
41_28,75.64598285256905,1922.5127542940604,32.04969836446838,31.99009061831432,75.58477277291759,"{""geodesic"":false,""type"":""Polygon"",""coordinates"":[[[75.58477277291759,31.99009061831432],[75.64598285256905,31.99009061831432],[75.64598285256905,32.04969836446838],[75.58477277291759,32.04969836446838],[75.58477277291759,31.99009061831432]]]}"
41_29,75.70719293222051,1922.136168709104,32.04969836446838,31.99009061831432,75.64598285256905,"{""geodesic"":false,""type"":""Polygon"",""coordinates"":[[[75.64598285256905,31.99009061831432],[75.70719293222051,31.99009061831432],[75.70719293222051,32.04969836446838],[75.64598285256905,32.04969836446838],[75.64598285256905,31.99009061831432]]]}"
41_30,75.76840301187197,1921.6692968686996,32.04969836446838,31.99009061831432,75.70719293222051,"{""geodesic"":false,""type"":""Polygon"",""coordinates"":[[[75.70719293222051,31.99009061831432],[75.76840301187197,31.99009061831432],[75.76840301187197,32.04969836446838],[75.70719293222051,32.04969836446838],[75.70719293222051,31.99009061831432]]]}"
41_31,75.82961309152343,1919.895409581661,32.04969836446838,31.99009061831432,75.76840301187197,"{""geodesic"":false,""type"":""Polygon"",""coordinates"":[[[75.76840301187197,31.99009061831432],[75.82961309152343,31.99009061831432],[75.82961309152343,32.04969836446838],[75.76840301187197,32.04969836446838],[75.76840301187197,31.99009061831432]]]}"
42_16,74.91146189675152,1932.7816020806142,32.109306110622434,32.04969836446838,74.85025181710006,"{""geodesic"":false,""type"":""Polygon"",""coordinates"":[[[74.85025181710006,32.04969836446838],[74.91146189675152,32.04969836446838],[74.91146189675152,32.109306110622434],[74.85025181710006,32.109306110622434],[74.85025181710006,32.04969836446838]]]}"
42_17,74.97267197640298,1931.486809303364,32.109306110622434,32.04969836446838,74.91146189675152,"{""geodesic"":false,""type"":""Polygon"",""coordinates"":[[[74.91146189675152,32.04969836446838],[74.97267197640298,32.04969836446838],[74.97267197640298,32.109306110622434],[74.91146189675152,32.109306110622434],[74.91146189675152,32.04969836446838]]]}"
42_19,75.0950921357059,1934.8518783954546,32.109306110622434,32.04969836446838,75.03388205605444,"{""geodesic"":false,""type"":""Polygon"",""coordinates"":[[[75.03388205605444,32.04969836446838],[75.0950921357059,32.04969836446838],[75.0950921357059,32.109306110622434],[75.03388205605444,32.109306110622434],[75.03388205605444,32.04969836446838]]]}"
42_20,75.15630221535736,1931.5191390571695,32.109306110622434,32.04969836446838,75.0950921357059,"{""geodesic"":false,""type"":""Polygon"",""coordinates"":[[[75.0950921357059,32.04969836446838],[75.15630221535736,32.04969836446838],[75.15630221535736,32.109306110622434],[75.0950921357059,32.109306110622434],[75.0950921357059,32.04969836446838]]]}"
42_21,75.21751229500882,1930.2430322241962,32.109306110622434,32.04969836446838,75.15630221535736,"{""geodesic"":false,""type"":""Polygon"",""coordinates"":[[[75.15630221535736,32.04969836446838],[75.21751229500882,32.04969836446838],[75.21751229500882,32.109306110622434],[75.15630221535736,32.109306110622434],[75.15630221535736,32.04969836446838]]]}"
42_22,75.27872237466028,1929.0022526584069,32.109306110622434,32.04969836446838,75.21751229500882,"{""geodesic"":false,""type"":""Polygon"",""coordinates"":[[[75.21751229500882,32.04969836446838],[75.27872237466028,32.04969836446838],[75.27872237466028,32.109306110622434],[75.21751229500882,32.109306110622434],[75.21751229500882,32.04969836446838]]]}"
42_23,75.33993245431174,1927.3172401976303,32.109306110622434,32.04969836446838,75.27872237466028,"{""geodesic"":false,""type"":""Polygon"",""coordinates"":[[[75.27872237466028,32.04969836446838],[75.33993245431174,32.04969836446838],[75.33993245431174,32.109306110622434],[75.27872237466028,32.109306110622434],[75.27872237466028,32.04969836446838]]]}"
42_24,75.4011425339632,1926.0557537711409,32.109306110622434,32.04969836446838,75.33993245431174,"{""geodesic"":false,""type"":""Polygon"",""coordinates"":[[[75.33993245431174,32.04969836446838],[75.4011425339632,32.04969836446838],[75.4011425339632,32.109306110622434],[75.33993245431174,32.109306110622434],[75.33993245431174,32.04969836446838]]]}"
42_25,75.46235261361466,1925.3763360037576,32.109306110622434,32.04969836446838,75.4011425339632,"{""geodesic"":false,""type"":""Polygon"",""coordinates"":[[[75.4011425339632,32.04969836446838],[75.46235261361466,32.04969836446838],[75.46235261361466,32.109306110622434],[75.4011425339632,32.109306110622434],[75.4011425339632,32.04969836446838]]]}"
42_26,75.52356269326613,1925.8930492355519,32.109306110622434,32.04969836446838,75.46235261361467,"{""geodesic"":false,""type"":""Polygon"",""coordinates"":[[[75.46235261361467,32.04969836446838],[75.52356269326613,32.04969836446838],[75.52356269326613,32.109306110622434],[75.46235261361467,32.109306110622434],[75.46235261361467,32.04969836446838]]]}"
42_27,75.58477277291759,1924.4646634661187,32.109306110622434,32.04969836446838,75.52356269326613,"{""geodesic"":false,""type"":""Polygon"",""coordinates"":[[[75.52356269326613,32.04969836446838],[75.58477277291759,32.04969836446838],[75.58477277291759,32.109306110622434],[75.52356269326613,32.109306110622434],[75.52356269326613,32.04969836446838]]]}"
42_28,75.64598285256905,1922.9516947962986,32.109306110622434,32.04969836446838,75.58477277291759,"{""geodesic"":false,""type"":""Polygon"",""coordinates"":[[[75.58477277291759,32.04969836446838],[75.64598285256905,32.04969836446838],[75.64598285256905,32.109306110622434],[75.58477277291759,32.109306110622434],[75.58477277291759,32.04969836446838]]]}"
42_29,75.70719293222051,1921.3209244902623,32.109306110622434,32.04969836446838,75.64598285256905,"{""geodesic"":false,""type"":""Polygon"",""coordinates"":[[[75.64598285256905,32.04969836446838],[75.70719293222051,32.04969836446838],[75.70719293222051,32.109306110622434],[75.64598285256905,32.109306110622434],[75.64598285256905,32.04969836446838]]]}"
43_21,75.21751229500882,1931.4212423362783,32.16891385677649,32.109306110622434,75.15630221535736,"{""geodesic"":false,""type"":""Polygon"",""coordinates"":[[[75.15630221535736,32.109306110622434],[75.21751229500882,32.109306110622434],[75.21751229500882,32.16891385677649],[75.15630221535736,32.16891385677649],[75.15630221535736,32.109306110622434]]]}"
43_22,75.27872237466028,1929.2211006494963,32.16891385677649,32.109306110622434,75.21751229500882,"{""geodesic"":false,""type"":""Polygon"",""coordinates"":[[[75.21751229500882,32.109306110622434],[75.27872237466028,32.109306110622434],[75.27872237466028,32.16891385677649],[75.21751229500882,32.16891385677649],[75.21751229500882,32.109306110622434]]]}"
43_23,75.33993245431174,1926.6575790389866,32.16891385677649,32.109306110622434,75.27872237466028,"{""geodesic"":false,""type"":""Polygon"",""coordinates"":[[[75.27872237466028,32.109306110622434],[75.33993245431174,32.109306110622434],[75.33993245431174,32.16891385677649],[75.27872237466028,32.16891385677649],[75.27872237466028,32.109306110622434]]]}"
43_24,75.4011425339632,1924.9859664514322,32.16891385677649,32.109306110622434,75.33993245431174,"{""geodesic"":false,""type"":""Polygon"",""coordinates"":[[[75.33993245431174,32.109306110622434],[75.4011425339632,32.109306110622434],[75.4011425339632,32.16891385677649],[75.33993245431174,32.16891385677649],[75.33993245431174,32.109306110622434]]]}"
43_25,75.46235261361466,1924.5015573049147,32.16891385677649,32.109306110622434,75.4011425339632,"{""geodesic"":false,""type"":""Polygon"",""coordinates"":[[[75.4011425339632,32.109306110622434],[75.46235261361466,32.109306110622434],[75.46235261361466,32.16891385677649],[75.4011425339632,32.16891385677649],[75.4011425339632,32.109306110622434]]]}"
43_26,75.52356269326613,1927.2819505037528,32.16891385677649,32.109306110622434,75.46235261361467,"{""geodesic"":false,""type"":""Polygon"",""coordinates"":[[[75.46235261361467,32.109306110622434],[75.52356269326613,32.109306110622434],[75.52356269326613,32.16891385677649],[75.46235261361467,32.16891385677649],[75.46235261361467,32.109306110622434]]]}"
43_27,75.58477277291759,1926.5348627032156,32.16891385677649,32.109306110622434,75.52356269326613,"{""geodesic"":false,""type"":""Polygon"",""coordinates"":[[[75.52356269326613,32.109306110622434],[75.58477277291759,32.109306110622434],[75.58477277291759,32.16891385677649],[75.52356269326613,32.16891385677649],[75.52356269326613,32.109306110622434]]]}"
43_28,75.64598285256905,1923.564177635679,32.16891385677649,32.109306110622434,75.58477277291759,"{""geodesic"":false,""type"":""Polygon"",""coordinates"":[[[75.58477277291759,32.109306110622434],[75.64598285256905,32.109306110622434],[75.64598285256905,32.16891385677649],[75.58477277291759,32.16891385677649],[75.58477277291759,32.109306110622434]]]}"
43_29,75.70719293222051,1919.8039717654372,32.16891385677649,32.109306110622434,75.64598285256905,"{""geodesic"":false,""type"":""Polygon"",""coordinates"":[[[75.64598285256905,32.109306110622434],[75.70719293222051,32.109306110622434],[75.70719293222051,32.16891385677649],[75.64598285256905,32.16891385677649],[75.64598285256905,32.109306110622434]]]}"
44_23,75.33993245431174,1925.5002207175792,32.22852160293055,32.16891385677649,75.27872237466028,"{""geodesic"":false,""type"":""Polygon"",""coordinates"":[[[75.27872237466028,32.16891385677649],[75.33993245431174,32.16891385677649],[75.33993245431174,32.22852160293055],[75.27872237466028,32.22852160293055],[75.27872237466028,32.16891385677649]]]}"
44_24,75.4011425339632,1924.1814061526134,32.22852160293055,32.16891385677649,75.33993245431174,"{""geodesic"":false,""type"":""Polygon"",""coordinates"":[[[75.33993245431174,32.16891385677649],[75.4011425339632,32.16891385677649],[75.4011425339632,32.22852160293055],[75.33993245431174,32.22852160293055],[75.33993245431174,32.16891385677649]]]}"
44_25,75.46235261361466,1923.4963690062116,32.22852160293055,32.16891385677649,75.4011425339632,"{""geodesic"":false,""type"":""Polygon"",""coordinates"":[[[75.4011425339632,32.16891385677649],[75.46235261361466,32.16891385677649],[75.46235261361466,32.22852160293055],[75.4011425339632,32.22852160293055],[75.4011425339632,32.16891385677649]]]}"
44_26,75.52356269326613,1923.8693615601114,32.22852160293055,32.16891385677649,75.46235261361467,"{""geodesic"":false,""type"":""Polygon"",""coordinates"":[[[75.46235261361467,32.16891385677649],[75.52356269326613,32.16891385677649],[75.52356269326613,32.22852160293055],[75.46235261361467,32.22852160293055],[75.46235261361467,32.16891385677649]]]}"
44_27,75.58477277291759,1923.299072190368,32.22852160293055,32.16891385677649,75.52356269326613,"{""geodesic"":false,""type"":""Polygon"",""coordinates"":[[[75.52356269326613,32.16891385677649],[75.58477277291759,32.16891385677649],[75.58477277291759,32.22852160293055],[75.52356269326613,32.22852160293055],[75.52356269326613,32.16891385677649]]]}"
44_28,75.64598285256905,1920.9347091989616,32.22852160293055,32.16891385677649,75.58477277291759,"{""geodesic"":false,""type"":""Polygon"",""coordinates"":[[[75.58477277291759,32.16891385677649],[75.64598285256905,32.16891385677649],[75.64598285256905,32.22852160293055],[75.58477277291759,32.22852160293055],[75.58477277291759,32.16891385677649]]]}"
44_29,75.70719293222051,1917.844466570657,32.22852160293055,32.16891385677649,75.64598285256905,"{""geodesic"":false,""type"":""Polygon"",""coordinates"":[[[75.64598285256905,32.16891385677649],[75.70719293222051,32.16891385677649],[75.70719293222051,32.22852160293055],[75.64598285256905,32.22852160293055],[75.64598285256905,32.16891385677649]]]}"
45_24,75.4011425339632,1925.2248260366082,32.288129349084606,32.22852160293055,75.33993245431174,"{""geodesic"":false,""type"":""Polygon"",""coordinates"":[[[75.33993245431174,32.22852160293055],[75.4011425339632,32.22852160293055],[75.4011425339632,32.288129349084606],[75.33993245431174,32.288129349084606],[75.33993245431174,32.22852160293055]]]}"
45_25,75.46235261361466,1923.2221184955376,32.288129349084606,32.22852160293055,75.4011425339632,"{""geodesic"":false,""type"":""Polygon"",""coordinates"":[[[75.4011425339632,32.22852160293055],[75.46235261361466,32.22852160293055],[75.46235261361466,32.288129349084606],[75.4011425339632,32.288129349084606],[75.4011425339632,32.22852160293055]]]}"
45_26,75.52356269326613,1920.625634784723,32.288129349084606,32.22852160293055,75.46235261361467,"{""geodesic"":false,""type"":""Polygon"",""coordinates"":[[[75.46235261361467,32.22852160293055],[75.52356269326613,32.22852160293055],[75.52356269326613,32.288129349084606],[75.46235261361467,32.288129349084606],[75.46235261361467,32.22852160293055]]]}"
45_27,75.58477277291759,1920.36781225034,32.288129349084606,32.22852160293055,75.52356269326613,"{""geodesic"":false,""type"":""Polygon"",""coordinates"":[[[75.52356269326613,32.22852160293055],[75.58477277291759,32.22852160293055],[75.58477277291759,32.288129349084606],[75.52356269326613,32.288129349084606],[75.52356269326613,32.22852160293055]]]}"
45_28,75.64598285256905,1919.2546284038735,32.288129349084606,32.22852160293055,75.58477277291759,"{""geodesic"":false,""type"":""Polygon"",""coordinates"":[[[75.58477277291759,32.22852160293055],[75.64598285256905,32.22852160293055],[75.64598285256905,32.288129349084606],[75.58477277291759,32.288129349084606],[75.58477277291759,32.22852160293055]]]}"
45_29,75.70719293222051,1916.2212499098723,32.288129349084606,32.22852160293055,75.64598285256905,"{""geodesic"":false,""type"":""Polygon"",""coordinates"":[[[75.64598285256905,32.22852160293055],[75.70719293222051,32.22852160293055],[75.70719293222051,32.288129349084606],[75.64598285256905,32.288129349084606],[75.64598285256905,32.22852160293055]]]}"
45_30,75.76840301187197,1913.8706611413397,32.288129349084606,32.22852160293055,75.70719293222051,"{""geodesic"":false,""type"":""Polygon"",""coordinates"":[[[75.70719293222051,32.22852160293055],[75.76840301187197,32.22852160293055],[75.76840301187197,32.288129349084606],[75.70719293222051,32.288129349084606],[75.70719293222051,32.22852160293055]]]}"
46_23,75.33993245431174,1926.4256686749318,32.34773709523867,32.28812934908461,75.27872237466028,"{""geodesic"":false,""type"":""Polygon"",""coordinates"":[[[75.27872237466028,32.28812934908461],[75.33993245431174,32.28812934908461],[75.33993245431174,32.34773709523867],[75.27872237466028,32.34773709523867],[75.27872237466028,32.28812934908461]]]}"
46_24,75.4011425339632,1925.5367853488826,32.34773709523867,32.28812934908461,75.33993245431174,"{""geodesic"":false,""type"":""Polygon"",""coordinates"":[[[75.33993245431174,32.28812934908461],[75.4011425339632,32.28812934908461],[75.4011425339632,32.34773709523867],[75.33993245431174,32.34773709523867],[75.33993245431174,32.28812934908461]]]}"
46_25,75.46235261361466,1924.651478905233,32.34773709523867,32.28812934908461,75.4011425339632,"{""geodesic"":false,""type"":""Polygon"",""coordinates"":[[[75.4011425339632,32.28812934908461],[75.46235261361466,32.28812934908461],[75.46235261361466,32.34773709523867],[75.4011425339632,32.34773709523867],[75.4011425339632,32.28812934908461]]]}"
46_26,75.52356269326613,1921.67890125543,32.34773709523867,32.28812934908461,75.46235261361467,"{""geodesic"":false,""type"":""Polygon"",""coordinates"":[[[75.46235261361467,32.28812934908461],[75.52356269326613,32.28812934908461],[75.52356269326613,32.34773709523867],[75.46235261361467,32.34773709523867],[75.46235261361467,32.28812934908461]]]}"
46_27,75.58477277291759,1919.1036760949191,32.34773709523867,32.28812934908461,75.52356269326613,"{""geodesic"":false,""type"":""Polygon"",""coordinates"":[[[75.52356269326613,32.28812934908461],[75.58477277291759,32.28812934908461],[75.58477277291759,32.34773709523867],[75.52356269326613,32.34773709523867],[75.52356269326613,32.28812934908461]]]}"
46_28,75.64598285256905,1918.1929949940725,32.34773709523867,32.28812934908461,75.58477277291759,"{""geodesic"":false,""type"":""Polygon"",""coordinates"":[[[75.58477277291759,32.28812934908461],[75.64598285256905,32.28812934908461],[75.64598285256905,32.34773709523867],[75.58477277291759,32.34773709523867],[75.58477277291759,32.28812934908461]]]}"
46_29,75.70719293222051,1916.5222607229607,32.34773709523867,32.28812934908461,75.64598285256905,"{""geodesic"":false,""type"":""Polygon"",""coordinates"":[[[75.64598285256905,32.28812934908461],[75.70719293222051,32.28812934908461],[75.70719293222051,32.34773709523867],[75.64598285256905,32.34773709523867],[75.64598285256905,32.28812934908461]]]}"
46_30,75.76840301187197,1913.5151634865454,32.34773709523867,32.28812934908461,75.70719293222051,"{""geodesic"":false,""type"":""Polygon"",""coordinates"":[[[75.70719293222051,32.28812934908461],[75.76840301187197,32.28812934908461],[75.76840301187197,32.34773709523867],[75.70719293222051,32.34773709523867],[75.70719293222051,32.28812934908461]]]}"
46_31,75.82961309152343,1907.7106915945287,32.34773709523867,32.28812934908461,75.76840301187197,"{""geodesic"":false,""type"":""Polygon"",""coordinates"":[[[75.76840301187197,32.28812934908461],[75.82961309152343,32.28812934908461],[75.82961309152343,32.34773709523867],[75.76840301187197,32.34773709523867],[75.76840301187197,32.28812934908461]]]}"
47_27,75.58477277291759,1920.1526948552903,32.40734484139273,32.34773709523867,75.52356269326613,"{""geodesic"":false,""type"":""Polygon"",""coordinates"":[[[75.52356269326613,32.34773709523867],[75.58477277291759,32.34773709523867],[75.58477277291759,32.40734484139273],[75.52356269326613,32.40734484139273],[75.52356269326613,32.34773709523867]]]}"
47_28,75.64598285256905,1919.1646934748621,32.40734484139273,32.34773709523867,75.58477277291759,"{""geodesic"":false,""type"":""Polygon"",""coordinates"":[[[75.58477277291759,32.34773709523867],[75.64598285256905,32.34773709523867],[75.64598285256905,32.40734484139273],[75.58477277291759,32.40734484139273],[75.58477277291759,32.34773709523867]]]}"
47_29,75.70719293222051,1915.265235186256,32.40734484139273,32.34773709523867,75.64598285256905,"{""geodesic"":false,""type"":""Polygon"",""coordinates"":[[[75.64598285256905,32.34773709523867],[75.70719293222051,32.34773709523867],[75.70719293222051,32.40734484139273],[75.64598285256905,32.40734484139273],[75.64598285256905,32.34773709523867]]]}"
47_30,75.76840301187197,1906.4990537648903,32.40734484139273,32.34773709523867,75.70719293222051,"{""geodesic"":false,""type"":""Polygon"",""coordinates"":[[[75.70719293222051,32.34773709523867],[75.76840301187197,32.34773709523867],[75.76840301187197,32.40734484139273],[75.70719293222051,32.40734484139273],[75.70719293222051,32.34773709523867]]]}"
47_31,75.82961309152343,1899.7604297049127,32.40734484139273,32.34773709523867,75.76840301187197,"{""geodesic"":false,""type"":""Polygon"",""coordinates"":[[[75.76840301187197,32.34773709523867],[75.82961309152343,32.34773709523867],[75.82961309152343,32.40734484139273],[75.76840301187197,32.40734484139273],[75.76840301187197,32.34773709523867]]]}"
47_32,75.89082317117489,1896.887424131595,32.40734484139273,32.34773709523867,75.82961309152343,"{""geodesic"":false,""type"":""Polygon"",""coordinates"":[[[75.82961309152343,32.34773709523867],[75.89082317117489,32.34773709523867],[75.89082317117489,32.40734484139273],[75.82961309152343,32.40734484139273],[75.82961309152343,32.34773709523867]]]}"
47_33,75.95203325082635,1895.196932775937,32.40734484139273,32.34773709523867,75.89082317117489,"{""geodesic"":false,""type"":""Polygon"",""coordinates"":[[[75.89082317117489,32.34773709523867],[75.95203325082635,32.34773709523867],[75.95203325082635,32.40734484139273],[75.89082317117489,32.40734484139273],[75.89082317117489,32.34773709523867]]]}"
48_29,75.70719293222051,1913.306786995782,32.466952587546785,32.40734484139273,75.64598285256905,"{""geodesic"":false,""type"":""Polygon"",""coordinates"":[[[75.64598285256905,32.40734484139273],[75.70719293222051,32.40734484139273],[75.70719293222051,32.466952587546785],[75.64598285256905,32.466952587546785],[75.64598285256905,32.40734484139273]]]}"
48_30,75.76840301187197,1894.9178878120254,32.466952587546785,32.40734484139273,75.70719293222051,"{""geodesic"":false,""type"":""Polygon"",""coordinates"":[[[75.70719293222051,32.40734484139273],[75.76840301187197,32.40734484139273],[75.76840301187197,32.466952587546785],[75.70719293222051,32.466952587546785],[75.70719293222051,32.40734484139273]]]}"
48_31,75.82961309152343,1890.1240479551195,32.466952587546785,32.40734484139273,75.76840301187197,"{""geodesic"":false,""type"":""Polygon"",""coordinates"":[[[75.76840301187197,32.40734484139273],[75.82961309152343,32.40734484139273],[75.82961309152343,32.466952587546785],[75.76840301187197,32.466952587546785],[75.76840301187197,32.40734484139273]]]}"
48_32,75.89082317117489,1888.4404690351314,32.466952587546785,32.40734484139273,75.82961309152343,"{""geodesic"":false,""type"":""Polygon"",""coordinates"":[[[75.82961309152343,32.40734484139273],[75.89082317117489,32.40734484139273],[75.89082317117489,32.466952587546785],[75.82961309152343,32.466952587546785],[75.82961309152343,32.40734484139273]]]}"
48_33,75.95203325082635,1887.1771179245331,32.466952587546785,32.40734484139273,75.89082317117489,"{""geodesic"":false,""type"":""Polygon"",""coordinates"":[[[75.89082317117489,32.40734484139273],[75.95203325082635,32.40734484139273],[75.95203325082635,32.466952587546785],[75.89082317117489,32.466952587546785],[75.89082317117489,32.40734484139273]]]}"
49_31,75.82961309152343,1881.9735756948623,32.52656033370084,32.466952587546785,75.76840301187197,"{""geodesic"":false,""type"":""Polygon"",""coordinates"":[[[75.76840301187197,32.466952587546785],[75.82961309152343,32.466952587546785],[75.82961309152343,32.52656033370084],[75.76840301187197,32.52656033370084],[75.76840301187197,32.466952587546785]]]}"
49_32,75.89082317117489,1877.456248446415,32.52656033370084,32.466952587546785,75.82961309152343,"{""geodesic"":false,""type"":""Polygon"",""coordinates"":[[[75.82961309152343,32.466952587546785],[75.89082317117489,32.466952587546785],[75.89082317117489,32.52656033370084],[75.82961309152343,32.52656033370084],[75.82961309152343,32.466952587546785]]]}"
49_33,75.95203325082635,1873.6080065125839,32.52656033370084,32.466952587546785,75.89082317117489,"{""geodesic"":false,""type"":""Polygon"",""coordinates"":[[[75.89082317117489,32.466952587546785],[75.95203325082635,32.466952587546785],[75.95203325082635,32.52656033370084],[75.89082317117489,32.52656033370084],[75.89082317117489,32.466952587546785]]]}"
