system:index,east,max,mean,min,north,south,stdDev,west,.geo
0_21,75.21751229500882,1932.3791795816778,1931.9792232895593,1931.8624481149848,29.605780772151988,29.54617302599793,0.21723930003593506,75.15630221535736,"{""geodesic"":false,""type"":""Polygon"",""coordinates"":[[[75.15630221535736,29.54617302599793],[75.21751229500882,29.54617302599793],[75.21751229500882,29.605780772151988],[75.15630221535736,29.605780772151988],[75.15630221535736,29.54617302599793]]]}"
0_22,75.27872237466028,1932.9302558287486,1932.2349761583653,1931.8624481149848,29.605780772151988,29.54617302599793,0.3828022705709557,75.21751229500882,"{""geodesic"":false,""type"":""Polygon"",""coordinates"":[[[75.21751229500882,29.54617302599793],[75.27872237466028,29.54617302599793],[75.27872237466028,29.605780772151988],[75.21751229500882,29.605780772151988],[75.21751229500882,29.54617302599793]]]}"
0_23,75.33993245431174,1932.7311418402662,1932.687275330828,1932.672074065181,29.605780772151988,29.54617302599793,0.02953388979380752,75.27872237466028,"{""geodesic"":false,""type"":""Polygon"",""coordinates"":[[[75.27872237466028,29.54617302599793],[75.33993245431174,29.54617302599793],[75.33993245431174,29.605780772151988],[75.27872237466028,29.605780772151988],[75.27872237466028,29.54617302599793]]]}"
1_21,75.21751229500882,1932.6110307062982,1932.0920902465166,1931.8229958602528,29.665388518306045,29.605780772151988,0.30798851640934105,75.15630221535736,"{""geodesic"":false,""type"":""Polygon"",""coordinates"":[[[75.15630221535736,29.605780772151988],[75.21751229500882,29.605780772151988],[75.21751229500882,29.665388518306045],[75.15630221535736,29.665388518306045],[75.15630221535736,29.605780772151988]]]}"
1_22,75.27872237466028,1933.3489124879854,1932.7278583826794,1931.932462864552,29.665388518306045,29.605780772151988,0.5019354914562514,75.21751229500882,"{""geodesic"":false,""type"":""Polygon"",""coordinates"":[[[75.21751229500882,29.605780772151988],[75.27872237466028,29.605780772151988],[75.27872237466028,29.665388518306045],[75.21751229500882,29.665388518306045],[75.21751229500882,29.605780772151988]]]}"
1_23,75.33993245431174,1932.7311418402662,1931.2857865041983,1930.3848926239098,29.665388518306045,29.605780772151988,1.0136196429883977,75.27872237466028,"{""geodesic"":false,""type"":""Polygon"",""coordinates"":[[[75.27872237466028,29.605780772151988],[75.33993245431174,29.605780772151988],[75.33993245431174,29.665388518306045],[75.27872237466028,29.665388518306045],[75.27872237466028,29.605780772151988]]]}"
1_24,75.4011425339632,1930.8546343534179,1930.8546343534179,1930.8546343534179,29.665388518306045,29.605780772151988,0.0,75.33993245431174,"{""geodesic"":false,""type"":""Polygon"",""coordinates"":[[[75.33993245431174,29.605780772151988],[75.4011425339632,29.605780772151988],[75.4011425339632,29.665388518306045],[75.33993245431174,29.665388518306045],[75.33993245431174,29.605780772151988]]]}"
2_21,75.21751229500882,1932.8060195112641,1932.4398943913845,1931.5649854263825,29.724996264460103,29.665388518306045,0.5199940361793672,75.15630221535736,"{""geodesic"":false,""type"":""Polygon"",""coordinates"":[[[75.15630221535736,29.665388518306045],[75.21751229500882,29.665388518306045],[75.21751229500882,29.724996264460103],[75.15630221535736,29.724996264460103],[75.15630221535736,29.665388518306045]]]}"
2_22,75.27872237466028,1933.3489124879854,1932.9055443806533,1932.6110307062982,29.724996264460103,29.665388518306045,0.28485045219436844,75.21751229500882,"{""geodesic"":false,""type"":""Polygon"",""coordinates"":[[[75.21751229500882,29.665388518306045],[75.27872237466028,29.665388518306045],[75.27872237466028,29.724996264460103],[75.21751229500882,29.724996264460103],[75.21751229500882,29.665388518306045]]]}"
2_23,75.33993245431174,1932.2040543175253,1931.389825666796,1930.3848926239098,29.724996264460103,29.665388518306045,0.6738814591986213,75.27872237466028,"{""geodesic"":false,""type"":""Polygon"",""coordinates"":[[[75.27872237466028,29.665388518306045],[75.33993245431174,29.665388518306045],[75.33993245431174,29.724996264460103],[75.27872237466028,29.724996264460103],[75.27872237466028,29.665388518306045]]]}"
2_24,75.4011425339632,1932.8110023778495,1931.5012619947024,1930.8546343534179,29.724996264460103,29.665388518306045,0.829577436722963,75.33993245431174,"{""geodesic"":false,""type"":""Polygon"",""coordinates"":[[[75.33993245431174,29.665388518306045],[75.4011425339632,29.665388518306045],[75.4011425339632,29.724996264460103],[75.33993245431174,29.724996264460103],[75.33993245431174,29.665388518306045]]]}"
3_20,75.15630221535736,1931.5649854263825,1927.6112994838736,1927.1927392196742,29.784604010614164,29.724996264460106,1.598701966519629,75.0950921357059,"{""geodesic"":false,""type"":""Polygon"",""coordinates"":[[[75.0950921357059,29.724996264460106],[75.15630221535736,29.724996264460106],[75.15630221535736,29.784604010614164],[75.0950921357059,29.784604010614164],[75.0950921357059,29.724996264460106]]]}"
3_21,75.21751229500882,1933.2183936291826,1931.5736304059724,1928.0053973747056,29.784604010614164,29.724996264460106,2.1767675537329527,75.15630221535736,"{""geodesic"":false,""type"":""Polygon"",""coordinates"":[[[75.15630221535736,29.724996264460106],[75.21751229500882,29.724996264460106],[75.21751229500882,29.784604010614164],[75.15630221535736,29.784604010614164],[75.15630221535736,29.724996264460106]]]}"
3_22,75.27872237466028,1933.2183936291826,1932.2042195825472,1928.0053973747056,29.784604010614164,29.724996264460106,1.8629705345280492,75.21751229500882,"{""geodesic"":false,""type"":""Polygon"",""coordinates"":[[[75.21751229500882,29.724996264460106],[75.27872237466028,29.724996264460106],[75.27872237466028,29.784604010614164],[75.21751229500882,29.784604010614164],[75.21751229500882,29.724996264460106]]]}"
3_23,75.33993245431174,1932.729855831466,1931.7329939535882,1931.099998201029,29.784604010614164,29.724996264460106,0.5332408473652567,75.27872237466028,"{""geodesic"":false,""type"":""Polygon"",""coordinates"":[[[75.27872237466028,29.724996264460106],[75.33993245431174,29.724996264460106],[75.33993245431174,29.784604010614164],[75.27872237466028,29.784604010614164],[75.27872237466028,29.724996264460106]]]}"
3_24,75.4011425339632,1932.8110023778495,1931.735643430819,1931.099998201029,29.784604010614164,29.724996264460106,0.6488670090964906,75.33993245431174,"{""geodesic"":false,""type"":""Polygon"",""coordinates"":[[[75.33993245431174,29.724996264460106],[75.4011425339632,29.724996264460106],[75.4011425339632,29.784604010614164],[75.33993245431174,29.784604010614164],[75.33993245431174,29.724996264460106]]]}"
3_25,75.46235261361466,1933.1849664625795,1932.353888626688,1931.3047558201401,29.784604010614164,29.724996264460106,0.6363384045275152,75.4011425339632,"{""geodesic"":false,""type"":""Polygon"",""coordinates"":[[[75.4011425339632,29.724996264460106],[75.46235261361466,29.724996264460106],[75.46235261361466,29.784604010614164],[75.4011425339632,29.784604010614164],[75.4011425339632,29.724996264460106]]]}"
3_26,75.52356269326613,1932.3710122381306,1932.03222193347,1931.3047558201401,29.784604010614164,29.724996264460106,0.4177964269724896,75.46235261361467,"{""geodesic"":false,""type"":""Polygon"",""coordinates"":[[[75.46235261361467,29.724996264460106],[75.52356269326613,29.724996264460106],[75.52356269326613,29.784604010614164],[75.46235261361467,29.784604010614164],[75.46235261361467,29.724996264460106]]]}"
3_27,75.58477277291759,1933.9576824213357,1933.3325599170498,1932.1908263392934,29.784604010614164,29.724996264460106,0.7299121426019551,75.52356269326613,"{""geodesic"":false,""type"":""Polygon"",""coordinates"":[[[75.52356269326613,29.724996264460106],[75.58477277291759,29.724996264460106],[75.58477277291759,29.784604010614164],[75.52356269326613,29.784604010614164],[75.52356269326613,29.724996264460106]]]}"
3_28,75.64598285256905,1934.6662658443408,1934.0233594549918,1932.0357373537129,29.784604010614164,29.724996264460106,1.0184630437789244,75.58477277291759,"{""geodesic"":false,""type"":""Polygon"",""coordinates"":[[[75.58477277291759,29.724996264460106],[75.64598285256905,29.724996264460106],[75.64598285256905,29.784604010614164],[75.58477277291759,29.784604010614164],[75.58477277291759,29.724996264460106]]]}"
3_29,75.70719293222051,1934.251000190687,1933.6046974288322,1932.1492152894657,29.784604010614164,29.724996264460106,0.9346437609718927,75.64598285256905,"{""geodesic"":false,""type"":""Polygon"",""coordinates"":[[[75.64598285256905,29.724996264460106],[75.70719293222051,29.724996264460106],[75.70719293222051,29.784604010614164],[75.64598285256905,29.784604010614164],[75.64598285256905,29.724996264460106]]]}"
3_32,75.89082317117489,1935.8032867663273,1935.1064543645543,1931.8890431233,29.784604010614164,29.724996264460106,1.8513113342669012,75.82961309152343,"{""geodesic"":false,""type"":""Polygon"",""coordinates"":[[[75.82961309152343,29.724996264460106],[75.89082317117489,29.724996264460106],[75.89082317117489,29.784604010614164],[75.82961309152343,29.784604010614164],[75.82961309152343,29.724996264460106]]]}"
3_33,75.95203325082635,1935.8032867663273,1934.9613453757465,1931.8890431233,29.784604010614164,29.724996264460106,1.6321738141289224,75.89082317117489,"{""geodesic"":false,""type"":""Polygon"",""coordinates"":[[[75.89082317117489,29.724996264460106],[75.95203325082635,29.724996264460106],[75.95203325082635,29.784604010614164],[75.89082317117489,29.784604010614164],[75.89082317117489,29.724996264460106]]]}"
3_34,76.0132433304778,1935.059673457368,1933.7076832300813,1932.2885228719451,29.784604010614164,29.724996264460106,1.0950412542946963,75.95203325082635,"{""geodesic"":false,""type"":""Polygon"",""coordinates"":[[[75.95203325082635,29.724996264460106],[76.0132433304778,29.724996264460106],[76.0132433304778,29.784604010614164],[75.95203325082635,29.784604010614164],[75.95203325082635,29.724996264460106]]]}"
3_35,76.07445341012927,1935.4991562030154,1934.441386116526,1932.5396258912554,29.784604010614164,29.724996264460106,1.17770820718292,76.0132433304778,"{""geodesic"":false,""type"":""Polygon"",""coordinates"":[[[76.0132433304778,29.724996264460106],[76.07445341012927,29.724996264460106],[76.07445341012927,29.784604010614164],[76.0132433304778,29.784604010614164],[76.0132433304778,29.724996264460106]]]}"
3_36,76.13566348978073,1935.4991562030154,1934.3053241430887,1933.0999281789673,29.784604010614164,29.724996264460106,0.9795309203639155,76.07445341012927,"{""geodesic"":false,""type"":""Polygon"",""coordinates"":[[[76.07445341012927,29.724996264460106],[76.13566348978073,29.724996264460106],[76.13566348978073,29.784604010614164],[76.07445341012927,29.784604010614164],[76.07445341012927,29.724996264460106]]]}"
4_19,75.0950921357059,1930.3923659395869,1928.7557211269507,1928.6226518775627,29.84421175676822,29.784604010614164,0.8202335331010772,75.03388205605444,"{""geodesic"":false,""type"":""Polygon"",""coordinates"":[[[75.03388205605444,29.784604010614164],[75.0950921357059,29.784604010614164],[75.0950921357059,29.84421175676822],[75.03388205605444,29.84421175676822],[75.03388205605444,29.784604010614164]]]}"
4_20,75.15630221535736,1931.220599045331,1928.102909863153,1927.1927392196742,29.84421175676822,29.784604010614164,1.2177524047336363,75.0950921357059,"{""geodesic"":false,""type"":""Polygon"",""coordinates"":[[[75.0950921357059,29.784604010614164],[75.15630221535736,29.784604010614164],[75.15630221535736,29.84421175676822],[75.0950921357059,29.84421175676822],[75.0950921357059,29.784604010614164]]]}"
4_21,75.21751229500882,1932.2180987790186,1929.7049629776345,1928.0053973747056,29.84421175676822,29.784604010614164,1.7835778326326,75.15630221535736,"{""geodesic"":false,""type"":""Polygon"",""coordinates"":[[[75.15630221535736,29.784604010614164],[75.21751229500882,29.784604010614164],[75.21751229500882,29.84421175676822],[75.15630221535736,29.84421175676822],[75.15630221535736,29.784604010614164]]]}"
4_22,75.27872237466028,1933.9659459252887,1930.8816789033892,1928.0053973747056,29.84421175676822,29.784604010614164,2.235961483068519,75.21751229500882,"{""geodesic"":false,""type"":""Polygon"",""coordinates"":[[[75.21751229500882,29.784604010614164],[75.27872237466028,29.784604010614164],[75.27872237466028,29.84421175676822],[75.21751229500882,29.84421175676822],[75.21751229500882,29.784604010614164]]]}"
4_23,75.33993245431174,1933.2608550002437,1932.3558361652767,1931.8109238288298,29.84421175676822,29.784604010614164,0.5659792042467267,75.27872237466028,"{""geodesic"":false,""type"":""Polygon"",""coordinates"":[[[75.27872237466028,29.784604010614164],[75.33993245431174,29.784604010614164],[75.33993245431174,29.84421175676822],[75.27872237466028,29.84421175676822],[75.27872237466028,29.784604010614164]]]}"
4_24,75.4011425339632,1932.729855831466,1932.447992957705,1932.0776074632429,29.84421175676822,29.784604010614164,0.23289828600115098,75.33993245431174,"{""geodesic"":false,""type"":""Polygon"",""coordinates"":[[[75.33993245431174,29.784604010614164],[75.4011425339632,29.784604010614164],[75.4011425339632,29.84421175676822],[75.33993245431174,29.84421175676822],[75.33993245431174,29.784604010614164]]]}"
4_25,75.46235261361466,1932.8866921841322,1932.5567976026944,1931.3047558201401,29.84421175676822,29.784604010614164,0.5947926520597198,75.4011425339632,"{""geodesic"":false,""type"":""Polygon"",""coordinates"":[[[75.4011425339632,29.784604010614164],[75.46235261361466,29.784604010614164],[75.46235261361466,29.84421175676822],[75.4011425339632,29.84421175676822],[75.4011425339632,29.784604010614164]]]}"
4_26,75.52356269326613,1932.1908263392934,1931.603710542069,1931.3047558201401,29.84421175676822,29.784604010614164,0.4324141681530553,75.46235261361467,"{""geodesic"":false,""type"":""Polygon"",""coordinates"":[[[75.46235261361467,29.784604010614164],[75.52356269326613,29.784604010614164],[75.52356269326613,29.84421175676822],[75.46235261361467,29.84421175676822],[75.46235261361467,29.784604010614164]]]}"
4_27,75.58477277291759,1932.2735694164583,1932.2013762662114,1932.0846279723187,29.84421175676822,29.784604010614164,0.06698283402677217,75.52356269326613,"{""geodesic"":false,""type"":""Polygon"",""coordinates"":[[[75.52356269326613,29.784604010614164],[75.58477277291759,29.784604010614164],[75.58477277291759,29.84421175676822],[75.52356269326613,29.84421175676822],[75.52356269326613,29.784604010614164]]]}"
4_28,75.64598285256905,1932.365730699261,1932.1124954209488,1932.0357373537129,29.84421175676822,29.784604010614164,0.11636372948125173,75.58477277291759,"{""geodesic"":false,""type"":""Polygon"",""coordinates"":[[[75.58477277291759,29.784604010614164],[75.64598285256905,29.784604010614164],[75.64598285256905,29.84421175676822],[75.58477277291759,29.84421175676822],[75.58477277291759,29.784604010614164]]]}"
4_29,75.70719293222051,1932.365730699261,1932.12500047615,1931.3877837794132,29.84421175676822,29.784604010614164,0.36761983126600783,75.64598285256905,"{""geodesic"":false,""type"":""Polygon"",""coordinates"":[[[75.64598285256905,29.784604010614164],[75.70719293222051,29.784604010614164],[75.70719293222051,29.84421175676822],[75.64598285256905,29.84421175676822],[75.64598285256905,29.784604010614164]]]}"
4_30,75.76840301187197,1932.4777553588644,1931.5584898140294,1930.6571722064227,29.84421175676822,29.784604010614164,0.7049052870003724,75.70719293222051,"{""geodesic"":false,""type"":""Polygon"",""coordinates"":[[[75.70719293222051,29.784604010614164],[75.76840301187197,29.784604010614164],[75.76840301187197,29.84421175676822],[75.70719293222051,29.84421175676822],[75.70719293222051,29.784604010614164]]]}"
4_31,75.82961309152343,1933.4727974388768,1931.5095198323634,1930.215840229861,29.84421175676822,29.784604010614164,1.1021668127000617,75.76840301187197,"{""geodesic"":false,""type"":""Polygon"",""coordinates"":[[[75.76840301187197,29.784604010614164],[75.82961309152343,29.784604010614164],[75.82961309152343,29.84421175676822],[75.76840301187197,29.84421175676822],[75.76840301187197,29.784604010614164]]]}"
4_32,75.89082317117489,1933.880257136892,1932.583713628935,1931.8890431233,29.84421175676822,29.784604010614164,0.8433946077925847,75.82961309152343,"{""geodesic"":false,""type"":""Polygon"",""coordinates"":[[[75.82961309152343,29.784604010614164],[75.89082317117489,29.784604010614164],[75.89082317117489,29.84421175676822],[75.82961309152343,29.84421175676822],[75.82961309152343,29.784604010614164]]]}"
4_33,75.95203325082635,1934.5654906263032,1933.0747203350932,1931.8890431233,29.84421175676822,29.784604010614164,1.047151353153361,75.89082317117489,"{""geodesic"":false,""type"":""Polygon"",""coordinates"":[[[75.89082317117489,29.784604010614164],[75.95203325082635,29.784604010614164],[75.95203325082635,29.84421175676822],[75.89082317117489,29.84421175676822],[75.89082317117489,29.784604010614164]]]}"
4_34,76.0132433304778,1934.968159792241,1933.2166255616908,1932.2885228719451,29.84421175676822,29.784604010614164,1.1488376331789785,75.95203325082635,"{""geodesic"":false,""type"":""Polygon"",""coordinates"":[[[75.95203325082635,29.784604010614164],[76.0132433304778,29.784604010614164],[76.0132433304778,29.84421175676822],[75.95203325082635,29.84421175676822],[75.95203325082635,29.784604010614164]]]}"
4_35,76.07445341012927,1934.7387800463716,1933.2215292108272,1932.5396258912554,29.84421175676822,29.784604010614164,0.8111692810885099,76.0132433304778,"{""geodesic"":false,""type"":""Polygon"",""coordinates"":[[[76.0132433304778,29.784604010614164],[76.07445341012927,29.784604010614164],[76.07445341012927,29.84421175676822],[76.0132433304778,29.84421175676822],[76.0132433304778,29.784604010614164]]]}"
4_36,76.13566348978073,1933.558983733992,1932.5821630332457,1931.4430236248493,29.84421175676822,29.784604010614164,0.7267627837378339,76.07445341012927,"{""geodesic"":false,""type"":""Polygon"",""coordinates"":[[[76.07445341012927,29.784604010614164],[76.13566348978073,29.784604010614164],[76.13566348978073,29.84421175676822],[76.07445341012927,29.84421175676822],[76.07445341012927,29.784604010614164]]]}"
4_37,76.19687356943219,1933.651464854028,1932.8513857715811,1932.267050951231,29.84421175676822,29.784604010614164,0.6319497982143037,76.13566348978073,"{""geodesic"":false,""type"":""Polygon"",""coordinates"":[[[76.13566348978073,29.784604010614164],[76.19687356943219,29.784604010614164],[76.19687356943219,29.84421175676822],[76.13566348978073,29.84421175676822],[76.13566348978073,29.784604010614164]]]}"
4_38,76.25808364908364,1936.0662281012021,1934.2898505400624,1933.651464854028,29.84421175676822,29.784604010614164,1.2073816237270547,76.19687356943219,"{""geodesic"":false,""type"":""Polygon"",""coordinates"":[[[76.19687356943219,29.784604010614164],[76.25808364908364,29.784604010614164],[76.25808364908364,29.84421175676822],[76.19687356943219,29.84421175676822],[76.19687356943219,29.784604010614164]]]}"
5_17,74.97267197640298,1933.7724565114042,1932.8214626836411,1932.2748695507423,29.90381950292228,29.84421175676822,0.7033702912564517,74.91146189675152,"{""geodesic"":false,""type"":""Polygon"",""coordinates"":[[[74.91146189675152,29.84421175676822],[74.97267197640298,29.84421175676822],[74.97267197640298,29.90381950292228],[74.91146189675152,29.90381950292228],[74.91146189675152,29.84421175676822]]]}"
5_18,75.03388205605444,1933.7724565114042,1932.9613997029849,1930.3923659395869,29.90381950292228,29.84421175676822,1.2009837239694476,74.97267197640298,"{""geodesic"":false,""type"":""Polygon"",""coordinates"":[[[74.97267197640298,29.84421175676822],[75.03388205605444,29.84421175676822],[75.03388205605444,29.90381950292228],[74.97267197640298,29.90381950292228],[74.97267197640298,29.84421175676822]]]}"
5_19,75.0950921357059,1931.952537529436,1931.0567268664236,1928.6226518775627,29.90381950292228,29.84421175676822,1.2477866509299846,75.03388205605444,"{""geodesic"":false,""type"":""Polygon"",""coordinates"":[[[75.03388205605444,29.84421175676822],[75.0950921357059,29.84421175676822],[75.0950921357059,29.90381950292228],[75.03388205605444,29.90381950292228],[75.03388205605444,29.84421175676822]]]}"
5_20,75.15630221535736,1932.2774280999893,1930.7793773577707,1928.2292605349996,29.90381950292228,29.84421175676822,1.6177850926791595,75.0950921357059,"{""geodesic"":false,""type"":""Polygon"",""coordinates"":[[[75.0950921357059,29.84421175676822],[75.15630221535736,29.84421175676822],[75.15630221535736,29.90381950292228],[75.0950921357059,29.90381950292228],[75.0950921357059,29.84421175676822]]]}"
5_21,75.21751229500882,1932.2774280999893,1931.9965570738477,1931.220599045331,29.90381950292228,29.84421175676822,0.4327264969508596,75.15630221535736,"{""geodesic"":false,""type"":""Polygon"",""coordinates"":[[[75.15630221535736,29.84421175676822],[75.21751229500882,29.84421175676822],[75.21751229500882,29.90381950292228],[75.15630221535736,29.90381950292228],[75.15630221535736,29.84421175676822]]]}"
5_22,75.27872237466028,1933.9659459252887,1932.902360768856,1932.1472323070554,29.90381950292228,29.84421175676822,0.7324242614071433,75.21751229500882,"{""geodesic"":false,""type"":""Polygon"",""coordinates"":[[[75.21751229500882,29.84421175676822],[75.27872237466028,29.84421175676822],[75.27872237466028,29.90381950292228],[75.21751229500882,29.90381950292228],[75.21751229500882,29.84421175676822]]]}"
5_23,75.33993245431174,1933.2608550002437,1932.3059347542187,1930.9165625243688,29.90381950292228,29.84421175676822,0.8299035834080781,75.27872237466028,"{""geodesic"":false,""type"":""Polygon"",""coordinates"":[[[75.27872237466028,29.84421175676822],[75.33993245431174,29.84421175676822],[75.33993245431174,29.90381950292228],[75.27872237466028,29.90381950292228],[75.27872237466028,29.84421175676822]]]}"
5_24,75.4011425339632,1932.4546418964612,1931.8662555267483,1930.9165625243688,29.90381950292228,29.84421175676822,0.5850196129915968,75.33993245431174,"{""geodesic"":false,""type"":""Polygon"",""coordinates"":[[[75.33993245431174,29.84421175676822],[75.4011425339632,29.84421175676822],[75.4011425339632,29.90381950292228],[75.33993245431174,29.90381950292228],[75.33993245431174,29.84421175676822]]]}"
5_25,75.46235261361466,1932.6304755550207,1932.3781409743242,1931.3430345211025,29.90381950292228,29.84421175676822,0.424875552379692,75.4011425339632,"{""geodesic"":false,""type"":""Polygon"",""coordinates"":[[[75.4011425339632,29.84421175676822],[75.46235261361466,29.84421175676822],[75.46235261361466,29.90381950292228],[75.4011425339632,29.90381950292228],[75.4011425339632,29.84421175676822]]]}"
5_26,75.52356269326613,1932.7433375026822,1932.232093831578,1931.3430345211025,29.90381950292228,29.84421175676822,0.5505645960778347,75.46235261361467,"{""geodesic"":false,""type"":""Polygon"",""coordinates"":[[[75.46235261361467,29.84421175676822],[75.52356269326613,29.84421175676822],[75.52356269326613,29.90381950292228],[75.46235261361467,29.90381950292228],[75.46235261361467,29.84421175676822]]]}"
5_27,75.58477277291759,1933.4014273907485,1932.7171466137354,1932.0846279723187,29.90381950292228,29.84421175676822,0.5243992945475952,75.52356269326613,"{""geodesic"":false,""type"":""Polygon"",""coordinates"":[[[75.52356269326613,29.84421175676822],[75.58477277291759,29.84421175676822],[75.58477277291759,29.90381950292228],[75.52356269326613,29.90381950292228],[75.52356269326613,29.84421175676822]]]}"
5_28,75.64598285256905,1934.5830276007162,1933.3150264829803,1932.0846279723187,29.90381950292228,29.84421175676822,0.9175709975322932,75.58477277291759,"{""geodesic"":false,""type"":""Polygon"",""coordinates"":[[[75.58477277291759,29.84421175676822],[75.64598285256905,29.84421175676822],[75.64598285256905,29.90381950292228],[75.58477277291759,29.90381950292228],[75.58477277291759,29.84421175676822]]]}"
5_29,75.70719293222051,1933.2504708839244,1932.4158364974794,1931.3877837794132,29.90381950292228,29.84421175676822,0.6795136480130518,75.64598285256905,"{""geodesic"":false,""type"":""Polygon"",""coordinates"":[[[75.64598285256905,29.84421175676822],[75.70719293222051,29.84421175676822],[75.70719293222051,29.90381950292228],[75.64598285256905,29.90381950292228],[75.64598285256905,29.84421175676822]]]}"
5_30,75.76840301187197,1933.2504708839244,1931.9538337880256,1930.6571722064227,29.90381950292228,29.84421175676822,0.9874942540483711,75.70719293222051,"{""geodesic"":false,""type"":""Polygon"",""coordinates"":[[[75.70719293222051,29.84421175676822],[75.76840301187197,29.84421175676822],[75.76840301187197,29.90381950292228],[75.70719293222051,29.90381950292228],[75.70719293222051,29.84421175676822]]]}"
5_31,75.82961309152343,1934.6215348887097,1931.841239479291,1930.215840229861,29.90381950292228,29.84421175676822,1.5214373502128193,75.76840301187197,"{""geodesic"":false,""type"":""Polygon"",""coordinates"":[[[75.76840301187197,29.84421175676822],[75.82961309152343,29.84421175676822],[75.82961309152343,29.90381950292228],[75.76840301187197,29.90381950292228],[75.76840301187197,29.84421175676822]]]}"
5_32,75.89082317117489,1934.6215348887097,1934.1268228175459,1933.4727974388768,29.90381950292228,29.84421175676822,0.42884715877024077,75.82961309152343,"{""geodesic"":false,""type"":""Polygon"",""coordinates"":[[[75.82961309152343,29.84421175676822],[75.89082317117489,29.84421175676822],[75.89082317117489,29.90381950292228],[75.82961309152343,29.90381950292228],[75.82961309152343,29.84421175676822]]]}"
5_33,75.95203325082635,1934.5654906263032,1934.3989612539128,1933.880257136892,29.90381950292228,29.84421175676822,0.26259905529961763,75.89082317117489,"{""geodesic"":false,""type"":""Polygon"",""coordinates"":[[[75.89082317117489,29.84421175676822],[75.95203325082635,29.84421175676822],[75.95203325082635,29.90381950292228],[75.89082317117489,29.90381950292228],[75.89082317117489,29.84421175676822]]]}"
5_34,76.0132433304778,1935.8175472375735,1934.957063403078,1934.4679746001252,29.90381950292228,29.84421175676822,0.4479934061556709,75.95203325082635,"{""geodesic"":false,""type"":""Polygon"",""coordinates"":[[[75.95203325082635,29.84421175676822],[76.0132433304778,29.84421175676822],[76.0132433304778,29.90381950292228],[75.95203325082635,29.90381950292228],[75.95203325082635,29.84421175676822]]]}"
5_35,76.07445341012927,1935.8175472375735,1934.8912787832605,1933.296289514596,29.90381950292228,29.84421175676822,0.9393602040745824,76.0132433304778,"{""geodesic"":false,""type"":""Polygon"",""coordinates"":[[[76.0132433304778,29.84421175676822],[76.07445341012927,29.84421175676822],[76.07445341012927,29.90381950292228],[76.0132433304778,29.90381950292228],[76.0132433304778,29.84421175676822]]]}"
5_36,76.13566348978073,1935.2800302000783,1932.391330954567,1931.4430236248493,29.90381950292228,29.84421175676822,1.2845716816123118,76.07445341012927,"{""geodesic"":false,""type"":""Polygon"",""coordinates"":[[[76.07445341012927,29.84421175676822],[76.13566348978073,29.84421175676822],[76.13566348978073,29.90381950292228],[76.07445341012927,29.90381950292228],[76.07445341012927,29.84421175676822]]]}"
5_37,76.19687356943219,1933.651464854028,1932.3347855253444,1931.816276335723,29.90381950292228,29.84421175676822,0.6762608341663119,76.13566348978073,"{""geodesic"":false,""type"":""Polygon"",""coordinates"":[[[76.13566348978073,29.84421175676822],[76.19687356943219,29.84421175676822],[76.19687356943219,29.90381950292228],[76.13566348978073,29.90381950292228],[76.13566348978073,29.84421175676822]]]}"
5_38,76.25808364908364,1936.0662281012021,1933.675041311473,1932.5883321685312,29.90381950292228,29.84421175676822,1.5050450216858666,76.19687356943219,"{""geodesic"":false,""type"":""Polygon"",""coordinates"":[[[76.19687356943219,29.84421175676822],[76.25808364908364,29.84421175676822],[76.25808364908364,29.90381950292228],[76.19687356943219,29.90381950292228],[76.19687356943219,29.84421175676822]]]}"
6_4,74.17694094093399,1934.2278979288485,1934.137034555674,1933.9628797570908,29.963427249076336,29.90381950292228,0.1325090848365606,74.11573086128253,"{""geodesic"":false,""type"":""Polygon"",""coordinates"":[[[74.11573086128253,29.90381950292228],[74.17694094093399,29.90381950292228],[74.17694094093399,29.963427249076336],[74.11573086128253,29.963427249076336],[74.11573086128253,29.90381950292228]]]}"
6_5,74.23815102058545,1934.903397967222,1934.1879880540016,1933.9628797570908,29.963427249076336,29.90381950292228,0.3895847225440683,74.17694094093399,"{""geodesic"":false,""type"":""Polygon"",""coordinates"":[[[74.17694094093399,29.90381950292228],[74.23815102058545,29.90381950292228],[74.23815102058545,29.963427249076336],[74.17694094093399,29.963427249076336],[74.17694094093399,29.90381950292228]]]}"
6_6,74.29936110023691,1937.0203194039218,1935.7206369043397,1934.2932736705075,29.963427249076336,29.90381950292228,0.8342403377163798,74.23815102058545,"{""geodesic"":false,""type"":""Polygon"",""coordinates"":[[[74.23815102058545,29.90381950292228],[74.29936110023691,29.90381950292228],[74.29936110023691,29.963427249076336],[74.23815102058545,29.963427249076336],[74.23815102058545,29.90381950292228]]]}"
6_7,74.36057117988837,1937.0458003591384,1936.4020418303983,1934.4903084125735,29.963427249076336,29.90381950292228,1.1126965275510583,74.29936110023691,"{""geodesic"":false,""type"":""Polygon"",""coordinates"":[[[74.29936110023691,29.90381950292228],[74.36057117988837,29.90381950292228],[74.36057117988837,29.963427249076336],[74.29936110023691,29.963427249076336],[74.29936110023691,29.90381950292228]]]}"
6_8,74.42178125953983,1937.0458003591384,1935.7521577870443,1934.2776265986931,29.963427249076336,29.90381950292228,1.0942367700943392,74.36057117988837,"{""geodesic"":false,""type"":""Polygon"",""coordinates"":[[[74.36057117988837,29.90381950292228],[74.42178125953983,29.90381950292228],[74.42178125953983,29.963427249076336],[74.36057117988837,29.963427249076336],[74.36057117988837,29.90381950292228]]]}"
6_9,74.4829913391913,1935.5113290844643,1933.8429176559935,1932.5351692669901,29.963427249076336,29.90381950292228,1.0668862127915275,74.42178125953984,"{""geodesic"":false,""type"":""Polygon"",""coordinates"":[[[74.42178125953984,29.90381950292228],[74.4829913391913,29.90381950292228],[74.4829913391913,29.963427249076336],[74.42178125953984,29.963427249076336],[74.42178125953984,29.90381950292228]]]}"
6_10,74.54420141884276,1933.155137853255,1931.2924915920014,1929.4747013209662,29.963427249076336,29.90381950292228,1.4034930662406693,74.4829913391913,"{""geodesic"":false,""type"":""Polygon"",""coordinates"":[[[74.4829913391913,29.90381950292228],[74.54420141884276,29.90381950292228],[74.54420141884276,29.963427249076336],[74.4829913391913,29.963427249076336],[74.4829913391913,29.90381950292228]]]}"
6_11,74.60541149849422,1931.3323251448137,1928.1954418175424,1927.4458754056789,29.963427249076336,29.90381950292228,1.2452135567863754,74.54420141884276,"{""geodesic"":false,""type"":""Polygon"",""coordinates"":[[[74.54420141884276,29.90381950292228],[74.60541149849422,29.90381950292228],[74.60541149849422,29.963427249076336],[74.54420141884276,29.963427249076336],[74.54420141884276,29.90381950292228]]]}"
6_12,74.66662157814568,1931.165647246,1929.4886585930715,1928.6886142637866,29.963427249076336,29.90381950292228,1.0182109377059387,74.60541149849422,"{""geodesic"":false,""type"":""Polygon"",""coordinates"":[[[74.60541149849422,29.90381950292228],[74.66662157814568,29.90381950292228],[74.66662157814568,29.963427249076336],[74.60541149849422,29.963427249076336],[74.60541149849422,29.90381950292228]]]}"
6_13,74.72783165779714,1934.29006864703,1931.662653524983,1931.0715438509667,29.963427249076336,29.90381950292228,1.495540273741785,74.66662157814568,"{""geodesic"":false,""type"":""Polygon"",""coordinates"":[[[74.66662157814568,29.90381950292228],[74.72783165779714,29.90381950292228],[74.72783165779714,29.963427249076336],[74.66662157814568,29.963427249076336],[74.66662157814568,29.90381950292228]]]}"
6_15,74.85025181710006,1931.4429802158622,1930.8574588933961,1929.7352096920038,29.963427249076336,29.90381950292228,0.8538852620686638,74.7890417374486,"{""geodesic"":false,""type"":""Polygon"",""coordinates"":[[[74.7890417374486,29.90381950292228],[74.85025181710006,29.90381950292228],[74.85025181710006,29.963427249076336],[74.7890417374486,29.963427249076336],[74.7890417374486,29.90381950292228]]]}"
6_16,74.91146189675152,1933.1494425547369,1931.9360329499254,1929.7352096920038,29.963427249076336,29.90381950292228,1.4609128447184452,74.85025181710006,"{""geodesic"":false,""type"":""Polygon"",""coordinates"":[[[74.85025181710006,29.90381950292228],[74.91146189675152,29.90381950292228],[74.91146189675152,29.963427249076336],[74.85025181710006,29.963427249076336],[74.85025181710006,29.90381950292228]]]}"
6_17,74.97267197640298,1934.3088031916652,1933.3162826378536,1930.51417796756,29.963427249076336,29.90381950292228,1.3394707436486117,74.91146189675152,"{""geodesic"":false,""type"":""Polygon"",""coordinates"":[[[74.91146189675152,29.90381950292228],[74.97267197640298,29.90381950292228],[74.97267197640298,29.963427249076336],[74.91146189675152,29.963427249076336],[74.91146189675152,29.90381950292228]]]}"
6_18,75.03388205605444,1934.3088031916652,1932.9982309114284,1929.4605847367536,29.963427249076336,29.90381950292228,1.6789347410854003,74.97267197640298,"{""geodesic"":false,""type"":""Polygon"",""coordinates"":[[[74.97267197640298,29.90381950292228],[75.03388205605444,29.90381950292228],[75.03388205605444,29.963427249076336],[74.97267197640298,29.963427249076336],[74.97267197640298,29.90381950292228]]]}"
6_19,75.0950921357059,1931.952537529436,1931.3553918737996,1929.4605847367536,29.963427249076336,29.90381950292228,0.9526353455101346,75.03388205605444,"{""geodesic"":false,""type"":""Polygon"",""coordinates"":[[[75.03388205605444,29.90381950292228],[75.0950921357059,29.90381950292228],[75.0950921357059,29.963427249076336],[75.03388205605444,29.963427249076336],[75.03388205605444,29.90381950292228]]]}"
6_20,75.15630221535736,1933.1594147475673,1932.0171910670058,1929.7926337909664,29.963427249076336,29.90381950292228,0.9532599227719915,75.0950921357059,"{""geodesic"":false,""type"":""Polygon"",""coordinates"":[[[75.0950921357059,29.90381950292228],[75.15630221535736,29.90381950292228],[75.15630221535736,29.963427249076336],[75.0950921357059,29.963427249076336],[75.0950921357059,29.90381950292228]]]}"
6_21,75.21751229500882,1933.0066331676596,1932.1509479966255,1932.039908040939,29.963427249076336,29.90381950292228,0.3395862800693597,75.15630221535736,"{""geodesic"":false,""type"":""Polygon"",""coordinates"":[[[75.15630221535736,29.90381950292228],[75.21751229500882,29.90381950292228],[75.21751229500882,29.963427249076336],[75.15630221535736,29.963427249076336],[75.15630221535736,29.90381950292228]]]}"
6_22,75.27872237466028,1934.187051145647,1932.3001667880496,1932.1034240025851,29.963427249076336,29.90381950292228,0.7306578003942086,75.21751229500882,"{""geodesic"":false,""type"":""Polygon"",""coordinates"":[[[75.21751229500882,29.90381950292228],[75.27872237466028,29.90381950292228],[75.27872237466028,29.963427249076336],[75.21751229500882,29.963427249076336],[75.21751229500882,29.90381950292228]]]}"
6_23,75.33993245431174,1933.5824999457177,1931.9827823748574,1930.9165625243688,29.963427249076336,29.90381950292228,0.9319109427886533,75.27872237466028,"{""geodesic"":false,""type"":""Polygon"",""coordinates"":[[[75.27872237466028,29.90381950292228],[75.33993245431174,29.90381950292228],[75.33993245431174,29.963427249076336],[75.27872237466028,29.963427249076336],[75.27872237466028,29.90381950292228]]]}"
6_24,75.4011425339632,1934.0376706366758,1932.0327899441302,1930.9165625243688,29.963427249076336,29.90381950292228,1.0459494093042283,75.33993245431174,"{""geodesic"":false,""type"":""Polygon"",""coordinates"":[[[75.33993245431174,29.90381950292228],[75.4011425339632,29.90381950292228],[75.4011425339632,29.963427249076336],[75.33993245431174,29.963427249076336],[75.33993245431174,29.90381950292228]]]}"
6_25,75.46235261361466,1934.0376706366758,1932.1285184405572,1931.6808289796656,29.963427249076336,29.90381950292228,0.6664307569296031,75.4011425339632,"{""geodesic"":false,""type"":""Polygon"",""coordinates"":[[[75.4011425339632,29.90381950292228],[75.46235261361466,29.90381950292228],[75.46235261361466,29.963427249076336],[75.4011425339632,29.963427249076336],[75.4011425339632,29.90381950292228]]]}"
6_26,75.52356269326613,1933.2400146814891,1933.0810987235052,1932.5439738972436,29.963427249076336,29.90381950292228,0.2658857953962169,75.46235261361467,"{""geodesic"":false,""type"":""Polygon"",""coordinates"":[[[75.46235261361467,29.90381950292228],[75.52356269326613,29.90381950292228],[75.52356269326613,29.963427249076336],[75.46235261361467,29.963427249076336],[75.46235261361467,29.90381950292228]]]}"
6_27,75.58477277291759,1934.6911242106444,1933.89466200657,1932.5439738972436,29.963427249076336,29.90381950292228,0.7478208063316287,75.52356269326613,"{""geodesic"":false,""type"":""Polygon"",""coordinates"":[[[75.52356269326613,29.90381950292228],[75.58477277291759,29.90381950292228],[75.58477277291759,29.963427249076336],[75.52356269326613,29.963427249076336],[75.52356269326613,29.90381950292228]]]}"
6_28,75.64598285256905,1934.6911242106444,1933.6988270735346,1931.9130330608164,29.963427249076336,29.90381950292228,0.873855850851537,75.58477277291759,"{""geodesic"":false,""type"":""Polygon"",""coordinates"":[[[75.58477277291759,29.90381950292228],[75.64598285256905,29.90381950292228],[75.64598285256905,29.963427249076336],[75.58477277291759,29.963427249076336],[75.58477277291759,29.90381950292228]]]}"
6_29,75.70719293222051,1933.2504708839244,1932.8118065680997,1931.9130330608164,29.963427249076336,29.90381950292228,0.4865938332756271,75.64598285256905,"{""geodesic"":false,""type"":""Polygon"",""coordinates"":[[[75.64598285256905,29.90381950292228],[75.70719293222051,29.90381950292228],[75.70719293222051,29.963427249076336],[75.64598285256905,29.963427249076336],[75.64598285256905,29.90381950292228]]]}"
6_30,75.76840301187197,1933.2504708839244,1932.9566507451186,1932.041682619586,29.963427249076336,29.90381950292228,0.4154639234904498,75.70719293222051,"{""geodesic"":false,""type"":""Polygon"",""coordinates"":[[[75.70719293222051,29.90381950292228],[75.76840301187197,29.90381950292228],[75.76840301187197,29.963427249076336],[75.70719293222051,29.963427249076336],[75.70719293222051,29.90381950292228]]]}"
6_31,75.82961309152343,1937.0173934368242,1933.7876403065623,1931.9915710649334,29.963427249076336,29.90381950292228,1.6036597169211306,75.76840301187197,"{""geodesic"":false,""type"":""Polygon"",""coordinates"":[[[75.76840301187197,29.90381950292228],[75.82961309152343,29.90381950292228],[75.82961309152343,29.963427249076336],[75.76840301187197,29.963427249076336],[75.76840301187197,29.90381950292228]]]}"
6_32,75.89082317117489,1937.0173934368242,1935.442346535983,1934.2678587602006,29.963427249076336,29.90381950292228,0.9875997765172952,75.82961309152343,"{""geodesic"":false,""type"":""Polygon"",""coordinates"":[[[75.82961309152343,29.90381950292228],[75.89082317117489,29.90381950292228],[75.89082317117489,29.963427249076336],[75.82961309152343,29.963427249076336],[75.82961309152343,29.90381950292228]]]}"
6_33,75.95203325082635,1935.472000459558,1935.151537701816,1934.2678587602006,29.963427249076336,29.90381950292228,0.40589632937531506,75.89082317117489,"{""geodesic"":false,""type"":""Polygon"",""coordinates"":[[[75.89082317117489,29.90381950292228],[75.95203325082635,29.90381950292228],[75.95203325082635,29.963427249076336],[75.89082317117489,29.963427249076336],[75.89082317117489,29.90381950292228]]]}"
6_34,76.0132433304778,1937.9032264934256,1935.895127927636,1934.7102334000933,29.963427249076336,29.90381950292228,1.0295326839688712,75.95203325082635,"{""geodesic"":false,""type"":""Polygon"",""coordinates"":[[[75.95203325082635,29.90381950292228],[76.0132433304778,29.90381950292228],[76.0132433304778,29.963427249076336],[75.95203325082635,29.963427249076336],[75.95203325082635,29.90381950292228]]]}"
6_35,76.07445341012927,1937.9032264934256,1936.785592308462,1935.2800302000783,29.963427249076336,29.90381950292228,0.8608080129063084,76.0132433304778,"{""geodesic"":false,""type"":""Polygon"",""coordinates"":[[[76.0132433304778,29.90381950292228],[76.07445341012927,29.90381950292228],[76.07445341012927,29.963427249076336],[76.0132433304778,29.963427249076336],[76.0132433304778,29.90381950292228]]]}"
6_36,76.13566348978073,1936.3897355846946,1933.9073932907463,1931.816276335723,29.963427249076336,29.90381950292228,1.5410655322076365,76.07445341012927,"{""geodesic"":false,""type"":""Polygon"",""coordinates"":[[[76.07445341012927,29.90381950292228],[76.13566348978073,29.90381950292228],[76.13566348978073,29.963427249076336],[76.07445341012927,29.963427249076336],[76.07445341012927,29.90381950292228]]]}"
6_37,76.19687356943219,1934.3849042955353,1932.529975595642,1931.816276335723,29.963427249076336,29.90381950292228,0.8045441644901022,76.13566348978073,"{""geodesic"":false,""type"":""Polygon"",""coordinates"":[[[76.13566348978073,29.90381950292228],[76.19687356943219,29.90381950292228],[76.19687356943219,29.963427249076336],[76.13566348978073,29.963427249076336],[76.13566348978073,29.90381950292228]]]}"
6_38,76.25808364908364,1936.002281271508,1933.2235486755599,1932.3201248062064,29.963427249076336,29.90381950292228,1.546623557087822,76.19687356943219,"{""geodesic"":false,""type"":""Polygon"",""coordinates"":[[[76.19687356943219,29.90381950292228],[76.25808364908364,29.90381950292228],[76.25808364908364,29.963427249076336],[76.19687356943219,29.963427249076336],[76.19687356943219,29.90381950292228]]]}"
7_0,73.93210062232815,1935.2804760531292,1934.6008482849018,1932.5538936961473,30.023034995230397,29.96342724907634,0.9193734902137836,73.87089054267669,"{""geodesic"":false,""type"":""Polygon"",""coordinates"":[[[73.87089054267669,29.96342724907634],[73.93210062232815,29.96342724907634],[73.93210062232815,30.023034995230397],[73.87089054267669,30.023034995230397],[73.87089054267669,29.96342724907634]]]}"
7_1,73.99331070197961,1937.3280590364557,1935.5664373083703,1934.2646541266352,30.023034995230397,29.96342724907634,1.118197954488791,73.93210062232815,"{""geodesic"":false,""type"":""Polygon"",""coordinates"":[[[73.93210062232815,29.96342724907634],[73.99331070197961,29.96342724907634],[73.99331070197961,30.023034995230397],[73.93210062232815,30.023034995230397],[73.93210062232815,29.96342724907634]]]}"
7_2,74.05452078163107,1937.3280590364557,1935.4347928684442,1931.199773239977,30.023034995230397,29.96342724907634,2.345608593304843,73.99331070197961,"{""geodesic"":false,""type"":""Polygon"",""coordinates"":[[[73.99331070197961,29.96342724907634],[74.05452078163107,29.96342724907634],[74.05452078163107,30.023034995230397],[73.99331070197961,30.023034995230397],[73.99331070197961,29.96342724907634]]]}"
7_3,74.11573086128253,1936.3392765654517,1934.3519143688914,1930.9467232736574,30.023034995230397,29.96342724907634,2.343867885353484,74.05452078163107,"{""geodesic"":false,""type"":""Polygon"",""coordinates"":[[[74.05452078163107,29.96342724907634],[74.11573086128253,29.96342724907634],[74.11573086128253,30.023034995230397],[74.05452078163107,30.023034995230397],[74.05452078163107,29.96342724907634]]]}"
7_4,74.17694094093399,1934.2278979288485,1933.2312418540716,1930.9467232736574,30.023034995230397,29.96342724907634,1.355013101373822,74.11573086128253,"{""geodesic"":false,""type"":""Polygon"",""coordinates"":[[[74.11573086128253,29.96342724907634],[74.17694094093399,29.96342724907634],[74.17694094093399,30.023034995230397],[74.11573086128253,30.023034995230397],[74.11573086128253,29.96342724907634]]]}"
7_5,74.23815102058545,1934.2932736705075,1933.7352472861833,1932.079929499723,30.023034995230397,29.96342724907634,0.8460159232611716,74.17694094093399,"{""geodesic"":false,""type"":""Polygon"",""coordinates"":[[[74.17694094093399,29.96342724907634],[74.23815102058545,29.96342724907634],[74.23815102058545,30.023034995230397],[74.17694094093399,30.023034995230397],[74.17694094093399,29.96342724907634]]]}"
7_6,74.29936110023691,1936.9043614394582,1935.2557322992934,1933.3199973646724,30.023034995230397,29.96342724907634,1.1382422907338192,74.23815102058545,"{""geodesic"":false,""type"":""Polygon"",""coordinates"":[[[74.23815102058545,29.96342724907634],[74.29936110023691,29.96342724907634],[74.29936110023691,30.023034995230397],[74.23815102058545,30.023034995230397],[74.23815102058545,29.96342724907634]]]}"
7_7,74.36057117988837,1936.9043614394582,1935.3975878646102,1934.4903084125735,30.023034995230397,29.96342724907634,0.8719856655245378,74.29936110023691,"{""geodesic"":false,""type"":""Polygon"",""coordinates"":[[[74.29936110023691,29.96342724907634],[74.36057117988837,29.96342724907634],[74.36057117988837,30.023034995230397],[74.29936110023691,30.023034995230397],[74.29936110023691,29.96342724907634]]]}"
7_8,74.42178125953983,1935.52850936884,1934.2122441390545,1933.172036994114,30.023034995230397,29.96342724907634,0.8366948533942175,74.36057117988837,"{""geodesic"":false,""type"":""Polygon"",""coordinates"":[[[74.36057117988837,29.96342724907634],[74.42178125953983,29.96342724907634],[74.42178125953983,30.023034995230397],[74.36057117988837,30.023034995230397],[74.36057117988837,29.96342724907634]]]}"
7_9,74.4829913391913,1934.2776265986931,1932.8022543320035,1932.4233676113754,30.023034995230397,29.96342724907634,0.6180354437021852,74.42178125953984,"{""geodesic"":false,""type"":""Polygon"",""coordinates"":[[[74.42178125953984,29.96342724907634],[74.4829913391913,29.96342724907634],[74.4829913391913,30.023034995230397],[74.42178125953984,30.023034995230397],[74.42178125953984,29.96342724907634]]]}"
7_10,74.54420141884276,1932.5351692669901,1932.089396554332,1931.3323251448137,30.023034995230397,29.96342724907634,0.47575630968634125,74.4829913391913,"{""geodesic"":false,""type"":""Polygon"",""coordinates"":[[[74.4829913391913,29.96342724907634],[74.54420141884276,29.96342724907634],[74.54420141884276,30.023034995230397],[74.4829913391913,30.023034995230397],[74.4829913391913,29.96342724907634]]]}"
7_11,74.60541149849422,1932.268769843282,1930.3880407116296,1929.0003044767118,30.023034995230397,29.96342724907634,1.2480302612560006,74.54420141884276,"{""geodesic"":false,""type"":""Polygon"",""coordinates"":[[[74.54420141884276,29.96342724907634],[74.60541149849422,29.96342724907634],[74.60541149849422,30.023034995230397],[74.54420141884276,30.023034995230397],[74.54420141884276,29.96342724907634]]]}"
7_12,74.66662157814568,1933.1585087899907,1930.768525083758,1929.8599868834758,30.023034995230397,29.96342724907634,1.1752205076729565,74.60541149849422,"{""geodesic"":false,""type"":""Polygon"",""coordinates"":[[[74.60541149849422,29.96342724907634],[74.66662157814568,29.96342724907634],[74.66662157814568,30.023034995230397],[74.60541149849422,30.023034995230397],[74.60541149849422,29.96342724907634]]]}"
7_13,74.72783165779714,1934.29006864703,1933.0789973802448,1931.165647246,30.023034995230397,29.96342724907634,1.2057693458572953,74.66662157814568,"{""geodesic"":false,""type"":""Polygon"",""coordinates"":[[[74.66662157814568,29.96342724907634],[74.72783165779714,29.96342724907634],[74.72783165779714,30.023034995230397],[74.66662157814568,30.023034995230397],[74.66662157814568,29.96342724907634]]]}"
7_14,74.7890417374486,1934.29006864703,1933.496932636409,1930.8527088559606,30.023034995230397,29.96342724907634,1.293348152509824,74.72783165779714,"{""geodesic"":false,""type"":""Polygon"",""coordinates"":[[[74.72783165779714,29.96342724907634],[74.7890417374486,29.96342724907634],[74.7890417374486,30.023034995230397],[74.72783165779714,30.023034995230397],[74.72783165779714,29.96342724907634]]]}"
7_15,74.85025181710006,1931.4429802158622,1930.5128853538351,1929.4641488074947,30.023034995230397,29.96342724907634,0.8074284636307575,74.7890417374486,"{""geodesic"":false,""type"":""Polygon"",""coordinates"":[[[74.7890417374486,29.96342724907634],[74.85025181710006,29.96342724907634],[74.85025181710006,30.023034995230397],[74.7890417374486,30.023034995230397],[74.7890417374486,29.96342724907634]]]}"
7_16,74.91146189675152,1930.51417796756,1930.1057402510455,1929.4641488074947,30.023034995230397,29.96342724907634,0.40395578679212013,74.85025181710006,"{""geodesic"":false,""type"":""Polygon"",""coordinates"":[[[74.85025181710006,29.96342724907634],[74.91146189675152,29.96342724907634],[74.91146189675152,30.023034995230397],[74.85025181710006,30.023034995230397],[74.85025181710006,29.96342724907634]]]}"
7_17,74.97267197640298,1931.9559272920121,1931.213388554769,1930.1836668486685,30.023034995230397,29.96342724907634,0.5732056217781334,74.91146189675152,"{""geodesic"":false,""type"":""Polygon"",""coordinates"":[[[74.91146189675152,29.96342724907634],[74.97267197640298,29.96342724907634],[74.97267197640298,30.023034995230397],[74.91146189675152,30.023034995230397],[74.91146189675152,29.96342724907634]]]}"
7_18,75.03388205605444,1930.6137648602328,1930.0391589326202,1928.7207545987267,30.023034995230397,29.96342724907634,0.7867231486329168,74.97267197640298,"{""geodesic"":false,""type"":""Polygon"",""coordinates"":[[[74.97267197640298,29.96342724907634],[75.03388205605444,29.96342724907634],[75.03388205605444,30.023034995230397],[74.97267197640298,30.023034995230397],[74.97267197640298,29.96342724907634]]]}"
7_19,75.0950921357059,1929.7926337909664,1929.4733090870395,1928.7207545987267,30.023034995230397,29.96342724907634,0.3922866420038722,75.03388205605444,"{""geodesic"":false,""type"":""Polygon"",""coordinates"":[[[75.03388205605444,29.96342724907634],[75.0950921357059,29.96342724907634],[75.0950921357059,30.023034995230397],[75.03388205605444,30.023034995230397],[75.03388205605444,29.96342724907634]]]}"
7_20,75.15630221535736,1933.2717359942264,1932.8870561513916,1929.1910987264423,30.023034995230397,29.96342724907634,1.7183984667907284,75.0950921357059,"{""geodesic"":false,""type"":""Polygon"",""coordinates"":[[[75.0950921357059,29.96342724907634],[75.15630221535736,29.96342724907634],[75.15630221535736,30.023034995230397],[75.0950921357059,30.023034995230397],[75.0950921357059,29.96342724907634]]]}"
7_21,75.21751229500882,1933.4494175908637,1932.988211433408,1932.591096817202,30.023034995230397,29.96342724907634,0.3231256525583706,75.15630221535736,"{""geodesic"":false,""type"":""Polygon"",""coordinates"":[[[75.15630221535736,29.96342724907634],[75.21751229500882,29.96342724907634],[75.21751229500882,30.023034995230397],[75.15630221535736,30.023034995230397],[75.15630221535736,29.96342724907634]]]}"
7_22,75.27872237466028,1934.187051145647,1933.746578977824,1932.591096817202,30.023034995230397,29.96342724907634,0.5908696441704988,75.21751229500882,"{""geodesic"":false,""type"":""Polygon"",""coordinates"":[[[75.21751229500882,29.96342724907634],[75.27872237466028,29.96342724907634],[75.27872237466028,30.023034995230397],[75.21751229500882,30.023034995230397],[75.21751229500882,29.96342724907634]]]}"
7_23,75.33993245431174,1933.784493473359,1933.4424148494093,1933.1956198108944,30.023034995230397,29.96342724907634,0.24997621568402467,75.27872237466028,"{""geodesic"":false,""type"":""Polygon"",""coordinates"":[[[75.27872237466028,29.96342724907634],[75.33993245431174,29.96342724907634],[75.33993245431174,30.023034995230397],[75.27872237466028,30.023034995230397],[75.27872237466028,29.96342724907634]]]}"
7_24,75.4011425339632,1934.338573101833,1933.7841120092376,1933.1956198108944,30.023034995230397,29.96342724907634,0.4201048402510296,75.33993245431174,"{""geodesic"":false,""type"":""Polygon"",""coordinates"":[[[75.33993245431174,29.96342724907634],[75.4011425339632,29.96342724907634],[75.4011425339632,30.023034995230397],[75.33993245431174,30.023034995230397],[75.33993245431174,29.96342724907634]]]}"
7_25,75.46235261361466,1934.4907256310275,1933.7874601166516,1933.0023845539704,30.023034995230397,29.96342724907634,0.5345733965374877,75.4011425339632,"{""geodesic"":false,""type"":""Polygon"",""coordinates"":[[[75.4011425339632,29.96342724907634],[75.46235261361466,29.96342724907634],[75.46235261361466,30.023034995230397],[75.4011425339632,30.023034995230397],[75.4011425339632,29.96342724907634]]]}"
7_26,75.52356269326613,1933.9694530232075,1933.113525710376,1932.5439738972436,30.023034995230397,29.96342724907634,0.5353464468183068,75.46235261361467,"{""geodesic"":false,""type"":""Polygon"",""coordinates"":[[[75.46235261361467,29.96342724907634],[75.52356269326613,29.96342724907634],[75.52356269326613,30.023034995230397],[75.46235261361467,30.023034995230397],[75.46235261361467,29.96342724907634]]]}"
7_27,75.58477277291759,1934.2400864061055,1933.6927356985207,1932.5439738972436,30.023034995230397,29.96342724907634,0.684753924260053,75.52356269326613,"{""geodesic"":false,""type"":""Polygon"",""coordinates"":[[[75.52356269326613,29.96342724907634],[75.58477277291759,29.96342724907634],[75.58477277291759,30.023034995230397],[75.52356269326613,30.023034995230397],[75.52356269326613,29.96342724907634]]]}"
7_28,75.64598285256905,1934.2400864061055,1933.095296659802,1931.7286675388543,30.023034995230397,29.96342724907634,0.9719186115292587,75.58477277291759,"{""geodesic"":false,""type"":""Polygon"",""coordinates"":[[[75.58477277291759,29.96342724907634],[75.64598285256905,29.96342724907634],[75.64598285256905,30.023034995230397],[75.58477277291759,30.023034995230397],[75.58477277291759,29.96342724907634]]]}"
7_29,75.70719293222051,1932.5797537213243,1931.9966936198664,1931.7286675388543,30.023034995230397,29.96342724907634,0.3169093356326009,75.64598285256905,"{""geodesic"":false,""type"":""Polygon"",""coordinates"":[[[75.64598285256905,29.96342724907634],[75.70719293222051,29.96342724907634],[75.70719293222051,30.023034995230397],[75.64598285256905,30.023034995230397],[75.64598285256905,29.96342724907634]]]}"
7_30,75.76840301187197,1932.830738462096,1932.3998828429314,1931.7960386228012,30.023034995230397,29.96342724907634,0.4123315613335769,75.70719293222051,"{""geodesic"":false,""type"":""Polygon"",""coordinates"":[[[75.70719293222051,29.96342724907634],[75.76840301187197,29.96342724907634],[75.76840301187197,30.023034995230397],[75.70719293222051,30.023034995230397],[75.70719293222051,29.96342724907634]]]}"
7_31,75.82961309152343,1937.0173934368242,1934.2531035979932,1931.7960386228012,30.023034995230397,29.96342724907634,1.6738277060286755,75.76840301187197,"{""geodesic"":false,""type"":""Polygon"",""coordinates"":[[[75.76840301187197,29.96342724907634],[75.82961309152343,29.96342724907634],[75.82961309152343,30.023034995230397],[75.76840301187197,30.023034995230397],[75.76840301187197,29.96342724907634]]]}"
7_32,75.89082317117489,1937.0173934368242,1935.3050348661404,1933.6688055310133,30.023034995230397,29.96342724907634,1.2548686895058154,75.82961309152343,"{""geodesic"":false,""type"":""Polygon"",""coordinates"":[[[75.82961309152343,29.96342724907634],[75.89082317117489,29.96342724907634],[75.89082317117489,30.023034995230397],[75.82961309152343,30.023034995230397],[75.82961309152343,29.96342724907634]]]}"
7_33,75.95203325082635,1934.9127889291117,1934.7002901886556,1933.6688055310133,30.023034995230397,29.96342724907634,0.48679662069290464,75.89082317117489,"{""geodesic"":false,""type"":""Polygon"",""coordinates"":[[[75.89082317117489,29.96342724907634],[75.95203325082635,29.96342724907634],[75.95203325082635,30.023034995230397],[75.89082317117489,30.023034995230397],[75.89082317117489,29.96342724907634]]]}"
7_34,76.0132433304778,1936.895314324524,1935.7249863018171,1934.7995301230762,30.023034995230397,29.96342724907634,0.7634616482770157,75.95203325082635,"{""geodesic"":false,""type"":""Polygon"",""coordinates"":[[[75.95203325082635,29.96342724907634],[76.0132433304778,29.96342724907634],[76.0132433304778,30.023034995230397],[75.95203325082635,30.023034995230397],[75.95203325082635,29.96342724907634]]]}"
7_35,76.07445341012927,1936.895314324524,1936.037691799896,1934.9278985607045,30.023034995230397,29.96342724907634,0.6996939798323819,76.0132433304778,"{""geodesic"":false,""type"":""Polygon"",""coordinates"":[[[76.0132433304778,29.96342724907634],[76.07445341012927,29.96342724907634],[76.07445341012927,30.023034995230397],[76.0132433304778,30.023034995230397],[76.0132433304778,29.96342724907634]]]}"
7_36,76.13566348978073,1935.7966527981957,1934.2530069770758,1933.3326105009535,30.023034995230397,29.96342724907634,0.8022944121805786,76.07445341012927,"{""geodesic"":false,""type"":""Polygon"",""coordinates"":[[[76.07445341012927,29.96342724907634],[76.13566348978073,29.96342724907634],[76.13566348978073,30.023034995230397],[76.07445341012927,30.023034995230397],[76.07445341012927,29.96342724907634]]]}"
7_37,76.19687356943219,1934.3849042955353,1933.3762569805094,1931.0384375300257,30.023034995230397,29.96342724907634,1.2303443340570963,76.13566348978073,"{""geodesic"":false,""type"":""Polygon"",""coordinates"":[[[76.13566348978073,29.96342724907634],[76.19687356943219,29.96342724907634],[76.19687356943219,30.023034995230397],[76.13566348978073,30.023034995230397],[76.13566348978073,29.96342724907634]]]}"
7_38,76.25808364908364,1932.404160953238,1931.90530389446,1931.0384375300257,30.023034995230397,29.96342724907634,0.6828617113676281,76.19687356943219,"{""geodesic"":false,""type"":""Polygon"",""coordinates"":[[[76.19687356943219,29.96342724907634],[76.25808364908364,29.96342724907634],[76.25808364908364,30.023034995230397],[76.19687356943219,30.023034995230397],[76.19687356943219,29.96342724907634]]]}"
8_0,73.93210062232815,1935.2804760531292,1934.3807338203526,1932.5538936961473,30.082642741384454,30.023034995230397,0.9839896950420808,73.87089054267669,"{""geodesic"":false,""type"":""Polygon"",""coordinates"":[[[73.87089054267669,30.023034995230397],[73.93210062232815,30.023034995230397],[73.93210062232815,30.082642741384454],[73.87089054267669,30.082642741384454],[73.87089054267669,30.023034995230397]]]}"
8_1,73.99331070197961,1935.2804760531292,1934.5317336367457,1934.1288988742508,30.082642741384454,30.023034995230397,0.4712012630874537,73.93210062232815,"{""geodesic"":false,""type"":""Polygon"",""coordinates"":[[[73.93210062232815,30.023034995230397],[73.99331070197961,30.023034995230397],[73.99331070197961,30.082642741384454],[73.93210062232815,30.082642741384454],[73.93210062232815,30.023034995230397]]]}"
8_2,74.05452078163107,1934.2646541266352,1932.0194087257523,1929.455141093335,30.082642741384454,30.023034995230397,2.0311768456729125,73.99331070197961,"{""geodesic"":false,""type"":""Polygon"",""coordinates"":[[[73.99331070197961,30.023034995230397],[74.05452078163107,30.023034995230397],[74.05452078163107,30.082642741384454],[73.99331070197961,30.082642741384454],[73.99331070197961,30.023034995230397]]]}"
8_3,74.11573086128253,1931.199773239977,1929.6716757380213,1928.2889443778295,30.082642741384454,30.023034995230397,1.072238529479074,74.05452078163107,"{""geodesic"":false,""type"":""Polygon"",""coordinates"":[[[74.05452078163107,30.023034995230397],[74.11573086128253,30.023034995230397],[74.11573086128253,30.082642741384454],[74.05452078163107,30.082642741384454],[74.05452078163107,30.023034995230397]]]}"
8_4,74.17694094093399,1932.2334789435681,1930.837178811468,1929.539983211612,30.082642741384454,30.023034995230397,1.079601718892487,74.11573086128253,"{""geodesic"":false,""type"":""Polygon"",""coordinates"":[[[74.11573086128253,30.023034995230397],[74.17694094093399,30.023034995230397],[74.17694094093399,30.082642741384454],[74.11573086128253,30.082642741384454],[74.11573086128253,30.023034995230397]]]}"
8_5,74.23815102058545,1934.1482185395666,1933.1575651846472,1932.079929499723,30.082642741384454,30.023034995230397,0.8430549213944375,74.17694094093399,"{""geodesic"":false,""type"":""Polygon"",""coordinates"":[[[74.17694094093399,30.023034995230397],[74.23815102058545,30.023034995230397],[74.23815102058545,30.082642741384454],[74.17694094093399,30.082642741384454],[74.17694094093399,30.023034995230397]]]}"
8_6,74.29936110023691,1936.9043614394582,1935.586613511634,1933.3199973646724,30.082642741384454,30.023034995230397,1.2244388894124718,74.23815102058545,"{""geodesic"":false,""type"":""Polygon"",""coordinates"":[[[74.23815102058545,30.023034995230397],[74.29936110023691,30.023034995230397],[74.29936110023691,30.082642741384454],[74.23815102058545,30.082642741384454],[74.23815102058545,30.023034995230397]]]}"
8_7,74.36057117988837,1936.9043614394582,1936.019031939069,1935.2270852011636,30.082642741384454,30.023034995230397,0.6426901226938946,74.29936110023691,"{""geodesic"":false,""type"":""Polygon"",""coordinates"":[[[74.29936110023691,30.023034995230397],[74.36057117988837,30.023034995230397],[74.36057117988837,30.082642741384454],[74.29936110023691,30.082642741384454],[74.29936110023691,30.023034995230397]]]}"
8_8,74.42178125953983,1935.52850936884,1933.8604537918468,1933.1263449389066,30.082642741384454,30.023034995230397,1.1195041613619119,74.36057117988837,"{""geodesic"":false,""type"":""Polygon"",""coordinates"":[[[74.36057117988837,30.023034995230397],[74.42178125953983,30.023034995230397],[74.42178125953983,30.082642741384454],[74.36057117988837,30.082642741384454],[74.36057117988837,30.023034995230397]]]}"
8_9,74.4829913391913,1933.428543434928,1932.9958564264105,1932.4233676113754,30.082642741384454,30.023034995230397,0.3210139338208273,74.42178125953984,"{""geodesic"":false,""type"":""Polygon"",""coordinates"":[[[74.42178125953984,30.023034995230397],[74.4829913391913,30.023034995230397],[74.4829913391913,30.082642741384454],[74.42178125953984,30.082642741384454],[74.42178125953984,30.023034995230397]]]}"
8_10,74.54420141884276,1933.428543434928,1932.7580742069438,1932.268769843282,30.082642741384454,30.023034995230397,0.445785867957602,74.4829913391913,"{""geodesic"":false,""type"":""Polygon"",""coordinates"":[[[74.4829913391913,30.023034995230397],[74.54420141884276,30.023034995230397],[74.54420141884276,30.082642741384454],[74.4829913391913,30.082642741384454],[74.4829913391913,30.023034995230397]]]}"
8_11,74.60541149849422,1933.1308480854536,1932.5773418139086,1931.4822129518734,30.082642741384454,30.023034995230397,0.524710241251487,74.54420141884276,"{""geodesic"":false,""type"":""Polygon"",""coordinates"":[[[74.54420141884276,30.023034995230397],[74.60541149849422,30.023034995230397],[74.60541149849422,30.082642741384454],[74.54420141884276,30.082642741384454],[74.54420141884276,30.023034995230397]]]}"
8_12,74.66662157814568,1933.1585087899907,1932.3274143031829,1931.4822129518734,30.082642741384454,30.023034995230397,0.6740421027979105,74.60541149849422,"{""geodesic"":false,""type"":""Polygon"",""coordinates"":[[[74.60541149849422,30.023034995230397],[74.66662157814568,30.023034995230397],[74.66662157814568,30.082642741384454],[74.60541149849422,30.082642741384454],[74.60541149849422,30.023034995230397]]]}"
8_13,74.72783165779714,1933.911199370731,1933.4638873170954,1933.0938625630324,30.082642741384454,30.023034995230397,0.34002175067937834,74.66662157814568,"{""geodesic"":false,""type"":""Polygon"",""coordinates"":[[[74.66662157814568,30.023034995230397],[74.72783165779714,30.023034995230397],[74.72783165779714,30.082642741384454],[74.66662157814568,30.082642741384454],[74.66662157814568,30.023034995230397]]]}"
8_14,74.7890417374486,1933.911199370731,1933.2811004600503,1930.8527088559606,30.082642741384454,30.023034995230397,1.1484608155865907,74.72783165779714,"{""geodesic"":false,""type"":""Polygon"",""coordinates"":[[[74.72783165779714,30.023034995230397],[74.7890417374486,30.023034995230397],[74.7890417374486,30.082642741384454],[74.72783165779714,30.082642741384454],[74.72783165779714,30.023034995230397]]]}"
8_15,74.85025181710006,1931.5343717059375,1930.82715580981,1929.4641488074947,30.082642741384454,30.023034995230397,0.7516694035258015,74.7890417374486,"{""geodesic"":false,""type"":""Polygon"",""coordinates"":[[[74.7890417374486,30.023034995230397],[74.85025181710006,30.023034995230397],[74.85025181710006,30.082642741384454],[74.7890417374486,30.082642741384454],[74.7890417374486,30.023034995230397]]]}"
8_16,74.91146189675152,1931.0786541576904,1930.4189099593661,1929.4641488074947,30.082642741384454,30.023034995230397,0.5762502176558224,74.85025181710006,"{""geodesic"":false,""type"":""Polygon"",""coordinates"":[[[74.85025181710006,30.023034995230397],[74.91146189675152,30.023034995230397],[74.91146189675152,30.082642741384454],[74.85025181710006,30.082642741384454],[74.85025181710006,30.023034995230397]]]}"
8_17,74.97267197640298,1931.0786541576904,1930.417555949196,1929.279669348482,30.082642741384454,30.023034995230397,0.5429856522991604,74.91146189675152,"{""geodesic"":false,""type"":""Polygon"",""coordinates"":[[[74.91146189675152,30.023034995230397],[74.97267197640298,30.023034995230397],[74.97267197640298,30.082642741384454],[74.91146189675152,30.082642741384454],[74.91146189675152,30.023034995230397]]]}"
8_18,75.03388205605444,1930.5332569781626,1929.5113754862634,1928.7207545987267,30.082642741384454,30.023034995230397,0.6628555461518353,74.97267197640298,"{""geodesic"":false,""type"":""Polygon"",""coordinates"":[[[74.97267197640298,30.023034995230397],[75.03388205605444,30.023034995230397],[75.03388205605444,30.082642741384454],[74.97267197640298,30.082642741384454],[74.97267197640298,30.023034995230397]]]}"
8_19,75.0950921357059,1929.846807585625,1929.3940359014846,1928.7207545987267,30.082642741384454,30.023034995230397,0.40036469933846547,75.03388205605444,"{""geodesic"":false,""type"":""Polygon"",""coordinates"":[[[75.03388205605444,30.023034995230397],[75.0950921357059,30.023034995230397],[75.0950921357059,30.082642741384454],[75.03388205605444,30.082642741384454],[75.03388205605444,30.023034995230397]]]}"
8_20,75.15630221535736,1934.4022743955622,1933.068732875123,1929.1910987264423,30.082642741384454,30.023034995230397,1.930300219071259,75.0950921357059,"{""geodesic"":false,""type"":""Polygon"",""coordinates"":[[[75.0950921357059,30.023034995230397],[75.15630221535736,30.023034995230397],[75.15630221535736,30.082642741384454],[75.0950921357059,30.082642741384454],[75.0950921357059,30.023034995230397]]]}"
8_21,75.21751229500882,1934.4022743955622,1933.8208087437831,1933.2717359942264,30.082642741384454,30.023034995230397,0.43830277879643187,75.15630221535736,"{""geodesic"":false,""type"":""Polygon"",""coordinates"":[[[75.15630221535736,30.023034995230397],[75.21751229500882,30.023034995230397],[75.21751229500882,30.082642741384454],[75.15630221535736,30.082642741384454],[75.15630221535736,30.023034995230397]]]}"
8_22,75.27872237466028,1933.9052237081798,1933.526849701163,1933.198077770524,30.082642741384454,30.023034995230397,0.28336049262284707,75.21751229500882,"{""geodesic"":false,""type"":""Polygon"",""coordinates"":[[[75.21751229500882,30.023034995230397],[75.27872237466028,30.023034995230397],[75.27872237466028,30.082642741384454],[75.21751229500882,30.082642741384454],[75.21751229500882,30.023034995230397]]]}"
8_23,75.33993245431174,1933.784493473359,1933.086425236003,1932.669456215354,30.082642741384454,30.023034995230397,0.40742123019495674,75.27872237466028,"{""geodesic"":false,""type"":""Polygon"",""coordinates"":[[[75.27872237466028,30.023034995230397],[75.33993245431174,30.023034995230397],[75.33993245431174,30.082642741384454],[75.27872237466028,30.082642741384454],[75.27872237466028,30.023034995230397]]]}"
8_24,75.4011425339632,1934.338573101833,1933.8443578369631,1933.4596603994094,30.082642741384454,30.023034995230397,0.31427293332709266,75.33993245431174,"{""geodesic"":false,""type"":""Polygon"",""coordinates"":[[[75.33993245431174,30.023034995230397],[75.4011425339632,30.023034995230397],[75.4011425339632,30.082642741384454],[75.33993245431174,30.082642741384454],[75.33993245431174,30.023034995230397]]]}"
8_25,75.46235261361466,1934.4907256310275,1933.8523926239804,1933.16089198308,30.082642741384454,30.023034995230397,0.49344995099626404,75.4011425339632,"{""geodesic"":false,""type"":""Polygon"",""coordinates"":[[[75.4011425339632,30.023034995230397],[75.46235261361466,30.023034995230397],[75.46235261361466,30.082642741384454],[75.4011425339632,30.082642741384454],[75.4011425339632,30.023034995230397]]]}"
8_26,75.52356269326613,1934.4526130923257,1933.6174663776214,1933.16089198308,30.082642741384454,30.023034995230397,0.48546800041816135,75.46235261361467,"{""geodesic"":false,""type"":""Polygon"",""coordinates"":[[[75.46235261361467,30.023034995230397],[75.52356269326613,30.023034995230397],[75.52356269326613,30.082642741384454],[75.46235261361467,30.082642741384454],[75.46235261361467,30.023034995230397]]]}"
8_27,75.58477277291759,1934.4526130923257,1934.1742505156876,1933.9694530232075,30.082642741384454,30.023034995230397,0.18805482479299795,75.52356269326613,"{""geodesic"":false,""type"":""Polygon"",""coordinates"":[[[75.52356269326613,30.023034995230397],[75.58477277291759,30.023034995230397],[75.58477277291759,30.082642741384454],[75.52356269326613,30.082642741384454],[75.52356269326613,30.023034995230397]]]}"
8_28,75.64598285256905,1934.2400864061055,1932.8360555414947,1931.7286675388543,30.082642741384454,30.023034995230397,0.9297431613918161,75.58477277291759,"{""geodesic"":false,""type"":""Polygon"",""coordinates"":[[[75.58477277291759,30.023034995230397],[75.64598285256905,30.023034995230397],[75.64598285256905,30.082642741384454],[75.58477277291759,30.082642741384454],[75.58477277291759,30.023034995230397]]]}"
8_29,75.70719293222051,1932.5797537213243,1931.9578832992186,1931.5686526733039,30.082642741384454,30.023034995230397,0.38788143910117606,75.64598285256905,"{""geodesic"":false,""type"":""Polygon"",""coordinates"":[[[75.64598285256905,30.023034995230397],[75.70719293222051,30.023034995230397],[75.70719293222051,30.082642741384454],[75.64598285256905,30.082642741384454],[75.64598285256905,30.023034995230397]]]}"
8_30,75.76840301187197,1932.5797537213243,1931.5624806816622,1930.9917755598076,30.082642741384454,30.023034995230397,0.5695140467604366,75.70719293222051,"{""geodesic"":false,""type"":""Polygon"",""coordinates"":[[[75.70719293222051,30.023034995230397],[75.76840301187197,30.023034995230397],[75.76840301187197,30.082642741384454],[75.70719293222051,30.082642741384454],[75.70719293222051,30.023034995230397]]]}"
8_31,75.82961309152343,1934.515684929674,1932.3167033210173,1930.9917755598076,30.082642741384454,30.023034995230397,1.1539123928106294,75.76840301187197,"{""geodesic"":false,""type"":""Polygon"",""coordinates"":[[[75.76840301187197,30.023034995230397],[75.82961309152343,30.023034995230397],[75.82961309152343,30.082642741384454],[75.76840301187197,30.082642741384454],[75.76840301187197,30.023034995230397]]]}"
8_32,75.89082317117489,1934.515684929674,1933.1839258037114,1931.6689849185707,30.082642741384454,30.023034995230397,1.035260575813405,75.82961309152343,"{""geodesic"":false,""type"":""Polygon"",""coordinates"":[[[75.82961309152343,30.023034995230397],[75.89082317117489,30.023034995230397],[75.89082317117489,30.082642741384454],[75.82961309152343,30.082642741384454],[75.82961309152343,30.023034995230397]]]}"
8_33,75.95203325082635,1935.1636423901189,1934.6023958052756,1933.4194574072458,30.082642741384454,30.023034995230397,0.7354679430349764,75.89082317117489,"{""geodesic"":false,""type"":""Polygon"",""coordinates"":[[[75.89082317117489,30.023034995230397],[75.95203325082635,30.023034995230397],[75.95203325082635,30.082642741384454],[75.89082317117489,30.082642741384454],[75.89082317117489,30.023034995230397]]]}"
8_34,76.0132433304778,1937.4717793811385,1936.7932256279048,1934.7995301230762,30.082642741384454,30.023034995230397,0.9282837502649695,75.95203325082635,"{""geodesic"":false,""type"":""Polygon"",""coordinates"":[[[75.95203325082635,30.023034995230397],[76.0132433304778,30.023034995230397],[76.0132433304778,30.082642741384454],[75.95203325082635,30.082642741384454],[75.95203325082635,30.023034995230397]]]}"
8_35,76.07445341012927,1936.9441507187123,1935.7872953940541,1934.9278985607045,30.082642741384454,30.023034995230397,0.7796471493945119,76.0132433304778,"{""geodesic"":false,""type"":""Polygon"",""coordinates"":[[[76.0132433304778,30.023034995230397],[76.07445341012927,30.023034995230397],[76.07445341012927,30.082642741384454],[76.0132433304778,30.082642741384454],[76.0132433304778,30.023034995230397]]]}"
8_36,76.13566348978073,1935.235060965052,1934.4979596898509,1931.8526808115068,30.082642741384454,30.023034995230397,1.1455491034959497,76.07445341012927,"{""geodesic"":false,""type"":""Polygon"",""coordinates"":[[[76.07445341012927,30.023034995230397],[76.13566348978073,30.023034995230397],[76.13566348978073,30.082642741384454],[76.07445341012927,30.082642741384454],[76.07445341012927,30.023034995230397]]]}"
8_37,76.19687356943219,1933.3326105009535,1931.8635225397913,1930.1914929099567,30.082642741384454,30.023034995230397,1.1581206159648942,76.13566348978073,"{""geodesic"":false,""type"":""Polygon"",""coordinates"":[[[76.13566348978073,30.023034995230397],[76.19687356943219,30.023034995230397],[76.19687356943219,30.082642741384454],[76.13566348978073,30.082642741384454],[76.13566348978073,30.023034995230397]]]}"
8_38,76.25808364908364,1933.499250429706,1930.9225668324514,1930.1914929099567,30.082642741384454,30.023034995230397,1.4029403697357798,76.19687356943219,"{""geodesic"":false,""type"":""Polygon"",""coordinates"":[[[76.19687356943219,30.023034995230397],[76.25808364908364,30.023034995230397],[76.25808364908364,30.082642741384454],[76.19687356943219,30.082642741384454],[76.19687356943219,30.023034995230397]]]}"
8_42,76.5029239676895,1939.6910616877399,1939.6910616877399,1939.6910616877399,30.082642741384454,30.023034995230397,0.0,76.44171388803804,"{""geodesic"":false,""type"":""Polygon"",""coordinates"":[[[76.44171388803804,30.023034995230397],[76.5029239676895,30.023034995230397],[76.5029239676895,30.082642741384454],[76.44171388803804,30.082642741384454],[76.44171388803804,30.023034995230397]]]}"
8_43,76.56413404734096,1939.6910616877399,1939.6811192395767,1939.6272643120262,30.082642741384454,30.023034995230397,0.031898701997193385,76.5029239676895,"{""geodesic"":false,""type"":""Polygon"",""coordinates"":[[[76.5029239676895,30.023034995230397],[76.56413404734096,30.023034995230397],[76.56413404734096,30.082642741384454],[76.5029239676895,30.082642741384454],[76.5029239676895,30.023034995230397]]]}"
8_44,76.62534412699242,1939.6272643120262,1939.143314163866,1939.022326626826,30.082642741384454,30.023034995230397,0.3024688432964099,76.56413404734096,"{""geodesic"":false,""type"":""Polygon"",""coordinates"":[[[76.56413404734096,30.023034995230397],[76.62534412699242,30.023034995230397],[76.62534412699242,30.082642741384454],[76.56413404734096,30.082642741384454],[76.56413404734096,30.023034995230397]]]}"
9_0,73.93210062232815,1936.0609198937395,1933.6533500026096,1933.489201262973,30.14225048753851,30.082642741384454,1.0842981460020178,73.87089054267669,"{""geodesic"":false,""type"":""Polygon"",""coordinates"":[[[73.87089054267669,30.082642741384454],[73.93210062232815,30.082642741384454],[73.93210062232815,30.14225048753851],[73.87089054267669,30.14225048753851],[73.87089054267669,30.082642741384454]]]}"
9_1,73.99331070197961,1942.3036562096886,1935.4774518210827,1934.1288988742508,30.14225048753851,30.082642741384454,2.8687931753448974,73.93210062232815,"{""geodesic"":false,""type"":""Polygon"",""coordinates"":[[[73.93210062232815,30.082642741384454],[73.99331070197961,30.082642741384454],[73.99331070197961,30.14225048753851],[73.93210062232815,30.14225048753851],[73.93210062232815,30.082642741384454]]]}"
9_2,74.05452078163107,1936.5087873474827,1932.411049509604,1929.455141093335,30.14225048753851,30.082642741384454,2.480946342792097,73.99331070197961,"{""geodesic"":false,""type"":""Polygon"",""coordinates"":[[[73.99331070197961,30.082642741384454],[74.05452078163107,30.082642741384454],[74.05452078163107,30.14225048753851],[73.99331070197961,30.14225048753851],[73.99331070197961,30.082642741384454]]]}"
9_3,74.11573086128253,1932.0239613810456,1930.099897109268,1928.2889443778295,30.14225048753851,30.082642741384454,1.0077195777736276,74.05452078163107,"{""geodesic"":false,""type"":""Polygon"",""coordinates"":[[[74.05452078163107,30.082642741384454],[74.11573086128253,30.082642741384454],[74.11573086128253,30.14225048753851],[74.05452078163107,30.14225048753851],[74.05452078163107,30.082642741384454]]]}"
9_4,74.17694094093399,1934.085764076461,1931.1508870527146,1929.539983211612,30.14225048753851,30.082642741384454,1.4774044187304345,74.11573086128253,"{""geodesic"":false,""type"":""Polygon"",""coordinates"":[[[74.11573086128253,30.082642741384454],[74.17694094093399,30.082642741384454],[74.17694094093399,30.14225048753851],[74.11573086128253,30.14225048753851],[74.11573086128253,30.082642741384454]]]}"
9_5,74.23815102058545,1934.501290428354,1933.7217510535697,1932.2334789435681,30.14225048753851,30.082642741384454,0.8684029166556092,74.17694094093399,"{""geodesic"":false,""type"":""Polygon"",""coordinates"":[[[74.17694094093399,30.082642741384454],[74.23815102058545,30.082642741384454],[74.23815102058545,30.14225048753851],[74.17694094093399,30.14225048753851],[74.17694094093399,30.082642741384454]]]}"
9_6,74.29936110023691,1936.3701400392004,1935.6207754673,1933.886583107778,30.14225048753851,30.082642741384454,0.9270282954048489,74.23815102058545,"{""geodesic"":false,""type"":""Polygon"",""coordinates"":[[[74.23815102058545,30.082642741384454],[74.29936110023691,30.082642741384454],[74.29936110023691,30.14225048753851],[74.23815102058545,30.14225048753851],[74.23815102058545,30.082642741384454]]]}"
9_7,74.36057117988837,1936.3701400392004,1935.7075300919914,1933.886583107778,30.14225048753851,30.082642741384454,0.9631613250280753,74.29936110023691,"{""geodesic"":false,""type"":""Polygon"",""coordinates"":[[[74.29936110023691,30.082642741384454],[74.36057117988837,30.082642741384454],[74.36057117988837,30.14225048753851],[74.29936110023691,30.14225048753851],[74.29936110023691,30.082642741384454]]]}"
9_8,74.42178125953983,1935.2270852011636,1933.5715658955264,1932.6574449888858,30.14225048753851,30.082642741384454,0.9816039622992476,74.36057117988837,"{""geodesic"":false,""type"":""Polygon"",""coordinates"":[[[74.36057117988837,30.082642741384454],[74.42178125953983,30.082642741384454],[74.42178125953983,30.14225048753851],[74.36057117988837,30.14225048753851],[74.36057117988837,30.082642741384454]]]}"
9_9,74.4829913391913,1934.8376592383195,1933.613007604636,1932.6574449888858,30.14225048753851,30.082642741384454,0.7054239741624914,74.42178125953984,"{""geodesic"":false,""type"":""Polygon"",""coordinates"":[[[74.42178125953984,30.082642741384454],[74.4829913391913,30.082642741384454],[74.4829913391913,30.14225048753851],[74.42178125953984,30.14225048753851],[74.42178125953984,30.082642741384454]]]}"
9_10,74.54420141884276,1933.4410922086727,1932.7056687297418,1930.6259683750693,30.14225048753851,30.082642741384454,1.0356766823000567,74.4829913391913,"{""geodesic"":false,""type"":""Polygon"",""coordinates"":[[[74.4829913391913,30.082642741384454],[74.54420141884276,30.082642741384454],[74.54420141884276,30.14225048753851],[74.4829913391913,30.14225048753851],[74.4829913391913,30.082642741384454]]]}"
9_11,74.60541149849422,1933.1308480854536,1931.653945166489,1928.770185209981,30.14225048753851,30.082642741384454,1.3625318180643076,74.54420141884276,"{""geodesic"":false,""type"":""Polygon"",""coordinates"":[[[74.54420141884276,30.082642741384454],[74.60541149849422,30.082642741384454],[74.60541149849422,30.14225048753851],[74.54420141884276,30.14225048753851],[74.54420141884276,30.082642741384454]]]}"
9_12,74.66662157814568,1933.3896890003302,1932.510209535737,1931.2503278594536,30.14225048753851,30.082642741384454,0.714258009145861,74.60541149849422,"{""geodesic"":false,""type"":""Polygon"",""coordinates"":[[[74.60541149849422,30.082642741384454],[74.66662157814568,30.082642741384454],[74.66662157814568,30.14225048753851],[74.60541149849422,30.14225048753851],[74.60541149849422,30.082642741384454]]]}"
9_13,74.72783165779714,1933.719184786172,1933.418333834258,1933.0326015163353,30.14225048753851,30.082642741384454,0.27122289657690174,74.66662157814568,"{""geodesic"":false,""type"":""Polygon"",""coordinates"":[[[74.66662157814568,30.082642741384454],[74.72783165779714,30.082642741384454],[74.72783165779714,30.14225048753851],[74.66662157814568,30.14225048753851],[74.66662157814568,30.082642741384454]]]}"
9_14,74.7890417374486,1933.719184786172,1932.7571253413205,1930.7471698949516,30.14225048753851,30.082642741384454,0.9677285942007015,74.72783165779714,"{""geodesic"":false,""type"":""Polygon"",""coordinates"":[[[74.72783165779714,30.082642741384454],[74.7890417374486,30.082642741384454],[74.7890417374486,30.14225048753851],[74.72783165779714,30.14225048753851],[74.72783165779714,30.082642741384454]]]}"
9_15,74.85025181710006,1932.058990785301,1931.680057166542,1930.4046862443395,30.14225048753851,30.082642741384454,0.6159220263559833,74.7890417374486,"{""geodesic"":false,""type"":""Polygon"",""coordinates"":[[[74.7890417374486,30.082642741384454],[74.85025181710006,30.082642741384454],[74.85025181710006,30.14225048753851],[74.7890417374486,30.14225048753851],[74.7890417374486,30.082642741384454]]]}"
9_16,74.91146189675152,1932.6204409431812,1931.7710841372366,1930.4046862443395,30.14225048753851,30.082642741384454,0.721531212192933,74.85025181710006,"{""geodesic"":false,""type"":""Polygon"",""coordinates"":[[[74.85025181710006,30.082642741384454],[74.91146189675152,30.082642741384454],[74.91146189675152,30.14225048753851],[74.85025181710006,30.14225048753851],[74.85025181710006,30.082642741384454]]]}"
9_17,74.97267197640298,1933.3527815030327,1931.558799176963,1929.279669348482,30.14225048753851,30.082642741384454,1.1492375804004706,74.91146189675152,"{""geodesic"":false,""type"":""Polygon"",""coordinates"":[[[74.91146189675152,30.082642741384454],[74.97267197640298,30.082642741384454],[74.97267197640298,30.14225048753851],[74.91146189675152,30.14225048753851],[74.91146189675152,30.082642741384454]]]}"
9_18,75.03388205605444,1932.113465179787,1930.0486706102088,1929.0190363408854,30.14225048753851,30.082642741384454,1.1065150772303918,74.97267197640298,"{""geodesic"":false,""type"":""Polygon"",""coordinates"":[[[74.97267197640298,30.082642741384454],[75.03388205605444,30.082642741384454],[75.03388205605444,30.14225048753851],[74.97267197640298,30.14225048753851],[74.97267197640298,30.082642741384454]]]}"
9_19,75.0950921357059,1931.9521964929409,1929.8034735495496,1929.0190363408854,30.14225048753851,30.082642741384454,0.9678778170263367,75.03388205605444,"{""geodesic"":false,""type"":""Polygon"",""coordinates"":[[[75.03388205605444,30.082642741384454],[75.0950921357059,30.082642741384454],[75.0950921357059,30.14225048753851],[75.03388205605444,30.14225048753851],[75.03388205605444,30.082642741384454]]]}"
9_20,75.15630221535736,1934.4022743955622,1933.7033568741588,1929.846807585625,30.14225048753851,30.082642741384454,1.6815651514728402,75.0950921357059,"{""geodesic"":false,""type"":""Polygon"",""coordinates"":[[[75.0950921357059,30.082642741384454],[75.15630221535736,30.082642741384454],[75.15630221535736,30.14225048753851],[75.0950921357059,30.14225048753851],[75.0950921357059,30.082642741384454]]]}"
9_21,75.21751229500882,1934.4022743955622,1933.9016851693525,1931.586590876192,30.14225048753851,30.082642741384454,1.077017846812933,75.15630221535736,"{""geodesic"":false,""type"":""Polygon"",""coordinates"":[[[75.15630221535736,30.082642741384454],[75.21751229500882,30.082642741384454],[75.21751229500882,30.14225048753851],[75.15630221535736,30.14225048753851],[75.15630221535736,30.082642741384454]]]}"
9_22,75.27872237466028,1933.9052237081798,1932.970206775834,1931.586590876192,30.14225048753851,30.082642741384454,0.7783431189820091,75.21751229500882,"{""geodesic"":false,""type"":""Polygon"",""coordinates"":[[[75.21751229500882,30.082642741384454],[75.27872237466028,30.082642741384454],[75.27872237466028,30.14225048753851],[75.21751229500882,30.14225048753851],[75.21751229500882,30.082642741384454]]]}"
9_23,75.33993245431174,1933.4596603994094,1932.8362247953214,1931.5702361761937,30.14225048753851,30.082642741384454,0.6637979780002601,75.27872237466028,"{""geodesic"":false,""type"":""Polygon"",""coordinates"":[[[75.27872237466028,30.082642741384454],[75.33993245431174,30.082642741384454],[75.33993245431174,30.14225048753851],[75.27872237466028,30.14225048753851],[75.27872237466028,30.082642741384454]]]}"
9_24,75.4011425339632,1933.8514476071264,1932.3432250431954,1931.5702361761937,30.14225048753851,30.082642741384454,0.8499186800497434,75.33993245431174,"{""geodesic"":false,""type"":""Polygon"",""coordinates"":[[[75.33993245431174,30.082642741384454],[75.4011425339632,30.082642741384454],[75.4011425339632,30.14225048753851],[75.33993245431174,30.14225048753851],[75.33993245431174,30.082642741384454]]]}"
9_25,75.46235261361466,1933.8514476071264,1932.4655594339727,1931.9096407246143,30.14225048753851,30.082642741384454,0.6514474958116718,75.4011425339632,"{""geodesic"":false,""type"":""Polygon"",""coordinates"":[[[75.4011425339632,30.082642741384454],[75.46235261361466,30.082642741384454],[75.46235261361466,30.14225048753851],[75.4011425339632,30.14225048753851],[75.4011425339632,30.082642741384454]]]}"
9_26,75.52356269326613,1934.4526130923257,1933.0128974380764,1932.703206470304,30.14225048753851,30.082642741384454,0.5599507630187481,75.46235261361467,"{""geodesic"":false,""type"":""Polygon"",""coordinates"":[[[75.46235261361467,30.082642741384454],[75.52356269326613,30.082642741384454],[75.52356269326613,30.14225048753851],[75.46235261361467,30.14225048753851],[75.46235261361467,30.082642741384454]]]}"
9_27,75.58477277291759,1934.4526130923257,1933.3062268553933,1932.0256579959118,30.14225048753851,30.082642741384454,0.7846940638996727,75.52356269326613,"{""geodesic"":false,""type"":""Polygon"",""coordinates"":[[[75.52356269326613,30.082642741384454],[75.58477277291759,30.082642741384454],[75.58477277291759,30.14225048753851],[75.52356269326613,30.14225048753851],[75.52356269326613,30.082642741384454]]]}"
9_28,75.64598285256905,1934.0411851093522,1932.3783788884423,1931.588708254574,30.14225048753851,30.082642741384454,0.7025825892595192,75.58477277291759,"{""geodesic"":false,""type"":""Polygon"",""coordinates"":[[[75.58477277291759,30.082642741384454],[75.64598285256905,30.082642741384454],[75.64598285256905,30.14225048753851],[75.58477277291759,30.14225048753851],[75.58477277291759,30.082642741384454]]]}"
9_29,75.70719293222051,1932.8808665589308,1931.8135853681654,1931.4268071503718,30.14225048753851,30.082642741384454,0.49184388132249307,75.64598285256905,"{""geodesic"":false,""type"":""Polygon"",""coordinates"":[[[75.64598285256905,30.082642741384454],[75.70719293222051,30.082642741384454],[75.70719293222051,30.14225048753851],[75.64598285256905,30.14225048753851],[75.64598285256905,30.082642741384454]]]}"
9_30,75.76840301187197,1933.340364004344,1931.4086080650777,1930.9917755598076,30.14225048753851,30.082642741384454,0.8754836431785739,75.70719293222051,"{""geodesic"":false,""type"":""Polygon"",""coordinates"":[[[75.70719293222051,30.082642741384454],[75.76840301187197,30.082642741384454],[75.76840301187197,30.14225048753851],[75.70719293222051,30.14225048753851],[75.70719293222051,30.082642741384454]]]}"
9_31,75.82961309152343,1934.3640149372518,1932.7091969341384,1930.9917755598076,30.14225048753851,30.082642741384454,1.1017047096635426,75.76840301187197,"{""geodesic"":false,""type"":""Polygon"",""coordinates"":[[[75.76840301187197,30.082642741384454],[75.82961309152343,30.082642741384454],[75.82961309152343,30.14225048753851],[75.76840301187197,30.14225048753851],[75.76840301187197,30.082642741384454]]]}"
9_32,75.89082317117489,1934.4587163026792,1932.8030609025277,1931.6689849185707,30.14225048753851,30.082642741384454,1.05982629142101,75.82961309152343,"{""geodesic"":false,""type"":""Polygon"",""coordinates"":[[[75.82961309152343,30.082642741384454],[75.89082317117489,30.082642741384454],[75.89082317117489,30.14225048753851],[75.82961309152343,30.14225048753851],[75.82961309152343,30.082642741384454]]]}"
9_33,75.95203325082635,1935.7531093300977,1934.474904790281,1933.4194574072458,30.14225048753851,30.082642741384454,0.8240383502183135,75.89082317117489,"{""geodesic"":false,""type"":""Polygon"",""coordinates"":[[[75.89082317117489,30.082642741384454],[75.95203325082635,30.082642741384454],[75.95203325082635,30.14225048753851],[75.89082317117489,30.14225048753851],[75.89082317117489,30.082642741384454]]]}"
9_34,76.0132433304778,1937.4717793811385,1935.9281530685948,1934.6409099110326,30.14225048753851,30.082642741384454,1.0620530807884205,75.95203325082635,"{""geodesic"":false,""type"":""Polygon"",""coordinates"":[[[75.95203325082635,30.082642741384454],[76.0132433304778,30.082642741384454],[76.0132433304778,30.14225048753851],[75.95203325082635,30.14225048753851],[75.95203325082635,30.082642741384454]]]}"
9_35,76.07445341012927,1937.1310982406321,1935.5701576524925,1935.235060965052,30.14225048753851,30.082642741384454,0.787349512844113,76.0132433304778,"{""geodesic"":false,""type"":""Polygon"",""coordinates"":[[[76.0132433304778,30.082642741384454],[76.07445341012927,30.082642741384454],[76.07445341012927,30.14225048753851],[76.0132433304778,30.14225048753851],[76.0132433304778,30.082642741384454]]]}"
9_36,76.13566348978073,1935.4776690860756,1934.8312690491994,1931.8526808115068,30.14225048753851,30.082642741384454,1.1722050484602775,76.07445341012927,"{""geodesic"":false,""type"":""Polygon"",""coordinates"":[[[76.07445341012927,30.082642741384454],[76.13566348978073,30.082642741384454],[76.13566348978073,30.14225048753851],[76.07445341012927,30.14225048753851],[76.07445341012927,30.082642741384454]]]}"
9_37,76.19687356943219,1933.6394165040772,1932.7043644973567,1930.1914929099567,30.14225048753851,30.082642741384454,1.1425014309805466,76.13566348978073,"{""geodesic"":false,""type"":""Polygon"",""coordinates"":[[[76.13566348978073,30.082642741384454],[76.19687356943219,30.082642741384454],[76.19687356943219,30.14225048753851],[76.13566348978073,30.14225048753851],[76.13566348978073,30.082642741384454]]]}"
9_38,76.25808364908364,1934.1236324731462,1932.2162229995222,1930.1914929099567,30.14225048753851,30.082642741384454,1.2728717730645707,76.19687356943219,"{""geodesic"":false,""type"":""Polygon"",""coordinates"":[[[76.19687356943219,30.082642741384454],[76.25808364908364,30.082642741384454],[76.25808364908364,30.14225048753851],[76.19687356943219,30.14225048753851],[76.19687356943219,30.082642741384454]]]}"
9_39,76.3192937287351,1934.8833103230365,1933.8930481397806,1931.9242993502028,30.14225048753851,30.082642741384454,0.920159419730539,76.25808364908364,"{""geodesic"":false,""type"":""Polygon"",""coordinates"":[[[76.25808364908364,30.082642741384454],[76.3192937287351,30.082642741384454],[76.3192937287351,30.14225048753851],[76.25808364908364,30.14225048753851],[76.25808364908364,30.082642741384454]]]}"
9_40,76.38050380838656,1935.96262346056,1934.633657426801,1930.2308355798198,30.14225048753851,30.082642741384454,2.285763787648566,76.3192937287351,"{""geodesic"":false,""type"":""Polygon"",""coordinates"":[[[76.3192937287351,30.082642741384454],[76.38050380838656,30.082642741384454],[76.38050380838656,30.14225048753851],[76.3192937287351,30.14225048753851],[76.3192937287351,30.082642741384454]]]}"
9_41,76.44171388803802,1936.3894751833493,1934.3635349810718,1930.2308355798198,30.14225048753851,30.082642741384454,2.6226017299791398,76.38050380838656,"{""geodesic"":false,""type"":""Polygon"",""coordinates"":[[[76.38050380838656,30.082642741384454],[76.44171388803802,30.082642741384454],[76.44171388803802,30.14225048753851],[76.38050380838656,30.14225048753851],[76.38050380838656,30.082642741384454]]]}"
9_42,76.5029239676895,1939.6910616877399,1936.0102691927043,1931.9264645048495,30.14225048753851,30.082642741384454,2.3711166794831535,76.44171388803804,"{""geodesic"":false,""type"":""Polygon"",""coordinates"":[[[76.44171388803804,30.082642741384454],[76.5029239676895,30.082642741384454],[76.5029239676895,30.14225048753851],[76.44171388803804,30.14225048753851],[76.44171388803804,30.082642741384454]]]}"
9_43,76.56413404734096,1939.6910616877399,1936.2041114006818,1934.079296591532,30.14225048753851,30.082642741384454,2.253542869140012,76.5029239676895,"{""geodesic"":false,""type"":""Polygon"",""coordinates"":[[[76.5029239676895,30.082642741384454],[76.56413404734096,30.082642741384454],[76.56413404734096,30.14225048753851],[76.5029239676895,30.14225048753851],[76.5029239676895,30.082642741384454]]]}"
9_44,76.62534412699242,1939.6272643120262,1937.993950860001,1933.1721517214391,30.14225048753851,30.082642741384454,2.590901930710029,76.56413404734096,"{""geodesic"":false,""type"":""Polygon"",""coordinates"":[[[76.56413404734096,30.082642741384454],[76.62534412699242,30.082642741384454],[76.62534412699242,30.14225048753851],[76.56413404734096,30.14225048753851],[76.56413404734096,30.082642741384454]]]}"
9_45,76.68655420664388,1939.1559734791094,1937.4307986340975,1935.4073800165334,30.14225048753851,30.082642741384454,1.5229371895334902,76.62534412699242,"{""geodesic"":false,""type"":""Polygon"",""coordinates"":[[[76.62534412699242,30.082642741384454],[76.68655420664388,30.082642741384454],[76.68655420664388,30.14225048753851],[76.62534412699242,30.14225048753851],[76.62534412699242,30.082642741384454]]]}"
10_1,73.99331070197961,1943.7501528595799,1939.7400784445624,1936.5087873474827,30.20185823369257,30.14225048753851,3.1682133950574562,73.93210062232815,"{""geodesic"":false,""type"":""Polygon"",""coordinates"":[[[73.93210062232815,30.14225048753851],[73.99331070197961,30.14225048753851],[73.99331070197961,30.20185823369257],[73.93210062232815,30.20185823369257],[73.93210062232815,30.14225048753851]]]}"
10_2,74.05452078163107,1937.0629409528365,1933.1490585879233,1929.570792219091,30.20185823369257,30.14225048753851,3.398714973506017,73.99331070197961,"{""geodesic"":false,""type"":""Polygon"",""coordinates"":[[[73.99331070197961,30.14225048753851],[74.05452078163107,30.14225048753851],[74.05452078163107,30.20185823369257],[73.99331070197961,30.20185823369257],[73.99331070197961,30.14225048753851]]]}"
10_3,74.11573086128253,1932.0239613810456,1930.558793748092,1929.570792219091,30.20185823369257,30.14225048753851,0.7332022244030084,74.05452078163107,"{""geodesic"":false,""type"":""Polygon"",""coordinates"":[[[74.05452078163107,30.14225048753851],[74.11573086128253,30.14225048753851],[74.11573086128253,30.20185823369257],[74.05452078163107,30.20185823369257],[74.05452078163107,30.14225048753851]]]}"
10_4,74.17694094093399,1934.085764076461,1932.1429821859463,1930.459469565824,30.20185823369257,30.14225048753851,1.3148220691930517,74.11573086128253,"{""geodesic"":false,""type"":""Polygon"",""coordinates"":[[[74.11573086128253,30.14225048753851],[74.17694094093399,30.14225048753851],[74.17694094093399,30.20185823369257],[74.11573086128253,30.20185823369257],[74.11573086128253,30.14225048753851]]]}"
10_5,74.23815102058545,1934.1936149190751,1933.699914628852,1931.5585395012447,30.20185823369257,30.14225048753851,1.0563886865654681,74.17694094093399,"{""geodesic"":false,""type"":""Polygon"",""coordinates"":[[[74.17694094093399,30.14225048753851],[74.23815102058545,30.14225048753851],[74.23815102058545,30.20185823369257],[74.17694094093399,30.20185823369257],[74.17694094093399,30.14225048753851]]]}"
10_6,74.29936110023691,1934.3712708512078,1934.2010643695085,1933.4274297936715,30.20185823369257,30.14225048753851,0.3333067293527726,74.23815102058545,"{""geodesic"":false,""type"":""Polygon"",""coordinates"":[[[74.23815102058545,30.14225048753851],[74.29936110023691,30.14225048753851],[74.29936110023691,30.20185823369257],[74.23815102058545,30.20185823369257],[74.23815102058545,30.14225048753851]]]}"
10_7,74.36057117988837,1935.0853792392095,1934.1393485513768,1933.886583107778,30.20185823369257,30.14225048753851,0.4804400192176146,74.29936110023691,"{""geodesic"":false,""type"":""Polygon"",""coordinates"":[[[74.29936110023691,30.14225048753851],[74.36057117988837,30.14225048753851],[74.36057117988837,30.20185823369257],[74.29936110023691,30.20185823369257],[74.29936110023691,30.14225048753851]]]}"
10_8,74.42178125953983,1935.0853792392095,1934.6962631214635,1933.9362999910468,30.20185823369257,30.14225048753851,0.4608149345344763,74.36057117988837,"{""geodesic"":false,""type"":""Polygon"",""coordinates"":[[[74.36057117988837,30.14225048753851],[74.42178125953983,30.14225048753851],[74.42178125953983,30.20185823369257],[74.36057117988837,30.20185823369257],[74.36057117988837,30.14225048753851]]]}"
10_9,74.4829913391913,1935.0164366529532,1934.1517814250997,1931.7740510511505,30.20185823369257,30.14225048753851,1.142865457297881,74.42178125953984,"{""geodesic"":false,""type"":""Polygon"",""coordinates"":[[[74.42178125953984,30.14225048753851],[74.4829913391913,30.14225048753851],[74.4829913391913,30.20185823369257],[74.42178125953984,30.20185823369257],[74.42178125953984,30.14225048753851]]]}"
10_10,74.54420141884276,1933.3305548802641,1931.7926645079294,1930.5867173850645,30.20185823369257,30.14225048753851,1.1179091042109566,74.4829913391913,"{""geodesic"":false,""type"":""Polygon"",""coordinates"":[[[74.4829913391913,30.14225048753851],[74.54420141884276,30.14225048753851],[74.54420141884276,30.20185823369257],[74.4829913391913,30.20185823369257],[74.4829913391913,30.14225048753851]]]}"
10_11,74.60541149849422,1931.2503278594536,1929.5141767210378,1928.770185209981,30.20185823369257,30.14225048753851,0.8444802514980512,74.54420141884276,"{""geodesic"":false,""type"":""Polygon"",""coordinates"":[[[74.54420141884276,30.14225048753851],[74.60541149849422,30.14225048753851],[74.60541149849422,30.20185823369257],[74.54420141884276,30.20185823369257],[74.54420141884276,30.14225048753851]]]}"
10_12,74.66662157814568,1933.5776282485617,1931.960837763884,1931.2503278594536,30.20185823369257,30.14225048753851,1.0052688566566363,74.60541149849422,"{""geodesic"":false,""type"":""Polygon"",""coordinates"":[[[74.60541149849422,30.14225048753851],[74.66662157814568,30.14225048753851],[74.66662157814568,30.20185823369257],[74.60541149849422,30.20185823369257],[74.60541149849422,30.14225048753851]]]}"
10_13,74.72783165779714,1933.5776282485617,1933.2075796420488,1932.9313195875,30.20185823369257,30.14225048753851,0.26195922966324986,74.66662157814568,"{""geodesic"":false,""type"":""Polygon"",""coordinates"":[[[74.66662157814568,30.14225048753851],[74.72783165779714,30.14225048753851],[74.72783165779714,30.20185823369257],[74.66662157814568,30.20185823369257],[74.66662157814568,30.14225048753851]]]}"
10_14,74.7890417374486,1933.0326015163353,1931.8453508488496,1929.6690540761688,30.20185823369257,30.14225048753851,1.2523388608082289,74.72783165779714,"{""geodesic"":false,""type"":""Polygon"",""coordinates"":[[[74.72783165779714,30.14225048753851],[74.7890417374486,30.14225048753851],[74.7890417374486,30.20185823369257],[74.72783165779714,30.20185823369257],[74.72783165779714,30.14225048753851]]]}"
10_15,74.85025181710006,1931.9559656270085,1931.2089406887103,1930.7471698949516,30.20185823369257,30.14225048753851,0.5361842810830929,74.7890417374486,"{""geodesic"":false,""type"":""Polygon"",""coordinates"":[[[74.7890417374486,30.14225048753851],[74.85025181710006,30.14225048753851],[74.85025181710006,30.20185823369257],[74.7890417374486,30.20185823369257],[74.7890417374486,30.14225048753851]]]}"
10_16,74.91146189675152,1932.860258152978,1932.3961535792735,1931.936896556581,30.20185823369257,30.14225048753851,0.4059693583300087,74.85025181710006,"{""geodesic"":false,""type"":""Polygon"",""coordinates"":[[[74.85025181710006,30.14225048753851],[74.91146189675152,30.14225048753851],[74.91146189675152,30.20185823369257],[74.85025181710006,30.20185823369257],[74.85025181710006,30.14225048753851]]]}"
10_17,74.97267197640298,1933.6722436455896,1933.1873023508374,1932.113465179787,30.20185823369257,30.14225048753851,0.5319666020546218,74.91146189675152,"{""geodesic"":false,""type"":""Polygon"",""coordinates"":[[[74.91146189675152,30.14225048753851],[74.97267197640298,30.14225048753851],[74.97267197640298,30.20185823369257],[74.91146189675152,30.20185823369257],[74.91146189675152,30.14225048753851]]]}"
10_18,75.03388205605444,1932.4326788807246,1931.7798658812214,1930.6621191752583,30.20185823369257,30.14225048753851,0.6966823317288032,74.97267197640298,"{""geodesic"":false,""type"":""Polygon"",""coordinates"":[[[74.97267197640298,30.14225048753851],[75.03388205605444,30.14225048753851],[75.03388205605444,30.20185823369257],[74.97267197640298,30.20185823369257],[74.97267197640298,30.14225048753851]]]}"
10_19,75.0950921357059,1934.067382356294,1932.1165632750951,1930.6621191752583,30.20185823369257,30.14225048753851,1.215729516825323,75.03388205605444,"{""geodesic"":false,""type"":""Polygon"",""coordinates"":[[[75.03388205605444,30.14225048753851],[75.0950921357059,30.14225048753851],[75.0950921357059,30.20185823369257],[75.03388205605444,30.20185823369257],[75.03388205605444,30.14225048753851]]]}"
10_20,75.15630221535736,1934.7063420030652,1933.7956435585158,1931.9521964929409,30.20185823369257,30.14225048753851,1.0179452990272602,75.0950921357059,"{""geodesic"":false,""type"":""Polygon"",""coordinates"":[[[75.0950921357059,30.14225048753851],[75.15630221535736,30.14225048753851],[75.15630221535736,30.20185823369257],[75.0950921357059,30.20185823369257],[75.0950921357059,30.14225048753851]]]}"
10_21,75.21751229500882,1933.2652577859542,1932.2916846308044,1931.586590876192,30.20185823369257,30.14225048753851,0.6867200276945551,75.15630221535736,"{""geodesic"":false,""type"":""Polygon"",""coordinates"":[[[75.15630221535736,30.14225048753851],[75.21751229500882,30.14225048753851],[75.21751229500882,30.20185823369257],[75.15630221535736,30.20185823369257],[75.15630221535736,30.14225048753851]]]}"
10_22,75.27872237466028,1933.4402210213632,1932.5553673892978,1931.586590876192,30.20185823369257,30.14225048753851,0.7077133270022127,75.21751229500882,"{""geodesic"":false,""type"":""Polygon"",""coordinates"":[[[75.21751229500882,30.14225048753851],[75.27872237466028,30.14225048753851],[75.27872237466028,30.20185823369257],[75.21751229500882,30.20185823369257],[75.21751229500882,30.14225048753851]]]}"
10_23,75.33993245431174,1932.8818120824412,1932.1021734928675,1931.5702361761937,30.20185823369257,30.14225048753851,0.49189626312102447,75.27872237466028,"{""geodesic"":false,""type"":""Polygon"",""coordinates"":[[[75.27872237466028,30.14225048753851],[75.33993245431174,30.14225048753851],[75.33993245431174,30.20185823369257],[75.27872237466028,30.20185823369257],[75.27872237466028,30.14225048753851]]]}"
10_24,75.4011425339632,1931.9096407246143,1931.7055434575282,1931.3961333261047,30.20185823369257,30.14225048753851,0.20724687503706615,75.33993245431174,"{""geodesic"":false,""type"":""Polygon"",""coordinates"":[[[75.33993245431174,30.14225048753851],[75.4011425339632,30.14225048753851],[75.4011425339632,30.20185823369257],[75.33993245431174,30.20185823369257],[75.33993245431174,30.14225048753851]]]}"
10_25,75.46235261361466,1933.7016435670737,1932.798756208084,1931.3961333261047,30.20185823369257,30.14225048753851,0.8209224299130781,75.4011425339632,"{""geodesic"":false,""type"":""Polygon"",""coordinates"":[[[75.4011425339632,30.14225048753851],[75.46235261361466,30.14225048753851],[75.46235261361466,30.20185823369257],[75.4011425339632,30.20185823369257],[75.4011425339632,30.14225048753851]]]}"
10_26,75.52356269326613,1933.7016435670737,1933.2207879879204,1932.2336975849394,30.20185823369257,30.14225048753851,0.552145793687167,75.46235261361467,"{""geodesic"":false,""type"":""Polygon"",""coordinates"":[[[75.46235261361467,30.14225048753851],[75.52356269326613,30.14225048753851],[75.52356269326613,30.20185823369257],[75.46235261361467,30.20185823369257],[75.46235261361467,30.14225048753851]]]}"
10_27,75.58477277291759,1932.9038412751554,1932.15727042572,1931.267180708202,30.20185823369257,30.14225048753851,0.5837207908216115,75.52356269326613,"{""geodesic"":false,""type"":""Polygon"",""coordinates"":[[[75.52356269326613,30.14225048753851],[75.58477277291759,30.14225048753851],[75.58477277291759,30.20185823369257],[75.52356269326613,30.20185823369257],[75.52356269326613,30.14225048753851]]]}"
10_28,75.64598285256905,1932.4062893024868,1931.7057761015942,1931.267180708202,30.20185823369257,30.14225048753851,0.43673095563802594,75.58477277291759,"{""geodesic"":false,""type"":""Polygon"",""coordinates"":[[[75.58477277291759,30.14225048753851],[75.64598285256905,30.14225048753851],[75.64598285256905,30.20185823369257],[75.58477277291759,30.20185823369257],[75.58477277291759,30.14225048753851]]]}"
10_29,75.70719293222051,1933.5865229752912,1932.6763046804726,1932.392240827383,30.20185823369257,30.14225048753851,0.4861448073641116,75.64598285256905,"{""geodesic"":false,""type"":""Polygon"",""coordinates"":[[[75.64598285256905,30.14225048753851],[75.70719293222051,30.14225048753851],[75.70719293222051,30.20185823369257],[75.64598285256905,30.20185823369257],[75.64598285256905,30.14225048753851]]]}"
10_30,75.76840301187197,1934.6111118443969,1933.5174577211894,1932.8808665589308,30.20185823369257,30.14225048753851,0.6338382236799273,75.70719293222051,"{""geodesic"":false,""type"":""Polygon"",""coordinates"":[[[75.70719293222051,30.14225048753851],[75.76840301187197,30.14225048753851],[75.76840301187197,30.20185823369257],[75.70719293222051,30.20185823369257],[75.70719293222051,30.14225048753851]]]}"
10_31,75.82961309152343,1935.6465224552248,1934.13628057179,1933.340364004344,30.20185823369257,30.14225048753851,0.7711211476165862,75.76840301187197,"{""geodesic"":false,""type"":""Polygon"",""coordinates"":[[[75.76840301187197,30.14225048753851],[75.82961309152343,30.14225048753851],[75.82961309152343,30.20185823369257],[75.76840301187197,30.20185823369257],[75.76840301187197,30.14225048753851]]]}"
10_32,75.89082317117489,1934.4587163026792,1934.1421044072497,1932.9131635892516,30.20185823369257,30.14225048753851,0.6170408706230179,75.82961309152343,"{""geodesic"":false,""type"":""Polygon"",""coordinates"":[[[75.82961309152343,30.14225048753851],[75.89082317117489,30.14225048753851],[75.89082317117489,30.20185823369257],[75.82961309152343,30.20185823369257],[75.82961309152343,30.14225048753851]]]}"
10_33,75.95203325082635,1935.7531093300977,1934.8896074818258,1932.9131635892516,30.20185823369257,30.14225048753851,1.013834655651689,75.89082317117489,"{""geodesic"":false,""type"":""Polygon"",""coordinates"":[[[75.89082317117489,30.14225048753851],[75.95203325082635,30.14225048753851],[75.95203325082635,30.20185823369257],[75.89082317117489,30.20185823369257],[75.89082317117489,30.14225048753851]]]}"
10_34,76.0132433304778,1937.4214128858375,1936.4659204466752,1934.0732605341823,30.20185823369257,30.14225048753851,1.3033431628584276,75.95203325082635,"{""geodesic"":false,""type"":""Polygon"",""coordinates"":[[[75.95203325082635,30.14225048753851],[76.0132433304778,30.14225048753851],[76.0132433304778,30.20185823369257],[75.95203325082635,30.20185823369257],[75.95203325082635,30.14225048753851]]]}"
10_35,76.07445341012927,1937.1310982406321,1935.54080128032,1933.275541159612,30.20185823369257,30.14225048753851,1.3968588575354777,76.0132433304778,"{""geodesic"":false,""type"":""Polygon"",""coordinates"":[[[76.0132433304778,30.14225048753851],[76.07445341012927,30.14225048753851],[76.07445341012927,30.20185823369257],[76.0132433304778,30.20185823369257],[76.0132433304778,30.14225048753851]]]}"
10_36,76.13566348978073,1935.4776690860756,1934.7697877486721,1932.1547693055393,30.20185823369257,30.14225048753851,1.1974894255849498,76.07445341012927,"{""geodesic"":false,""type"":""Polygon"",""coordinates"":[[[76.07445341012927,30.14225048753851],[76.13566348978073,30.14225048753851],[76.13566348978073,30.20185823369257],[76.07445341012927,30.20185823369257],[76.07445341012927,30.14225048753851]]]}"
10_37,76.19687356943219,1933.2798165977074,1932.8387242313552,1932.1547693055393,30.20185823369257,30.14225048753851,0.4001133208528861,76.13566348978073,"{""geodesic"":false,""type"":""Polygon"",""coordinates"":[[[76.13566348978073,30.14225048753851],[76.19687356943219,30.14225048753851],[76.19687356943219,30.20185823369257],[76.13566348978073,30.20185823369257],[76.13566348978073,30.14225048753851]]]}"
10_38,76.25808364908364,1934.1236324731462,1933.3882627156954,1932.6151932101304,30.20185823369257,30.14225048753851,0.6083990903762082,76.19687356943219,"{""geodesic"":false,""type"":""Polygon"",""coordinates"":[[[76.19687356943219,30.14225048753851],[76.25808364908364,30.14225048753851],[76.25808364908364,30.20185823369257],[76.19687356943219,30.20185823369257],[76.19687356943219,30.14225048753851]]]}"
10_39,76.3192937287351,1934.1236324731462,1933.1186021326744,1931.9242993502028,30.20185823369257,30.14225048753851,0.6892626168687221,76.25808364908364,"{""geodesic"":false,""type"":""Polygon"",""coordinates"":[[[76.25808364908364,30.14225048753851],[76.3192937287351,30.14225048753851],[76.3192937287351,30.20185823369257],[76.25808364908364,30.20185823369257],[76.25808364908364,30.14225048753851]]]}"
10_40,76.38050380838656,1933.7045450079986,1931.7640906066908,1930.2308355798198,30.20185823369257,30.14225048753851,1.2402817516214037,76.3192937287351,"{""geodesic"":false,""type"":""Polygon"",""coordinates"":[[[76.3192937287351,30.14225048753851],[76.38050380838656,30.14225048753851],[76.38050380838656,30.20185823369257],[76.3192937287351,30.20185823369257],[76.3192937287351,30.14225048753851]]]}"
10_41,76.44171388803802,1931.9264645048495,1931.3409903249205,1930.2308355798198,30.20185823369257,30.14225048753851,0.6794326488734925,76.38050380838656,"{""geodesic"":false,""type"":""Polygon"",""coordinates"":[[[76.38050380838656,30.14225048753851],[76.44171388803802,30.14225048753851],[76.44171388803802,30.20185823369257],[76.38050380838656,30.20185823369257],[76.38050380838656,30.14225048753851]]]}"
10_42,76.5029239676895,1934.5975547835712,1933.0458442515635,1931.823352289809,30.20185823369257,30.14225048753851,0.9231835439273907,76.44171388803804,"{""geodesic"":false,""type"":""Polygon"",""coordinates"":[[[76.44171388803804,30.14225048753851],[76.5029239676895,30.14225048753851],[76.5029239676895,30.20185823369257],[76.44171388803804,30.20185823369257],[76.44171388803804,30.14225048753851]]]}"
10_43,76.56413404734096,1934.5975547835712,1933.89754524241,1932.365542916041,30.20185823369257,30.14225048753851,0.8469508321552648,76.5029239676895,"{""geodesic"":false,""type"":""Polygon"",""coordinates"":[[[76.5029239676895,30.14225048753851],[76.56413404734096,30.14225048753851],[76.56413404734096,30.20185823369257],[76.5029239676895,30.20185823369257],[76.5029239676895,30.14225048753851]]]}"
10_44,76.62534412699242,1934.079296591532,1933.34218940068,1932.365542916041,30.20185823369257,30.14225048753851,0.6158229559385825,76.56413404734096,"{""geodesic"":false,""type"":""Polygon"",""coordinates"":[[[76.56413404734096,30.14225048753851],[76.62534412699242,30.14225048753851],[76.62534412699242,30.20185823369257],[76.56413404734096,30.20185823369257],[76.56413404734096,30.14225048753851]]]}"
10_45,76.68655420664388,1935.751807063326,1935.4424794872875,1933.1721517214391,30.20185823369257,30.14225048753851,1.1438181328950978,76.62534412699242,"{""geodesic"":false,""type"":""Polygon"",""coordinates"":[[[76.62534412699242,30.14225048753851],[76.68655420664388,30.14225048753851],[76.68655420664388,30.20185823369257],[76.62534412699242,30.20185823369257],[76.62534412699242,30.14225048753851]]]}"
11_1,73.99331070197961,1943.7501528595799,1938.2365900382867,1933.7021711156667,30.26146597984663,30.201858233692572,3.683063665641062,73.93210062232815,"{""geodesic"":false,""type"":""Polygon"",""coordinates"":[[[73.93210062232815,30.201858233692572],[73.99331070197961,30.201858233692572],[73.99331070197961,30.26146597984663],[73.93210062232815,30.26146597984663],[73.93210062232815,30.201858233692572]]]}"
11_2,74.05452078163107,1937.0629409528365,1932.4058772238918,1929.570792219091,30.26146597984663,30.201858233692572,2.948490141082545,73.99331070197961,"{""geodesic"":false,""type"":""Polygon"",""coordinates"":[[[73.99331070197961,30.201858233692572],[74.05452078163107,30.201858233692572],[74.05452078163107,30.26146597984663],[73.99331070197961,30.26146597984663],[73.99331070197961,30.201858233692572]]]}"
11_3,74.11573086128253,1933.6487658924373,1930.919448334799,1929.570792219091,30.26146597984663,30.201858233692572,1.321638850206978,74.05452078163107,"{""geodesic"":false,""type"":""Polygon"",""coordinates"":[[[74.05452078163107,30.201858233692572],[74.11573086128253,30.201858233692572],[74.11573086128253,30.26146597984663],[74.05452078163107,30.26146597984663],[74.05452078163107,30.201858233692572]]]}"
11_4,74.17694094093399,1933.9774171636434,1932.4670733907374,1930.459469565824,30.26146597984663,30.201858233692572,1.4595279255596263,74.11573086128253,"{""geodesic"":false,""type"":""Polygon"",""coordinates"":[[[74.11573086128253,30.201858233692572],[74.17694094093399,30.201858233692572],[74.17694094093399,30.26146597984663],[74.11573086128253,30.26146597984663],[74.11573086128253,30.201858233692572]]]}"
11_5,74.23815102058545,1934.3447687091148,1933.5328362674504,1931.5585395012447,30.26146597984663,30.201858233692572,1.0719648205926968,74.17694094093399,"{""geodesic"":false,""type"":""Polygon"",""coordinates"":[[[74.17694094093399,30.201858233692572],[74.23815102058545,30.201858233692572],[74.23815102058545,30.26146597984663],[74.17694094093399,30.26146597984663],[74.17694094093399,30.201858233692572]]]}"
11_6,74.29936110023691,1934.391300282428,1934.1607423645262,1933.4274297936715,30.26146597984663,30.201858233692572,0.351947877846914,74.23815102058545,"{""geodesic"":false,""type"":""Polygon"",""coordinates"":[[[74.23815102058545,30.201858233692572],[74.29936110023691,30.201858233692572],[74.29936110023691,30.26146597984663],[74.23815102058545,30.26146597984663],[74.23815102058545,30.201858233692572]]]}"
11_7,74.36057117988837,1935.3720377996547,1934.7338162779517,1934.3691009536244,30.26146597984663,30.201858233692572,0.43626214374193534,74.29936110023691,"{""geodesic"":false,""type"":""Polygon"",""coordinates"":[[[74.29936110023691,30.201858233692572],[74.36057117988837,30.201858233692572],[74.36057117988837,30.26146597984663],[74.29936110023691,30.26146597984663],[74.29936110023691,30.201858233692572]]]}"
11_8,74.42178125953983,1935.3720377996547,1935.1820534734989,1935.0164366529532,30.26146597984663,30.201858233692572,0.14046425208325664,74.36057117988837,"{""geodesic"":false,""type"":""Polygon"",""coordinates"":[[[74.36057117988837,30.201858233692572],[74.42178125953983,30.201858233692572],[74.42178125953983,30.26146597984663],[74.36057117988837,30.26146597984663],[74.36057117988837,30.201858233692572]]]}"
11_9,74.4829913391913,1935.2598969511137,1933.3734903399766,1931.7740510511505,30.26146597984663,30.201858233692572,1.2854184703998441,74.42178125953984,"{""geodesic"":false,""type"":""Polygon"",""coordinates"":[[[74.42178125953984,30.201858233692572],[74.4829913391913,30.201858233692572],[74.4829913391913,30.26146597984663],[74.42178125953984,30.26146597984663],[74.42178125953984,30.201858233692572]]]}"
11_10,74.54420141884276,1932.254687583074,1931.570692312581,1930.5867173850645,30.26146597984663,30.201858233692572,0.6094593477255428,74.4829913391913,"{""geodesic"":false,""type"":""Polygon"",""coordinates"":[[[74.4829913391913,30.201858233692572],[74.54420141884276,30.201858233692572],[74.54420141884276,30.26146597984663],[74.4829913391913,30.26146597984663],[74.4829913391913,30.201858233692572]]]}"
11_11,74.60541149849422,1932.180656773992,1931.1400964820457,1929.898892440991,30.26146597984663,30.201858233692572,0.8113981039992545,74.54420141884276,"{""geodesic"":false,""type"":""Polygon"",""coordinates"":[[[74.54420141884276,30.201858233692572],[74.60541149849422,30.201858233692572],[74.60541149849422,30.26146597984663],[74.54420141884276,30.26146597984663],[74.54420141884276,30.201858233692572]]]}"
11_12,74.66662157814568,1933.5776282485617,1932.288998823762,1931.7735209665354,30.26146597984663,30.201858233692572,0.7718112862551793,74.60541149849422,"{""geodesic"":false,""type"":""Polygon"",""coordinates"":[[[74.60541149849422,30.201858233692572],[74.66662157814568,30.201858233692572],[74.66662157814568,30.26146597984663],[74.60541149849422,30.26146597984663],[74.60541149849422,30.201858233692572]]]}"
11_13,74.72783165779714,1933.5776282485617,1932.7229519571647,1931.5580984279227,30.26146597984663,30.201858233692572,0.7628594409948537,74.66662157814568,"{""geodesic"":false,""type"":""Polygon"",""coordinates"":[[[74.66662157814568,30.201858233692572],[74.72783165779714,30.201858233692572],[74.72783165779714,30.26146597984663],[74.66662157814568,30.26146597984663],[74.66662157814568,30.201858233692572]]]}"
11_14,74.7890417374486,1932.9313195875,1930.4730473664272,1929.6690540761688,30.26146597984663,30.201858233692572,1.0788567666688214,74.72783165779714,"{""geodesic"":false,""type"":""Polygon"",""coordinates"":[[[74.72783165779714,30.201858233692572],[74.7890417374486,30.201858233692572],[74.7890417374486,30.26146597984663],[74.72783165779714,30.26146597984663],[74.72783165779714,30.201858233692572]]]}"
11_15,74.85025181710006,1931.9559656270085,1930.887513954804,1930.1738327208855,30.26146597984663,30.201858233692572,0.6330298974581593,74.7890417374486,"{""geodesic"":false,""type"":""Polygon"",""coordinates"":[[[74.7890417374486,30.201858233692572],[74.85025181710006,30.201858233692572],[74.85025181710006,30.26146597984663],[74.7890417374486,30.26146597984663],[74.7890417374486,30.201858233692572]]]}"
11_16,74.91146189675152,1932.860258152978,1931.860476564995,1931.196624710648,30.26146597984663,30.201858233692572,0.6352952805136731,74.85025181710006,"{""geodesic"":false,""type"":""Polygon"",""coordinates"":[[[74.85025181710006,30.201858233692572],[74.91146189675152,30.201858233692572],[74.91146189675152,30.26146597984663],[74.85025181710006,30.26146597984663],[74.85025181710006,30.201858233692572]]]}"
11_17,74.97267197640298,1933.6722436455896,1932.1246813827138,1930.9539771951981,30.26146597984663,30.201858233692572,0.9221426294479744,74.91146189675152,"{""geodesic"":false,""type"":""Polygon"",""coordinates"":[[[74.91146189675152,30.201858233692572],[74.97267197640298,30.201858233692572],[74.97267197640298,30.26146597984663],[74.91146189675152,30.26146597984663],[74.91146189675152,30.201858233692572]]]}"
11_18,75.03388205605444,1932.4326788807246,1932.0261555716274,1931.6143192438667,30.26146597984663,30.201858233692572,0.2992608056069987,74.97267197640298,"{""geodesic"":false,""type"":""Polygon"",""coordinates"":[[[74.97267197640298,30.201858233692572],[75.03388205605444,30.201858233692572],[75.03388205605444,30.26146597984663],[74.97267197640298,30.26146597984663],[74.97267197640298,30.201858233692572]]]}"
11_19,75.0950921357059,1934.0727394694547,1933.4160599816842,1932.019204757939,30.26146597984663,30.201858233692572,0.9826414868154442,75.03388205605444,"{""geodesic"":false,""type"":""Polygon"",""coordinates"":[[[75.03388205605444,30.201858233692572],[75.0950921357059,30.201858233692572],[75.0950921357059,30.26146597984663],[75.03388205605444,30.26146597984663],[75.03388205605444,30.201858233692572]]]}"
11_20,75.15630221535736,1935.2784180518474,1934.6963175858857,1933.2652577859542,30.26146597984663,30.201858233692572,0.6250053221754126,75.0950921357059,"{""geodesic"":false,""type"":""Polygon"",""coordinates"":[[[75.0950921357059,30.201858233692572],[75.15630221535736,30.201858233692572],[75.15630221535736,30.26146597984663],[75.0950921357059,30.26146597984663],[75.0950921357059,30.201858233692572]]]}"
11_21,75.21751229500882,1934.9849130797481,1933.9077272860493,1933.093919622416,30.26146597984663,30.201858233692572,0.7479178461168579,75.15630221535736,"{""geodesic"":false,""type"":""Polygon"",""coordinates"":[[[75.15630221535736,30.201858233692572],[75.21751229500882,30.201858233692572],[75.21751229500882,30.26146597984663],[75.15630221535736,30.26146597984663],[75.15630221535736,30.201858233692572]]]}"
11_22,75.27872237466028,1934.9849130797481,1934.0923620740007,1933.093919622416,30.26146597984663,30.201858233692572,0.7811050346108401,75.21751229500882,"{""geodesic"":false,""type"":""Polygon"",""coordinates"":[[[75.21751229500882,30.201858233692572],[75.27872237466028,30.201858233692572],[75.27872237466028,30.26146597984663],[75.21751229500882,30.26146597984663],[75.21751229500882,30.201858233692572]]]}"
11_23,75.33993245431174,1934.5562165217123,1933.38153690196,1931.8426108719982,30.26146597984663,30.201858233692572,1.0064434402022,75.27872237466028,"{""geodesic"":false,""type"":""Polygon"",""coordinates"":[[[75.27872237466028,30.201858233692572],[75.33993245431174,30.201858233692572],[75.33993245431174,30.26146597984663],[75.27872237466028,30.26146597984663],[75.27872237466028,30.201858233692572]]]}"
11_24,75.4011425339632,1932.4583157259638,1931.5887679929704,1930.7967278043109,30.26146597984663,30.201858233692572,0.6083121582990726,75.33993245431174,"{""geodesic"":false,""type"":""Polygon"",""coordinates"":[[[75.33993245431174,30.201858233692572],[75.4011425339632,30.201858233692572],[75.4011425339632,30.26146597984663],[75.33993245431174,30.26146597984663],[75.33993245431174,30.201858233692572]]]}"
11_25,75.46235261361466,1934.0554308443402,1931.7982168449162,1930.7967278043109,30.26146597984663,30.201858233692572,1.2580822814267008,75.4011425339632,"{""geodesic"":false,""type"":""Polygon"",""coordinates"":[[[75.4011425339632,30.201858233692572],[75.46235261361466,30.201858233692572],[75.46235261361466,30.26146597984663],[75.4011425339632,30.26146597984663],[75.4011425339632,30.201858233692572]]]}"
11_26,75.52356269326613,1934.0554308443402,1933.4150195865495,1932.2336975849394,30.26146597984663,30.201858233692572,0.7566585806723403,75.46235261361467,"{""geodesic"":false,""type"":""Polygon"",""coordinates"":[[[75.46235261361467,30.201858233692572],[75.52356269326613,30.201858233692572],[75.52356269326613,30.26146597984663],[75.46235261361467,30.26146597984663],[75.46235261361467,30.201858233692572]]]}"
11_27,75.58477277291759,1932.5784761631694,1931.9686188119854,1931.267180708202,30.26146597984663,30.201858233692572,0.4813000980378633,75.52356269326613,"{""geodesic"":false,""type"":""Polygon"",""coordinates"":[[[75.52356269326613,30.201858233692572],[75.58477277291759,30.201858233692572],[75.58477277291759,30.26146597984663],[75.52356269326613,30.26146597984663],[75.52356269326613,30.201858233692572]]]}"
11_28,75.64598285256905,1932.392240827383,1931.5341504625378,1931.267180708202,30.26146597984663,30.201858233692572,0.3870457581560215,75.58477277291759,"{""geodesic"":false,""type"":""Polygon"",""coordinates"":[[[75.58477277291759,30.201858233692572],[75.64598285256905,30.201858233692572],[75.64598285256905,30.26146597984663],[75.58477277291759,30.26146597984663],[75.58477277291759,30.201858233692572]]]}"
11_29,75.70719293222051,1933.5865229752912,1932.5120195940297,1931.7506808703292,30.26146597984663,30.201858233692572,0.6820144410509043,75.64598285256905,"{""geodesic"":false,""type"":""Polygon"",""coordinates"":[[[75.64598285256905,30.201858233692572],[75.70719293222051,30.201858233692572],[75.70719293222051,30.26146597984663],[75.64598285256905,30.26146597984663],[75.64598285256905,30.201858233692572]]]}"
11_30,75.76840301187197,1934.7485171973165,1934.2013415524343,1932.983912044133,30.26146597984663,30.201858233692572,0.7307377956618524,75.70719293222051,"{""geodesic"":false,""type"":""Polygon"",""coordinates"":[[[75.70719293222051,30.201858233692572],[75.76840301187197,30.201858233692572],[75.76840301187197,30.26146597984663],[75.70719293222051,30.26146597984663],[75.70719293222051,30.201858233692572]]]}"
11_31,75.82961309152343,1935.6484570365171,1935.3667793719305,1934.0834966835719,30.26146597984663,30.201858233692572,0.5598265991357301,75.76840301187197,"{""geodesic"":false,""type"":""Polygon"",""coordinates"":[[[75.76840301187197,30.201858233692572],[75.82961309152343,30.201858233692572],[75.82961309152343,30.26146597984663],[75.76840301187197,30.26146597984663],[75.76840301187197,30.201858233692572]]]}"
11_32,75.89082317117489,1934.9095322997978,1933.7920290413622,1932.9015840522998,30.26146597984663,30.201858233692572,0.8465522034354399,75.82961309152343,"{""geodesic"":false,""type"":""Polygon"",""coordinates"":[[[75.82961309152343,30.201858233692572],[75.89082317117489,30.201858233692572],[75.89082317117489,30.26146597984663],[75.82961309152343,30.26146597984663],[75.82961309152343,30.201858233692572]]]}"
11_33,75.95203325082635,1934.0732605341823,1933.6922885415347,1932.9015840522998,30.26146597984663,30.201858233692572,0.5471729054688698,75.89082317117489,"{""geodesic"":false,""type"":""Polygon"",""coordinates"":[[[75.89082317117489,30.201858233692572],[75.95203325082635,30.201858233692572],[75.95203325082635,30.26146597984663],[75.89082317117489,30.26146597984663],[75.89082317117489,30.201858233692572]]]}"
11_34,76.0132433304778,1935.2369331225864,1934.5780123829186,1933.9192535128782,30.26146597984663,30.201858233692572,0.42425966267506776,75.95203325082635,"{""geodesic"":false,""type"":""Polygon"",""coordinates"":[[[75.95203325082635,30.201858233692572],[76.0132433304778,30.201858233692572],[76.0132433304778,30.26146597984663],[75.95203325082635,30.26146597984663],[75.95203325082635,30.201858233692572]]]}"
11_35,76.07445341012927,1935.2369331225864,1934.2640482906968,1933.275541159612,30.26146597984663,30.201858233692572,0.7416528696089951,76.0132433304778,"{""geodesic"":false,""type"":""Polygon"",""coordinates"":[[[76.0132433304778,30.201858233692572],[76.07445341012927,30.201858233692572],[76.07445341012927,30.26146597984663],[76.0132433304778,30.26146597984663],[76.0132433304778,30.201858233692572]]]}"
11_36,76.13566348978073,1933.895825638259,1933.5084408914993,1932.1547693055393,30.26146597984663,30.201858233692572,0.5897628263409719,76.07445341012927,"{""geodesic"":false,""type"":""Polygon"",""coordinates"":[[[76.07445341012927,30.201858233692572],[76.13566348978073,30.201858233692572],[76.13566348978073,30.26146597984663],[76.07445341012927,30.26146597984663],[76.07445341012927,30.201858233692572]]]}"
11_37,76.19687356943219,1935.5154282632566,1933.4496870932692,1932.1547693055393,30.26146597984663,30.201858233692572,1.2812930870734347,76.13566348978073,"{""geodesic"":false,""type"":""Polygon"",""coordinates"":[[[76.13566348978073,30.201858233692572],[76.19687356943219,30.201858233692572],[76.19687356943219,30.26146597984663],[76.13566348978073,30.26146597984663],[76.13566348978073,30.201858233692572]]]}"
11_38,76.25808364908364,1935.5154282632566,1934.2553216813037,1932.7102757934908,30.26146597984663,30.201858233692572,1.1231297124497528,76.19687356943219,"{""geodesic"":false,""type"":""Polygon"",""coordinates"":[[[76.19687356943219,30.201858233692572],[76.25808364908364,30.201858233692572],[76.25808364908364,30.26146597984663],[76.19687356943219,30.26146597984663],[76.19687356943219,30.201858233692572]]]}"
11_39,76.3192937287351,1934.9054445311128,1933.5963969855968,1932.9489001371776,30.26146597984663,30.201858233692572,0.593077348126281,76.25808364908364,"{""geodesic"":false,""type"":""Polygon"",""coordinates"":[[[76.25808364908364,30.201858233692572],[76.3192937287351,30.201858233692572],[76.3192937287351,30.26146597984663],[76.25808364908364,30.26146597984663],[76.25808364908364,30.201858233692572]]]}"
11_40,76.38050380838656,1933.8960314888686,1933.0936917715303,1931.5555475231745,30.26146597984663,30.201858233692572,0.9782125497158627,76.3192937287351,"{""geodesic"":false,""type"":""Polygon"",""coordinates"":[[[76.3192937287351,30.201858233692572],[76.38050380838656,30.201858233692572],[76.38050380838656,30.26146597984663],[76.3192937287351,30.26146597984663],[76.3192937287351,30.201858233692572]]]}"
11_41,76.44171388803802,1933.3710828464064,1932.4324797805218,1931.5555475231745,30.26146597984663,30.201858233692572,0.6931239997924918,76.38050380838656,"{""geodesic"":false,""type"":""Polygon"",""coordinates"":[[[76.38050380838656,30.201858233692572],[76.44171388803802,30.201858233692572],[76.44171388803802,30.26146597984663],[76.38050380838656,30.26146597984663],[76.38050380838656,30.201858233692572]]]}"
11_42,76.5029239676895,1934.7541862625103,1933.8237204303584,1931.823352289809,30.26146597984663,30.201858233692572,0.9392759654395044,76.44171388803804,"{""geodesic"":false,""type"":""Polygon"",""coordinates"":[[[76.44171388803804,30.201858233692572],[76.5029239676895,30.201858233692572],[76.5029239676895,30.26146597984663],[76.44171388803804,30.26146597984663],[76.44171388803804,30.201858233692572]]]}"
11_43,76.56413404734096,1934.2595368400605,1933.4772092678459,1932.365542916041,30.26146597984663,30.201858233692572,0.6858951707473555,76.5029239676895,"{""geodesic"":false,""type"":""Polygon"",""coordinates"":[[[76.5029239676895,30.201858233692572],[76.56413404734096,30.201858233692572],[76.56413404734096,30.26146597984663],[76.5029239676895,30.26146597984663],[76.5029239676895,30.201858233692572]]]}"
11_44,76.62534412699242,1933.6287680783607,1933.2487526206507,1932.365542916041,30.26146597984663,30.201858233692572,0.4842362084854231,76.56413404734096,"{""geodesic"":false,""type"":""Polygon"",""coordinates"":[[[76.56413404734096,30.201858233692572],[76.62534412699242,30.201858233692572],[76.62534412699242,30.26146597984663],[76.56413404734096,30.26146597984663],[76.56413404734096,30.201858233692572]]]}"
11_45,76.68655420664388,1935.751807063326,1935.4513977372824,1933.1414881861506,30.26146597984663,30.201858233692572,1.1635974367327575,76.62534412699242,"{""geodesic"":false,""type"":""Polygon"",""coordinates"":[[[76.62534412699242,30.201858233692572],[76.68655420664388,30.201858233692572],[76.68655420664388,30.26146597984663],[76.62534412699242,30.26146597984663],[76.62534412699242,30.201858233692572]]]}"
12_0,73.93210062232815,1941.1170800408368,1939.7644210610667,1938.208698597016,30.321073726000687,30.26146597984663,1.029413127351214,73.87089054267669,"{""geodesic"":false,""type"":""Polygon"",""coordinates"":[[[73.87089054267669,30.26146597984663],[73.93210062232815,30.26146597984663],[73.93210062232815,30.321073726000687],[73.87089054267669,30.321073726000687],[73.87089054267669,30.26146597984663]]]}"
12_1,73.99331070197961,1939.777851897161,1936.9355810867673,1933.7021711156667,30.321073726000687,30.26146597984663,2.2461265977586096,73.93210062232815,"{""geodesic"":false,""type"":""Polygon"",""coordinates"":[[[73.93210062232815,30.26146597984663],[73.99331070197961,30.26146597984663],[73.99331070197961,30.321073726000687],[73.93210062232815,30.321073726000687],[73.93210062232815,30.26146597984663]]]}"
12_2,74.05452078163107,1934.7871173669682,1933.1102966974174,1930.4767423910587,30.321073726000687,30.26146597984663,1.3442568693990098,73.99331070197961,"{""geodesic"":false,""type"":""Polygon"",""coordinates"":[[[73.99331070197961,30.26146597984663],[74.05452078163107,30.26146597984663],[74.05452078163107,30.321073726000687],[73.99331070197961,30.321073726000687],[73.99331070197961,30.26146597984663]]]}"
12_3,74.11573086128253,1934.3389069688747,1932.921370292472,1930.4767423910587,30.321073726000687,30.26146597984663,1.080760832403082,74.05452078163107,"{""geodesic"":false,""type"":""Polygon"",""coordinates"":[[[74.05452078163107,30.26146597984663],[74.11573086128253,30.26146597984663],[74.11573086128253,30.321073726000687],[74.05452078163107,30.321073726000687],[74.05452078163107,30.26146597984663]]]}"
12_4,74.17694094093399,1934.3389069688747,1933.8924278603565,1932.2346448295655,30.321073726000687,30.26146597984663,0.6553815964655061,74.11573086128253,"{""geodesic"":false,""type"":""Polygon"",""coordinates"":[[[74.11573086128253,30.26146597984663],[74.17694094093399,30.26146597984663],[74.17694094093399,30.321073726000687],[74.11573086128253,30.321073726000687],[74.11573086128253,30.26146597984663]]]}"
12_5,74.23815102058545,1934.3447687091148,1933.3599930697105,1932.9711933104243,30.321073726000687,30.26146597984663,0.44991796988185573,74.17694094093399,"{""geodesic"":false,""type"":""Polygon"",""coordinates"":[[[74.17694094093399,30.26146597984663],[74.23815102058545,30.26146597984663],[74.23815102058545,30.321073726000687],[74.17694094093399,30.321073726000687],[74.17694094093399,30.26146597984663]]]}"
12_6,74.29936110023691,1934.4240003280913,1932.982540052086,1932.3197857341027,30.321073726000687,30.26146597984663,0.6794888923616048,74.23815102058545,"{""geodesic"":false,""type"":""Polygon"",""coordinates"":[[[74.23815102058545,30.26146597984663],[74.29936110023691,30.26146597984663],[74.29936110023691,30.321073726000687],[74.23815102058545,30.321073726000687],[74.23815102058545,30.26146597984663]]]}"
12_7,74.36057117988837,1936.2044352203768,1934.9485916096996,1934.1325576772813,30.321073726000687,30.26146597984663,0.85035029438193,74.29936110023691,"{""geodesic"":false,""type"":""Polygon"",""coordinates"":[[[74.29936110023691,30.26146597984663],[74.36057117988837,30.26146597984663],[74.36057117988837,30.321073726000687],[74.29936110023691,30.321073726000687],[74.29936110023691,30.26146597984663]]]}"
12_8,74.42178125953983,1936.2044352203768,1935.419288664028,1935.0854391199853,30.321073726000687,30.26146597984663,0.47071884321611007,74.36057117988837,"{""geodesic"":false,""type"":""Polygon"",""coordinates"":[[[74.36057117988837,30.26146597984663],[74.42178125953983,30.26146597984663],[74.42178125953983,30.321073726000687],[74.36057117988837,30.321073726000687],[74.36057117988837,30.26146597984663]]]}"
12_9,74.4829913391913,1935.2598969511137,1933.4737669991155,1932.254687583074,30.321073726000687,30.26146597984663,1.018013783412952,74.42178125953984,"{""geodesic"":false,""type"":""Polygon"",""coordinates"":[[[74.42178125953984,30.26146597984663],[74.4829913391913,30.26146597984663],[74.4829913391913,30.321073726000687],[74.42178125953984,30.321073726000687],[74.42178125953984,30.26146597984663]]]}"
12_10,74.54420141884276,1934.1862125633047,1932.8033390543512,1931.4148531612357,30.321073726000687,30.26146597984663,0.9363565717271517,74.4829913391913,"{""geodesic"":false,""type"":""Polygon"",""coordinates"":[[[74.4829913391913,30.26146597984663],[74.54420141884276,30.26146597984663],[74.54420141884276,30.321073726000687],[74.4829913391913,30.321073726000687],[74.4829913391913,30.26146597984663]]]}"
12_11,74.60541149849422,1935.2650160810945,1933.3778280822144,1931.4148531612357,30.321073726000687,30.26146597984663,1.1463441974264756,74.54420141884276,"{""geodesic"":false,""type"":""Polygon"",""coordinates"":[[[74.54420141884276,30.26146597984663],[74.60541149849422,30.26146597984663],[74.60541149849422,30.321073726000687],[74.54420141884276,30.321073726000687],[74.54420141884276,30.26146597984663]]]}"
12_12,74.66662157814568,1935.440370552503,1933.4806187761844,1931.9823379042275,30.321073726000687,30.26146597984663,1.02445925027141,74.60541149849422,"{""geodesic"":false,""type"":""Polygon"",""coordinates"":[[[74.60541149849422,30.26146597984663],[74.66662157814568,30.26146597984663],[74.66662157814568,30.321073726000687],[74.60541149849422,30.321073726000687],[74.60541149849422,30.26146597984663]]]}"
12_13,74.72783165779714,1933.8916045639664,1932.618362120829,1931.5580984279227,30.321073726000687,30.26146597984663,0.8902304431387117,74.66662157814568,"{""geodesic"":false,""type"":""Polygon"",""coordinates"":[[[74.66662157814568,30.26146597984663],[74.72783165779714,30.26146597984663],[74.72783165779714,30.321073726000687],[74.66662157814568,30.321073726000687],[74.66662157814568,30.26146597984663]]]}"
12_14,74.7890417374486,1933.09683500864,1931.0979980043446,1930.1738327208855,30.321073726000687,30.26146597984663,0.9182512772917018,74.72783165779714,"{""geodesic"":false,""type"":""Polygon"",""coordinates"":[[[74.72783165779714,30.26146597984663],[74.7890417374486,30.26146597984663],[74.7890417374486,30.321073726000687],[74.72783165779714,30.321073726000687],[74.72783165779714,30.26146597984663]]]}"
12_15,74.85025181710006,1932.4593220299114,1931.065142288735,1930.1738327208855,30.321073726000687,30.26146597984663,0.843629339429748,74.7890417374486,"{""geodesic"":false,""type"":""Polygon"",""coordinates"":[[[74.7890417374486,30.26146597984663],[74.85025181710006,30.26146597984663],[74.85025181710006,30.321073726000687],[74.7890417374486,30.321073726000687],[74.7890417374486,30.26146597984663]]]}"
12_16,74.91146189675152,1932.8850232710172,1932.3858202757626,1931.196624710648,30.321073726000687,30.26146597984663,0.5859845508122229,74.85025181710006,"{""geodesic"":false,""type"":""Polygon"",""coordinates"":[[[74.85025181710006,30.26146597984663],[74.91146189675152,30.26146597984663],[74.91146189675152,30.321073726000687],[74.85025181710006,30.321073726000687],[74.85025181710006,30.26146597984663]]]}"
12_17,74.97267197640298,1934.6351136065837,1931.9384429474678,1930.9539771951981,30.321073726000687,30.26146597984663,1.0434257142833656,74.91146189675152,"{""geodesic"":false,""type"":""Polygon"",""coordinates"":[[[74.91146189675152,30.26146597984663],[74.97267197640298,30.26146597984663],[74.97267197640298,30.321073726000687],[74.91146189675152,30.321073726000687],[74.91146189675152,30.26146597984663]]]}"
12_18,75.03388205605444,1934.6351136065837,1932.7574126560485,1931.6143192438667,30.321073726000687,30.26146597984663,1.066920062937353,74.97267197640298,"{""geodesic"":false,""type"":""Polygon"",""coordinates"":[[[74.97267197640298,30.26146597984663],[75.03388205605444,30.26146597984663],[75.03388205605444,30.321073726000687],[74.97267197640298,30.321073726000687],[74.97267197640298,30.26146597984663]]]}"
12_19,75.0950921357059,1935.0334879675484,1933.700827587223,1932.019204757939,30.321073726000687,30.26146597984663,0.913553108543671,75.03388205605444,"{""geodesic"":false,""type"":""Polygon"",""coordinates"":[[[75.03388205605444,30.26146597984663],[75.0950921357059,30.26146597984663],[75.0950921357059,30.321073726000687],[75.03388205605444,30.321073726000687],[75.03388205605444,30.26146597984663]]]}"
12_20,75.15630221535736,1935.2784180518474,1933.4691606340514,1932.4100505484203,30.321073726000687,30.26146597984663,0.9104723461046572,75.0950921357059,"{""geodesic"":false,""type"":""Polygon"",""coordinates"":[[[75.0950921357059,30.26146597984663],[75.15630221535736,30.26146597984663],[75.15630221535736,30.321073726000687],[75.0950921357059,30.321073726000687],[75.0950921357059,30.26146597984663]]]}"
12_21,75.21751229500882,1934.9849130797481,1933.406252983809,1932.4100505484203,30.321073726000687,30.26146597984663,0.8651527150256256,75.15630221535736,"{""geodesic"":false,""type"":""Polygon"",""coordinates"":[[[75.15630221535736,30.26146597984663],[75.21751229500882,30.26146597984663],[75.21751229500882,30.321073726000687],[75.15630221535736,30.321073726000687],[75.15630221535736,30.26146597984663]]]}"
12_22,75.27872237466028,1934.9849130797481,1934.1944593534795,1933.663914719228,30.321073726000687,30.26146597984663,0.42516446352862586,75.21751229500882,"{""geodesic"":false,""type"":""Polygon"",""coordinates"":[[[75.21751229500882,30.26146597984663],[75.27872237466028,30.26146597984663],[75.27872237466028,30.321073726000687],[75.21751229500882,30.321073726000687],[75.21751229500882,30.26146597984663]]]}"
12_23,75.33993245431174,1934.5562165217123,1933.7568314873713,1931.8684247587944,30.321073726000687,30.26146597984663,0.910550088561748,75.27872237466028,"{""geodesic"":false,""type"":""Polygon"",""coordinates"":[[[75.27872237466028,30.26146597984663],[75.33993245431174,30.26146597984663],[75.33993245431174,30.321073726000687],[75.27872237466028,30.321073726000687],[75.27872237466028,30.26146597984663]]]}"
12_24,75.4011425339632,1932.9527634832396,1932.4201376326353,1930.7967278043109,30.321073726000687,30.26146597984663,0.6877872605641867,75.33993245431174,"{""geodesic"":false,""type"":""Polygon"",""coordinates"":[[[75.33993245431174,30.26146597984663],[75.4011425339632,30.26146597984663],[75.4011425339632,30.321073726000687],[75.33993245431174,30.321073726000687],[75.33993245431174,30.26146597984663]]]}"
12_25,75.46235261361466,1936.7470320913358,1932.4201989891906,1930.7967278043109,30.321073726000687,30.26146597984663,1.8689994481883594,75.4011425339632,"{""geodesic"":false,""type"":""Polygon"",""coordinates"":[[[75.4011425339632,30.26146597984663],[75.46235261361466,30.26146597984663],[75.46235261361466,30.321073726000687],[75.4011425339632,30.321073726000687],[75.4011425339632,30.26146597984663]]]}"
12_26,75.52356269326613,1936.7470320913358,1934.341683440108,1932.5784761631694,30.321073726000687,30.26146597984663,1.5290388871784655,75.46235261361467,"{""geodesic"":false,""type"":""Polygon"",""coordinates"":[[[75.46235261361467,30.26146597984663],[75.52356269326613,30.26146597984663],[75.52356269326613,30.321073726000687],[75.46235261361467,30.321073726000687],[75.46235261361467,30.26146597984663]]]}"
12_27,75.58477277291759,1935.5533737713747,1932.4660679646745,1931.9695910079554,30.321073726000687,30.26146597984663,1.3438823991890774,75.52356269326613,"{""geodesic"":false,""type"":""Polygon"",""coordinates"":[[[75.52356269326613,30.26146597984663],[75.58477277291759,30.26146597984663],[75.58477277291759,30.321073726000687],[75.52356269326613,30.321073726000687],[75.52356269326613,30.26146597984663]]]}"
12_28,75.64598285256905,1934.6403765938899,1932.03323521324,1931.3426656883673,30.321073726000687,30.26146597984663,0.9176760145891198,75.58477277291759,"{""geodesic"":false,""type"":""Polygon"",""coordinates"":[[[75.58477277291759,30.26146597984663],[75.64598285256905,30.26146597984663],[75.64598285256905,30.321073726000687],[75.58477277291759,30.321073726000687],[75.58477277291759,30.26146597984663]]]}"
12_29,75.70719293222051,1934.461562160107,1932.518231172694,1931.7506808703292,30.321073726000687,30.26146597984663,0.8747261802499767,75.64598285256905,"{""geodesic"":false,""type"":""Polygon"",""coordinates"":[[[75.64598285256905,30.26146597984663],[75.70719293222051,30.26146597984663],[75.70719293222051,30.321073726000687],[75.64598285256905,30.321073726000687],[75.64598285256905,30.26146597984663]]]}"
12_30,75.76840301187197,1936.6346903845235,1934.6216304469299,1932.983912044133,30.321073726000687,30.26146597984663,1.239200851758653,75.70719293222051,"{""geodesic"":false,""type"":""Polygon"",""coordinates"":[[[75.70719293222051,30.26146597984663],[75.76840301187197,30.26146597984663],[75.76840301187197,30.321073726000687],[75.70719293222051,30.321073726000687],[75.70719293222051,30.26146597984663]]]}"
12_31,75.82961309152343,1936.9216033209902,1935.360900647408,1934.7246288478439,30.321073726000687,30.26146597984663,0.7345217959365793,75.76840301187197,"{""geodesic"":false,""type"":""Polygon"",""coordinates"":[[[75.76840301187197,30.26146597984663],[75.82961309152343,30.26146597984663],[75.82961309152343,30.321073726000687],[75.76840301187197,30.321073726000687],[75.76840301187197,30.26146597984663]]]}"
12_32,75.89082317117489,1936.0560890869556,1934.577492139183,1932.9015840522998,30.321073726000687,30.26146597984663,0.9789935519716526,75.82961309152343,"{""geodesic"":false,""type"":""Polygon"",""coordinates"":[[[75.82961309152343,30.26146597984663],[75.89082317117489,30.26146597984663],[75.89082317117489,30.321073726000687],[75.82961309152343,30.321073726000687],[75.82961309152343,30.26146597984663]]]}"
12_33,75.95203325082635,1936.0560890869556,1933.97103092215,1932.9015840522998,30.321073726000687,30.26146597984663,0.9807393092081579,75.89082317117489,"{""geodesic"":false,""type"":""Polygon"",""coordinates"":[[[75.89082317117489,30.26146597984663],[75.95203325082635,30.26146597984663],[75.95203325082635,30.321073726000687],[75.89082317117489,30.321073726000687],[75.89082317117489,30.26146597984663]]]}"
12_34,76.0132433304778,1935.2369331225864,1933.890191675471,1933.4027067614722,30.321073726000687,30.26146597984663,0.633398293270449,75.95203325082635,"{""geodesic"":false,""type"":""Polygon"",""coordinates"":[[[75.95203325082635,30.26146597984663],[76.0132433304778,30.26146597984663],[76.0132433304778,30.321073726000687],[75.95203325082635,30.321073726000687],[75.95203325082635,30.26146597984663]]]}"
12_35,76.07445341012927,1935.2369331225864,1934.1740501891652,1933.6035518978829,30.321073726000687,30.26146597984663,0.6540629338761051,76.0132433304778,"{""geodesic"":false,""type"":""Polygon"",""coordinates"":[[[76.0132433304778,30.26146597984663],[76.07445341012927,30.26146597984663],[76.07445341012927,30.321073726000687],[76.0132433304778,30.321073726000687],[76.0132433304778,30.26146597984663]]]}"
12_36,76.13566348978073,1933.895825638259,1932.319063860882,1931.378555812275,30.321073726000687,30.26146597984663,0.8274458148331159,76.07445341012927,"{""geodesic"":false,""type"":""Polygon"",""coordinates"":[[[76.07445341012927,30.26146597984663],[76.13566348978073,30.26146597984663],[76.13566348978073,30.321073726000687],[76.07445341012927,30.321073726000687],[76.07445341012927,30.26146597984663]]]}"
12_37,76.19687356943219,1935.5154282632566,1934.039185895277,1932.6675970619522,30.321073726000687,30.26146597984663,0.9439451358410085,76.13566348978073,"{""geodesic"":false,""type"":""Polygon"",""coordinates"":[[[76.13566348978073,30.26146597984663],[76.19687356943219,30.26146597984663],[76.19687356943219,30.321073726000687],[76.13566348978073,30.321073726000687],[76.13566348978073,30.26146597984663]]]}"
12_38,76.25808364908364,1937.0093329579613,1935.8998980248755,1934.5451419469262,30.321073726000687,30.26146597984663,0.8149749089190942,76.19687356943219,"{""geodesic"":false,""type"":""Polygon"",""coordinates"":[[[76.19687356943219,30.26146597984663],[76.25808364908364,30.26146597984663],[76.25808364908364,30.321073726000687],[76.19687356943219,30.321073726000687],[76.19687356943219,30.26146597984663]]]}"
12_39,76.3192937287351,1937.0093329579613,1935.539962667541,1933.8199691615885,30.321073726000687,30.26146597984663,1.0249912872984408,76.25808364908364,"{""geodesic"":false,""type"":""Polygon"",""coordinates"":[[[76.25808364908364,30.26146597984663],[76.3192937287351,30.26146597984663],[76.3192937287351,30.321073726000687],[76.25808364908364,30.321073726000687],[76.25808364908364,30.26146597984663]]]}"
12_40,76.38050380838656,1937.061533706769,1935.3397131472586,1932.2774231396052,30.321073726000687,30.26146597984663,1.5857915527309638,76.3192937287351,"{""geodesic"":false,""type"":""Polygon"",""coordinates"":[[[76.3192937287351,30.26146597984663],[76.38050380838656,30.26146597984663],[76.38050380838656,30.321073726000687],[76.3192937287351,30.321073726000687],[76.3192937287351,30.26146597984663]]]}"
12_41,76.44171388803802,1937.1073490987935,1934.9636291651948,1932.2774231396052,30.321073726000687,30.26146597984663,1.778095618536268,76.38050380838656,"{""geodesic"":false,""type"":""Polygon"",""coordinates"":[[[76.38050380838656,30.26146597984663],[76.44171388803802,30.26146597984663],[76.44171388803802,30.321073726000687],[76.38050380838656,30.321073726000687],[76.38050380838656,30.26146597984663]]]}"
12_42,76.5029239676895,1937.1073490987935,1935.399206524826,1933.3710828464064,30.321073726000687,30.26146597984663,1.07172083376222,76.44171388803804,"{""geodesic"":false,""type"":""Polygon"",""coordinates"":[[[76.44171388803804,30.26146597984663],[76.5029239676895,30.26146597984663],[76.5029239676895,30.321073726000687],[76.44171388803804,30.321073726000687],[76.44171388803804,30.26146597984663]]]}"
12_43,76.56413404734096,1935.8864443074249,1934.4299685204862,1932.6791284245303,30.321073726000687,30.26146597984663,1.156115955345416,76.5029239676895,"{""geodesic"":false,""type"":""Polygon"",""coordinates"":[[[76.5029239676895,30.26146597984663],[76.56413404734096,30.26146597984663],[76.56413404734096,30.321073726000687],[76.5029239676895,30.321073726000687],[76.5029239676895,30.26146597984663]]]}"
12_44,76.62534412699242,1933.6287680783607,1932.6716109998868,1932.0455455390024,30.321073726000687,30.26146597984663,0.580983503773808,76.56413404734096,"{""geodesic"":false,""type"":""Polygon"",""coordinates"":[[[76.56413404734096,30.26146597984663],[76.62534412699242,30.26146597984663],[76.62534412699242,30.321073726000687],[76.56413404734096,30.321073726000687],[76.56413404734096,30.26146597984663]]]}"
12_45,76.68655420664388,1934.04144913633,1933.9240293571997,1932.2048040738014,30.321073726000687,30.26146597984663,0.6518485142483289,76.62534412699242,"{""geodesic"":false,""type"":""Polygon"",""coordinates"":[[[76.62534412699242,30.26146597984663],[76.68655420664388,30.26146597984663],[76.68655420664388,30.321073726000687],[76.62534412699242,30.321073726000687],[76.62534412699242,30.26146597984663]]]}"
13_0,73.93210062232815,1941.1170800408368,1939.4330025797847,1935.811784084032,30.380681472154745,30.321073726000687,1.8912994034791173,73.87089054267669,"{""geodesic"":false,""type"":""Polygon"",""coordinates"":[[[73.87089054267669,30.321073726000687],[73.93210062232815,30.321073726000687],[73.93210062232815,30.380681472154745],[73.87089054267669,30.380681472154745],[73.87089054267669,30.321073726000687]]]}"
13_1,73.99331070197961,1936.51914863606,1936.012470091932,1934.7871173669682,30.380681472154745,30.321073726000687,0.6671331254641579,73.93210062232815,"{""geodesic"":false,""type"":""Polygon"",""coordinates"":[[[73.93210062232815,30.321073726000687],[73.99331070197961,30.321073726000687],[73.99331070197961,30.380681472154745],[73.93210062232815,30.380681472154745],[73.93210062232815,30.321073726000687]]]}"
13_2,74.05452078163107,1936.298773148533,1934.3729777772287,1933.002903188588,30.380681472154745,30.321073726000687,1.1874730332976782,73.99331070197961,"{""geodesic"":false,""type"":""Polygon"",""coordinates"":[[[73.99331070197961,30.321073726000687],[74.05452078163107,30.321073726000687],[74.05452078163107,30.380681472154745],[73.99331070197961,30.380681472154745],[73.99331070197961,30.321073726000687]]]}"
13_3,74.11573086128253,1935.2082646675922,1933.450612884483,1932.2346448295655,30.380681472154745,30.321073726000687,1.0816808045835544,74.05452078163107,"{""geodesic"":false,""type"":""Polygon"",""coordinates"":[[[74.05452078163107,30.321073726000687],[74.11573086128253,30.321073726000687],[74.11573086128253,30.380681472154745],[74.05452078163107,30.380681472154745],[74.05452078163107,30.321073726000687]]]}"
13_4,74.17694094093399,1934.304324713541,1933.114055675726,1932.2346448295655,30.380681472154745,30.321073726000687,0.8098932974807356,74.11573086128253,"{""geodesic"":false,""type"":""Polygon"",""coordinates"":[[[74.11573086128253,30.321073726000687],[74.17694094093399,30.321073726000687],[74.17694094093399,30.380681472154745],[74.11573086128253,30.380681472154745],[74.11573086128253,30.321073726000687]]]}"
13_5,74.23815102058545,1934.339256729885,1933.914028432259,1933.510819446256,30.380681472154745,30.321073726000687,0.3386115510195214,74.17694094093399,"{""geodesic"":false,""type"":""Polygon"",""coordinates"":[[[74.17694094093399,30.321073726000687],[74.23815102058545,30.321073726000687],[74.23815102058545,30.380681472154745],[74.17694094093399,30.380681472154745],[74.17694094093399,30.321073726000687]]]}"
13_6,74.29936110023691,1936.1220662265866,1934.1447666122506,1933.4889127408167,30.380681472154745,30.321073726000687,0.8767471273310323,74.23815102058545,"{""geodesic"":false,""type"":""Polygon"",""coordinates"":[[[74.23815102058545,30.321073726000687],[74.29936110023691,30.321073726000687],[74.29936110023691,30.380681472154745],[74.23815102058545,30.380681472154745],[74.23815102058545,30.321073726000687]]]}"
13_7,74.36057117988837,1936.8789935215939,1935.5174559850504,1934.4240003280913,30.380681472154745,30.321073726000687,0.9028856858278222,74.29936110023691,"{""geodesic"":false,""type"":""Polygon"",""coordinates"":[[[74.29936110023691,30.321073726000687],[74.36057117988837,30.321073726000687],[74.36057117988837,30.380681472154745],[74.29936110023691,30.380681472154745],[74.29936110023691,30.321073726000687]]]}"
13_8,74.42178125953983,1936.8789935215939,1935.3757754425246,1934.3408784010887,30.380681472154745,30.321073726000687,0.9713365358628842,74.36057117988837,"{""geodesic"":false,""type"":""Polygon"",""coordinates"":[[[74.36057117988837,30.321073726000687],[74.42178125953983,30.321073726000687],[74.42178125953983,30.380681472154745],[74.36057117988837,30.380681472154745],[74.36057117988837,30.321073726000687]]]}"
13_9,74.4829913391913,1935.1226696387546,1934.2050500992543,1933.934736857363,30.380681472154745,30.321073726000687,0.4218786079052309,74.42178125953984,"{""geodesic"":false,""type"":""Polygon"",""coordinates"":[[[74.42178125953984,30.321073726000687],[74.4829913391913,30.321073726000687],[74.4829913391913,30.380681472154745],[74.42178125953984,30.380681472154745],[74.42178125953984,30.321073726000687]]]}"
13_10,74.54420141884276,1935.482743050002,1934.3361573106529,1933.7698522124306,30.380681472154745,30.321073726000687,0.655549561485725,74.4829913391913,"{""geodesic"":false,""type"":""Polygon"",""coordinates"":[[[74.4829913391913,30.321073726000687],[74.54420141884276,30.321073726000687],[74.54420141884276,30.380681472154745],[74.4829913391913,30.380681472154745],[74.4829913391913,30.321073726000687]]]}"
13_11,74.60541149849422,1935.482743050002,1935.0090306890277,1933.7698522124306,30.380681472154745,30.321073726000687,0.6446285659842308,74.54420141884276,"{""geodesic"":false,""type"":""Polygon"",""coordinates"":[[[74.54420141884276,30.321073726000687],[74.60541149849422,30.321073726000687],[74.60541149849422,30.380681472154745],[74.54420141884276,30.380681472154745],[74.54420141884276,30.321073726000687]]]}"
13_12,74.66662157814568,1935.440370552503,1934.7179379642394,1932.6526966914903,30.380681472154745,30.321073726000687,1.136590293503344,74.60541149849422,"{""geodesic"":false,""type"":""Polygon"",""coordinates"":[[[74.60541149849422,30.321073726000687],[74.66662157814568,30.321073726000687],[74.66662157814568,30.380681472154745],[74.60541149849422,30.380681472154745],[74.60541149849422,30.321073726000687]]]}"
13_13,74.72783165779714,1933.3679076020057,1932.9607650975502,1932.0638431725167,30.380681472154745,30.321073726000687,0.493499651592702,74.66662157814568,"{""geodesic"":false,""type"":""Polygon"",""coordinates"":[[[74.66662157814568,30.321073726000687],[74.72783165779714,30.321073726000687],[74.72783165779714,30.380681472154745],[74.66662157814568,30.380681472154745],[74.66662157814568,30.321073726000687]]]}"
13_14,74.7890417374486,1933.09683500864,1932.2661341118835,1931.5868192750277,30.380681472154745,30.321073726000687,0.5188031538240696,74.72783165779714,"{""geodesic"":false,""type"":""Polygon"",""coordinates"":[[[74.72783165779714,30.321073726000687],[74.7890417374486,30.321073726000687],[74.7890417374486,30.380681472154745],[74.72783165779714,30.380681472154745],[74.72783165779714,30.321073726000687]]]}"
13_15,74.85025181710006,1932.4593220299114,1931.8889839853293,1931.6513389974382,30.380681472154745,30.321073726000687,0.32767259043244856,74.7890417374486,"{""geodesic"":false,""type"":""Polygon"",""coordinates"":[[[74.7890417374486,30.321073726000687],[74.85025181710006,30.321073726000687],[74.85025181710006,30.380681472154745],[74.7890417374486,30.380681472154745],[74.7890417374486,30.321073726000687]]]}"
13_16,74.91146189675152,1932.4593220299114,1932.153238991155,1931.6513389974382,30.380681472154745,30.321073726000687,0.36194505926775183,74.85025181710006,"{""geodesic"":false,""type"":""Polygon"",""coordinates"":[[[74.85025181710006,30.321073726000687],[74.91146189675152,30.321073726000687],[74.91146189675152,30.380681472154745],[74.85025181710006,30.380681472154745],[74.85025181710006,30.321073726000687]]]}"
13_17,74.97267197640298,1934.6351136065837,1933.1674920124308,1931.6716211849032,30.380681472154745,30.321073726000687,1.0587044680855555,74.91146189675152,"{""geodesic"":false,""type"":""Polygon"",""coordinates"":[[[74.91146189675152,30.321073726000687],[74.97267197640298,30.321073726000687],[74.97267197640298,30.380681472154745],[74.91146189675152,30.380681472154745],[74.91146189675152,30.321073726000687]]]}"
13_18,75.03388205605444,1934.6351136065837,1934.3544837305233,1934.0127495434767,30.380681472154745,30.321073726000687,0.24707905844335565,74.97267197640298,"{""geodesic"":false,""type"":""Polygon"",""coordinates"":[[[74.97267197640298,30.321073726000687],[75.03388205605444,30.321073726000687],[75.03388205605444,30.380681472154745],[74.97267197640298,30.380681472154745],[74.97267197640298,30.321073726000687]]]}"
13_19,75.0950921357059,1935.0334879675484,1934.6034130403327,1934.0127495434767,30.380681472154745,30.321073726000687,0.405361340078496,75.03388205605444,"{""geodesic"":false,""type"":""Polygon"",""coordinates"":[[[75.03388205605444,30.321073726000687],[75.0950921357059,30.321073726000687],[75.0950921357059,30.380681472154745],[75.03388205605444,30.380681472154745],[75.03388205605444,30.321073726000687]]]}"
13_20,75.15630221535736,1935.0334879675484,1933.4348118525625,1932.221718832464,30.380681472154745,30.321073726000687,1.0809054321914344,75.0950921357059,"{""geodesic"":false,""type"":""Polygon"",""coordinates"":[[[75.0950921357059,30.321073726000687],[75.15630221535736,30.321073726000687],[75.15630221535736,30.380681472154745],[75.0950921357059,30.380681472154745],[75.0950921357059,30.321073726000687]]]}"
13_21,75.21751229500882,1933.663914719228,1933.0146621757967,1932.4986664572293,30.380681472154745,30.321073726000687,0.4407966199650824,75.15630221535736,"{""geodesic"":false,""type"":""Polygon"",""coordinates"":[[[75.15630221535736,30.321073726000687],[75.21751229500882,30.321073726000687],[75.21751229500882,30.380681472154745],[75.15630221535736,30.380681472154745],[75.15630221535736,30.321073726000687]]]}"
13_22,75.27872237466028,1934.5202642118277,1934.068770121354,1932.930895102179,30.380681472154745,30.321073726000687,0.6018141330152009,75.21751229500882,"{""geodesic"":false,""type"":""Polygon"",""coordinates"":[[[75.21751229500882,30.321073726000687],[75.27872237466028,30.321073726000687],[75.27872237466028,30.380681472154745],[75.21751229500882,30.380681472154745],[75.21751229500882,30.321073726000687]]]}"
13_23,75.33993245431174,1933.4842879927885,1932.5412342838167,1930.8992625249605,30.380681472154745,30.321073726000687,0.9625049061754667,75.27872237466028,"{""geodesic"":false,""type"":""Polygon"",""coordinates"":[[[75.27872237466028,30.321073726000687],[75.33993245431174,30.321073726000687],[75.33993245431174,30.380681472154745],[75.27872237466028,30.380681472154745],[75.27872237466028,30.321073726000687]]]}"
13_24,75.4011425339632,1931.93215324559,1931.6919694461556,1930.8992625249605,30.380681472154745,30.321073726000687,0.41529944106105454,75.33993245431174,"{""geodesic"":false,""type"":""Polygon"",""coordinates"":[[[75.33993245431174,30.321073726000687],[75.4011425339632,30.321073726000687],[75.4011425339632,30.380681472154745],[75.33993245431174,30.380681472154745],[75.33993245431174,30.321073726000687]]]}"
13_25,75.46235261361466,1936.7470320913358,1932.4353426584294,1931.7292084436322,30.380681472154745,30.321073726000687,1.9330988192751057,75.4011425339632,"{""geodesic"":false,""type"":""Polygon"",""coordinates"":[[[75.4011425339632,30.321073726000687],[75.46235261361466,30.321073726000687],[75.46235261361466,30.380681472154745],[75.4011425339632,30.380681472154745],[75.4011425339632,30.321073726000687]]]}"
13_26,75.52356269326613,1936.7470320913358,1936.122505655162,1935.4409091944572,30.380681472154745,30.321073726000687,0.5131386847041912,75.46235261361467,"{""geodesic"":false,""type"":""Polygon"",""coordinates"":[[[75.46235261361467,30.321073726000687],[75.52356269326613,30.321073726000687],[75.52356269326613,30.380681472154745],[75.46235261361467,30.380681472154745],[75.46235261361467,30.321073726000687]]]}"
13_27,75.58477277291759,1935.8286306863517,1935.0658995611052,1934.6403765938899,30.380681472154745,30.321073726000687,0.502659499636211,75.52356269326613,"{""geodesic"":false,""type"":""Polygon"",""coordinates"":[[[75.52356269326613,30.321073726000687],[75.58477277291759,30.321073726000687],[75.58477277291759,30.380681472154745],[75.52356269326613,30.380681472154745],[75.52356269326613,30.321073726000687]]]}"
13_28,75.64598285256905,1934.7787652673517,1933.304469765295,1932.8794987669892,30.380681472154745,30.321073726000687,0.7538530964305911,75.58477277291759,"{""geodesic"":false,""type"":""Polygon"",""coordinates"":[[[75.58477277291759,30.321073726000687],[75.64598285256905,30.321073726000687],[75.64598285256905,30.380681472154745],[75.58477277291759,30.380681472154745],[75.58477277291759,30.321073726000687]]]}"
13_29,75.70719293222051,1934.832013994383,1933.704691036478,1932.8794987669892,30.380681472154745,30.321073726000687,0.7432841650049828,75.64598285256905,"{""geodesic"":false,""type"":""Polygon"",""coordinates"":[[[75.64598285256905,30.321073726000687],[75.70719293222051,30.321073726000687],[75.70719293222051,30.380681472154745],[75.64598285256905,30.380681472154745],[75.64598285256905,30.321073726000687]]]}"
13_30,75.76840301187197,1937.0911066522606,1936.0253850601505,1934.461562160107,30.380681472154745,30.321073726000687,1.1273775627824498,75.70719293222051,"{""geodesic"":false,""type"":""Polygon"",""coordinates"":[[[75.70719293222051,30.321073726000687],[75.76840301187197,30.321073726000687],[75.76840301187197,30.380681472154745],[75.70719293222051,30.380681472154745],[75.70719293222051,30.321073726000687]]]}"
13_31,75.82961309152343,1937.0911066522606,1936.635842527829,1935.5079194640032,30.380681472154745,30.321073726000687,0.5358413003362101,75.76840301187197,"{""geodesic"":false,""type"":""Polygon"",""coordinates"":[[[75.76840301187197,30.321073726000687],[75.82961309152343,30.321073726000687],[75.82961309152343,30.380681472154745],[75.76840301187197,30.380681472154745],[75.76840301187197,30.321073726000687]]]}"
13_32,75.89082317117489,1936.4236522641793,1935.9081864552534,1935.5079194640032,30.380681472154745,30.321073726000687,0.3310244104724403,75.82961309152343,"{""geodesic"":false,""type"":""Polygon"",""coordinates"":[[[75.82961309152343,30.321073726000687],[75.89082317117489,30.321073726000687],[75.89082317117489,30.380681472154745],[75.82961309152343,30.380681472154745],[75.82961309152343,30.321073726000687]]]}"
13_33,75.95203325082635,1936.4236522641793,1935.415495876539,1934.782911745636,30.380681472154745,30.321073726000687,0.616012517870443,75.89082317117489,"{""geodesic"":false,""type"":""Polygon"",""coordinates"":[[[75.89082317117489,30.321073726000687],[75.95203325082635,30.321073726000687],[75.95203325082635,30.380681472154745],[75.89082317117489,30.380681472154745],[75.89082317117489,30.321073726000687]]]}"
13_34,76.0132433304778,1935.9708016626314,1934.8840993270405,1934.6335906741049,30.380681472154745,30.321073726000687,0.4402643007398716,75.95203325082635,"{""geodesic"":false,""type"":""Polygon"",""coordinates"":[[[75.95203325082635,30.321073726000687],[76.0132433304778,30.321073726000687],[76.0132433304778,30.380681472154745],[75.95203325082635,30.380681472154745],[75.95203325082635,30.321073726000687]]]}"
13_35,76.07445341012927,1935.2101420826234,1934.263358350942,1933.2392271372369,30.380681472154745,30.321073726000687,0.8244726224510749,76.0132433304778,"{""geodesic"":false,""type"":""Polygon"",""coordinates"":[[[76.0132433304778,30.321073726000687],[76.07445341012927,30.321073726000687],[76.07445341012927,30.380681472154745],[76.0132433304778,30.380681472154745],[76.0132433304778,30.321073726000687]]]}"
13_36,76.13566348978073,1935.0685499906742,1932.6470065439148,1932.1561882806106,30.380681472154745,30.321073726000687,0.9258378416649652,76.07445341012927,"{""geodesic"":false,""type"":""Polygon"",""coordinates"":[[[76.07445341012927,30.321073726000687],[76.13566348978073,30.321073726000687],[76.13566348978073,30.380681472154745],[76.07445341012927,30.380681472154745],[76.07445341012927,30.321073726000687]]]}"
13_37,76.19687356943219,1935.0685499906742,1933.7078715054627,1932.6675970619522,30.380681472154745,30.321073726000687,0.8928148583847344,76.13566348978073,"{""geodesic"":false,""type"":""Polygon"",""coordinates"":[[[76.13566348978073,30.321073726000687],[76.19687356943219,30.321073726000687],[76.19687356943219,30.380681472154745],[76.13566348978073,30.380681472154745],[76.13566348978073,30.321073726000687]]]}"
13_38,76.25808364908364,1934.8847398799803,1934.103163517866,1931.5227406659305,30.380681472154745,30.321073726000687,1.3210257867397681,76.19687356943219,"{""geodesic"":false,""type"":""Polygon"",""coordinates"":[[[76.19687356943219,30.321073726000687],[76.25808364908364,30.321073726000687],[76.25808364908364,30.380681472154745],[76.19687356943219,30.380681472154745],[76.19687356943219,30.321073726000687]]]}"
13_39,76.3192937287351,1935.7601561689974,1933.798238568267,1931.4763734125506,30.380681472154745,30.321073726000687,1.624307857571891,76.25808364908364,"{""geodesic"":false,""type"":""Polygon"",""coordinates"":[[[76.25808364908364,30.321073726000687],[76.3192937287351,30.321073726000687],[76.3192937287351,30.380681472154745],[76.25808364908364,30.380681472154745],[76.25808364908364,30.321073726000687]]]}"
13_40,76.38050380838656,1937.061533706769,1935.6918338922421,1933.5963965799924,30.380681472154745,30.321073726000687,1.2377043671658263,76.3192937287351,"{""geodesic"":false,""type"":""Polygon"",""coordinates"":[[[76.3192937287351,30.321073726000687],[76.38050380838656,30.321073726000687],[76.38050380838656,30.380681472154745],[76.3192937287351,30.380681472154745],[76.3192937287351,30.321073726000687]]]}"
13_41,76.44171388803802,1937.1073490987935,1936.4967094846795,1934.8716760981506,30.380681472154745,30.321073726000687,0.9816304689326745,76.38050380838656,"{""geodesic"":false,""type"":""Polygon"",""coordinates"":[[[76.38050380838656,30.321073726000687],[76.44171388803802,30.321073726000687],[76.44171388803802,30.380681472154745],[76.38050380838656,30.380681472154745],[76.38050380838656,30.321073726000687]]]}"
13_42,76.5029239676895,1937.1073490987935,1935.9043905927294,1934.4428102538009,30.380681472154745,30.321073726000687,0.9676217692653514,76.44171388803804,"{""geodesic"":false,""type"":""Polygon"",""coordinates"":[[[76.44171388803804,30.321073726000687],[76.5029239676895,30.321073726000687],[76.5029239676895,30.380681472154745],[76.44171388803804,30.380681472154745],[76.44171388803804,30.321073726000687]]]}"
13_43,76.56413404734096,1935.8864443074249,1934.516079149915,1932.6791284245303,30.380681472154745,30.321073726000687,1.1601415652893439,76.5029239676895,"{""geodesic"":false,""type"":""Polygon"",""coordinates"":[[[76.5029239676895,30.321073726000687],[76.56413404734096,30.321073726000687],[76.56413404734096,30.380681472154745],[76.5029239676895,30.380681472154745],[76.5029239676895,30.321073726000687]]]}"
13_44,76.62534412699242,1934.492880315572,1932.519823469307,1932.0455455390024,30.380681472154745,30.321073726000687,0.9096888971301627,76.56413404734096,"{""geodesic"":false,""type"":""Polygon"",""coordinates"":[[[76.56413404734096,30.321073726000687],[76.62534412699242,30.321073726000687],[76.62534412699242,30.380681472154745],[76.56413404734096,30.380681472154745],[76.56413404734096,30.321073726000687]]]}"
13_45,76.68655420664388,1933.8663522195764,1933.4546564872403,1932.0455455390024,30.380681472154745,30.321073726000687,0.5621864959604636,76.62534412699242,"{""geodesic"":false,""type"":""Polygon"",""coordinates"":[[[76.62534412699242,30.321073726000687],[76.68655420664388,30.321073726000687],[76.68655420664388,30.380681472154745],[76.62534412699242,30.380681472154745],[76.62534412699242,30.321073726000687]]]}"
13_46,76.74776428629534,1933.119287104431,1932.8890823602055,1932.555313494897,30.380681472154745,30.321073726000687,0.22832503685089464,76.68655420664388,"{""geodesic"":false,""type"":""Polygon"",""coordinates"":[[[76.68655420664388,30.321073726000687],[76.74776428629534,30.321073726000687],[76.74776428629534,30.380681472154745],[76.68655420664388,30.380681472154745],[76.68655420664388,30.321073726000687]]]}"
13_49,76.93139452524971,1935.5742592172735,1935.0358874902424,1934.6317473469348,30.380681472154745,30.321073726000687,0.4301710940396853,76.87018444559826,"{""geodesic"":false,""type"":""Polygon"",""coordinates"":[[[76.87018444559826,30.321073726000687],[76.93139452524971,30.321073726000687],[76.93139452524971,30.380681472154745],[76.87018444559826,30.380681472154745],[76.87018444559826,30.321073726000687]]]}"
14_0,73.93210062232815,1940.9195492992626,1939.4639966388486,1935.811784084032,30.440289218308802,30.380681472154745,1.7097246376041928,73.87089054267669,"{""geodesic"":false,""type"":""Polygon"",""coordinates"":[[[73.87089054267669,30.380681472154745],[73.93210062232815,30.380681472154745],[73.93210062232815,30.440289218308802],[73.87089054267669,30.440289218308802],[73.87089054267669,30.380681472154745]]]}"
14_1,73.99331070197961,1938.6790789891818,1937.0813613555451,1935.811784084032,30.440289218308802,30.380681472154745,1.1129904206096308,73.93210062232815,"{""geodesic"":false,""type"":""Polygon"",""coordinates"":[[[73.93210062232815,30.380681472154745],[73.99331070197961,30.380681472154745],[73.99331070197961,30.440289218308802],[73.93210062232815,30.440289218308802],[73.93210062232815,30.380681472154745]]]}"
14_2,74.05452078163107,1936.3561665409838,1935.9254100166831,1935.2082646675922,30.440289218308802,30.380681472154745,0.4578205353069149,73.99331070197961,"{""geodesic"":false,""type"":""Polygon"",""coordinates"":[[[73.99331070197961,30.380681472154745],[74.05452078163107,30.380681472154745],[74.05452078163107,30.440289218308802],[73.99331070197961,30.440289218308802],[73.99331070197961,30.380681472154745]]]}"
14_3,74.11573086128253,1935.907193919018,1934.8924605510404,1934.1185586735915,30.440289218308802,30.380681472154745,0.5442771658384515,74.05452078163107,"{""geodesic"":false,""type"":""Polygon"",""coordinates"":[[[74.05452078163107,30.380681472154745],[74.11573086128253,30.380681472154745],[74.11573086128253,30.440289218308802],[74.05452078163107,30.440289218308802],[74.05452078163107,30.380681472154745]]]}"
14_4,74.17694094093399,1934.7895950727561,1934.4352490188924,1934.1185586735915,30.440289218308802,30.380681472154745,0.24520297752877415,74.11573086128253,"{""geodesic"":false,""type"":""Polygon"",""coordinates"":[[[74.11573086128253,30.380681472154745],[74.17694094093399,30.380681472154745],[74.17694094093399,30.440289218308802],[74.11573086128253,30.440289218308802],[74.11573086128253,30.380681472154745]]]}"
14_5,74.23815102058545,1934.3809903578292,1934.0990048685758,1933.6025358202664,30.440289218308802,30.380681472154745,0.3211401932198465,74.17694094093399,"{""geodesic"":false,""type"":""Polygon"",""coordinates"":[[[74.17694094093399,30.380681472154745],[74.23815102058545,30.380681472154745],[74.23815102058545,30.440289218308802],[74.17694094093399,30.440289218308802],[74.17694094093399,30.380681472154745]]]}"
14_6,74.29936110023691,1936.1220662265866,1934.9069304019308,1933.6025358202664,30.440289218308802,30.380681472154745,0.8941337602545433,74.23815102058545,"{""geodesic"":false,""type"":""Polygon"",""coordinates"":[[[74.23815102058545,30.380681472154745],[74.29936110023691,30.380681472154745],[74.29936110023691,30.440289218308802],[74.23815102058545,30.440289218308802],[74.23815102058545,30.380681472154745]]]}"
14_7,74.36057117988837,1937.3815473845393,1936.4753350849721,1935.9145940524904,30.440289218308802,30.380681472154745,0.5882630796115,74.29936110023691,"{""geodesic"":false,""type"":""Polygon"",""coordinates"":[[[74.29936110023691,30.380681472154745],[74.36057117988837,30.380681472154745],[74.36057117988837,30.440289218308802],[74.29936110023691,30.440289218308802],[74.29936110023691,30.380681472154745]]]}"
14_8,74.42178125953983,1937.3815473845393,1935.6890752555698,1934.3408784010887,30.440289218308802,30.380681472154745,1.1890908611182363,74.36057117988837,"{""geodesic"":false,""type"":""Polygon"",""coordinates"":[[[74.36057117988837,30.380681472154745],[74.42178125953983,30.380681472154745],[74.42178125953983,30.440289218308802],[74.36057117988837,30.440289218308802],[74.36057117988837,30.380681472154745]]]}"
14_9,74.4829913391913,1935.5248702291437,1934.1119141507315,1933.934736857363,30.440289218308802,30.380681472154745,0.5734029097263228,74.42178125953984,"{""geodesic"":false,""type"":""Polygon"",""coordinates"":[[[74.42178125953984,30.380681472154745],[74.4829913391913,30.380681472154745],[74.4829913391913,30.440289218308802],[74.42178125953984,30.440289218308802],[74.42178125953984,30.380681472154745]]]}"
14_10,74.54420141884276,1935.482743050002,1934.7941720340855,1934.1225499458376,30.440289218308802,30.380681472154745,0.4824899671739399,74.4829913391913,"{""geodesic"":false,""type"":""Polygon"",""coordinates"":[[[74.4829913391913,30.380681472154745],[74.54420141884276,30.380681472154745],[74.54420141884276,30.440289218308802],[74.4829913391913,30.440289218308802],[74.4829913391913,30.380681472154745]]]}"
14_11,74.60541149849422,1935.482743050002,1935.2910324312634,1934.7303355538122,30.440289218308802,30.380681472154745,0.2794520951595923,74.54420141884276,"{""geodesic"":false,""type"":""Polygon"",""coordinates"":[[[74.54420141884276,30.380681472154745],[74.60541149849422,30.380681472154745],[74.60541149849422,30.440289218308802],[74.54420141884276,30.440289218308802],[74.54420141884276,30.380681472154745]]]}"
14_12,74.66662157814568,1934.9603629697926,1934.3244972755358,1932.6526966914903,30.440289218308802,30.380681472154745,0.9822607631137502,74.60541149849422,"{""geodesic"":false,""type"":""Polygon"",""coordinates"":[[[74.60541149849422,30.380681472154745],[74.66662157814568,30.380681472154745],[74.66662157814568,30.440289218308802],[74.60541149849422,30.440289218308802],[74.60541149849422,30.380681472154745]]]}"
14_13,74.72783165779714,1933.1995965362526,1932.6923947753912,1932.0638431725167,30.440289218308802,30.380681472154745,0.4085984984681772,74.66662157814568,"{""geodesic"":false,""type"":""Polygon"",""coordinates"":[[[74.66662157814568,30.380681472154745],[74.72783165779714,30.380681472154745],[74.72783165779714,30.440289218308802],[74.66662157814568,30.440289218308802],[74.66662157814568,30.380681472154745]]]}"
14_14,74.7890417374486,1932.9630785825047,1932.0830079149732,1931.5868192750277,30.440289218308802,30.380681472154745,0.4960013300997386,74.72783165779714,"{""geodesic"":false,""type"":""Polygon"",""coordinates"":[[[74.72783165779714,30.380681472154745],[74.7890417374486,30.380681472154745],[74.7890417374486,30.440289218308802],[74.72783165779714,30.440289218308802],[74.72783165779714,30.380681472154745]]]}"
14_15,74.85025181710006,1932.9630785825047,1932.2408885667955,1931.6513389974382,30.440289218308802,30.380681472154745,0.5073205146434037,74.7890417374486,"{""geodesic"":false,""type"":""Polygon"",""coordinates"":[[[74.7890417374486,30.380681472154745],[74.85025181710006,30.380681472154745],[74.85025181710006,30.440289218308802],[74.7890417374486,30.440289218308802],[74.7890417374486,30.380681472154745]]]}"
14_16,74.91146189675152,1932.883763514454,1932.1351382110824,1931.6513389974382,30.440289218308802,30.380681472154745,0.4999795565858927,74.85025181710006,"{""geodesic"":false,""type"":""Polygon"",""coordinates"":[[[74.85025181710006,30.380681472154745],[74.91146189675152,30.380681472154745],[74.91146189675152,30.440289218308802],[74.85025181710006,30.440289218308802],[74.85025181710006,30.380681472154745]]]}"
14_17,74.97267197640298,1934.861412998373,1933.6462188665578,1931.6716211849032,30.440289218308802,30.380681472154745,1.1102493211661215,74.91146189675152,"{""geodesic"":false,""type"":""Polygon"",""coordinates"":[[[74.91146189675152,30.380681472154745],[74.97267197640298,30.380681472154745],[74.97267197640298,30.440289218308802],[74.91146189675152,30.440289218308802],[74.91146189675152,30.380681472154745]]]}"
14_18,75.03388205605444,1934.861412998373,1934.585840875644,1934.0986080427522,30.440289218308802,30.380681472154745,0.3156376085501221,74.97267197640298,"{""geodesic"":false,""type"":""Polygon"",""coordinates"":[[[74.97267197640298,30.380681472154745],[75.03388205605444,30.380681472154745],[75.03388205605444,30.440289218308802],[74.97267197640298,30.440289218308802],[74.97267197640298,30.380681472154745]]]}"
14_19,75.0950921357059,1934.823386514878,1934.550877148323,1934.0986080427522,30.440289218308802,30.380681472154745,0.264800664011889,75.03388205605444,"{""geodesic"":false,""type"":""Polygon"",""coordinates"":[[[75.03388205605444,30.380681472154745],[75.0950921357059,30.380681472154745],[75.0950921357059,30.440289218308802],[75.03388205605444,30.440289218308802],[75.03388205605444,30.380681472154745]]]}"
14_20,75.15630221535736,1934.6239174875209,1932.3298412568922,1932.0222699059154,30.440289218308802,30.380681472154745,1.1001697970397228,75.0950921357059,"{""geodesic"":false,""type"":""Polygon"",""coordinates"":[[[75.0950921357059,30.380681472154745],[75.15630221535736,30.380681472154745],[75.15630221535736,30.440289218308802],[75.0950921357059,30.440289218308802],[75.0950921357059,30.380681472154745]]]}"
14_21,75.21751229500882,1932.930895102179,1932.637776065897,1932.3053453032423,30.440289218308802,30.380681472154745,0.26810511238389595,75.15630221535736,"{""geodesic"":false,""type"":""Polygon"",""coordinates"":[[[75.15630221535736,30.380681472154745],[75.21751229500882,30.380681472154745],[75.21751229500882,30.440289218308802],[75.15630221535736,30.440289218308802],[75.15630221535736,30.380681472154745]]]}"
14_22,75.27872237466028,1934.5202642118277,1933.6203341709413,1932.9096678108933,30.440289218308802,30.380681472154745,0.6554486112348248,75.21751229500882,"{""geodesic"":false,""type"":""Polygon"",""coordinates"":[[[75.21751229500882,30.380681472154745],[75.27872237466028,30.380681472154745],[75.27872237466028,30.440289218308802],[75.21751229500882,30.440289218308802],[75.21751229500882,30.380681472154745]]]}"
14_23,75.33993245431174,1932.1415969994275,1931.680001875415,1930.8992625249605,30.440289218308802,30.380681472154745,0.44134886545858937,75.27872237466028,"{""geodesic"":false,""type"":""Polygon"",""coordinates"":[[[75.27872237466028,30.380681472154745],[75.33993245431174,30.380681472154745],[75.33993245431174,30.440289218308802],[75.27872237466028,30.440289218308802],[75.27872237466028,30.380681472154745]]]}"
14_24,75.4011425339632,1932.3242909198204,1931.7338808372715,1930.8992625249605,30.440289218308802,30.380681472154745,0.5240131640378042,75.33993245431174,"{""geodesic"":false,""type"":""Polygon"",""coordinates"":[[[75.33993245431174,30.380681472154745],[75.4011425339632,30.380681472154745],[75.4011425339632,30.440289218308802],[75.33993245431174,30.440289218308802],[75.33993245431174,30.380681472154745]]]}"
14_25,75.46235261361466,1935.4409091944572,1933.156142784171,1931.93215324559,30.440289218308802,30.380681472154745,1.1520628726914615,75.4011425339632,"{""geodesic"":false,""type"":""Polygon"",""coordinates"":[[[75.4011425339632,30.380681472154745],[75.46235261361466,30.380681472154745],[75.46235261361466,30.440289218308802],[75.4011425339632,30.440289218308802],[75.4011425339632,30.380681472154745]]]}"
14_26,75.52356269326613,1935.8286306863517,1934.4166092299565,1933.3627739430447,30.440289218308802,30.380681472154745,1.1146838734322875,75.46235261361467,"{""geodesic"":false,""type"":""Polygon"",""coordinates"":[[[75.46235261361467,30.380681472154745],[75.52356269326613,30.380681472154745],[75.52356269326613,30.440289218308802],[75.46235261361467,30.440289218308802],[75.46235261361467,30.380681472154745]]]}"
14_27,75.58477277291759,1935.8286306863517,1933.9667722254615,1932.6274080245892,30.440289218308802,30.380681472154745,1.2400762539788608,75.52356269326613,"{""geodesic"":false,""type"":""Polygon"",""coordinates"":[[[75.52356269326613,30.380681472154745],[75.58477277291759,30.380681472154745],[75.58477277291759,30.440289218308802],[75.52356269326613,30.440289218308802],[75.52356269326613,30.380681472154745]]]}"
14_28,75.64598285256905,1934.7859649630193,1933.6947564622217,1932.6274080245892,30.440289218308802,30.380681472154745,0.7740232733162337,75.58477277291759,"{""geodesic"":false,""type"":""Polygon"",""coordinates"":[[[75.58477277291759,30.380681472154745],[75.64598285256905,30.380681472154745],[75.64598285256905,30.440289218308802],[75.58477277291759,30.440289218308802],[75.58477277291759,30.380681472154745]]]}"
14_29,75.70719293222051,1936.207871088847,1934.8164000996019,1933.7770722132548,30.440289218308802,30.380681472154745,0.8644532303329555,75.64598285256905,"{""geodesic"":false,""type"":""Polygon"",""coordinates"":[[[75.64598285256905,30.380681472154745],[75.70719293222051,30.380681472154745],[75.70719293222051,30.440289218308802],[75.64598285256905,30.440289218308802],[75.64598285256905,30.380681472154745]]]}"
14_30,75.76840301187197,1937.0911066522606,1936.1315081084679,1934.832013994383,30.440289218308802,30.380681472154745,0.8096925843881407,75.70719293222051,"{""geodesic"":false,""type"":""Polygon"",""coordinates"":[[[75.70719293222051,30.380681472154745],[75.76840301187197,30.380681472154745],[75.76840301187197,30.440289218308802],[75.70719293222051,30.440289218308802],[75.70719293222051,30.380681472154745]]]}"
14_31,75.82961309152343,1937.0911066522606,1935.639448321528,1934.6342452458684,30.440289218308802,30.380681472154745,0.8737378301992912,75.76840301187197,"{""geodesic"":false,""type"":""Polygon"",""coordinates"":[[[75.76840301187197,30.380681472154745],[75.82961309152343,30.380681472154745],[75.82961309152343,30.440289218308802],[75.76840301187197,30.440289218308802],[75.76840301187197,30.380681472154745]]]}"
14_32,75.89082317117489,1936.4236522641793,1935.8856592924574,1935.0051371282843,30.440289218308802,30.380681472154745,0.5531826101591405,75.82961309152343,"{""geodesic"":false,""type"":""Polygon"",""coordinates"":[[[75.82961309152343,30.380681472154745],[75.89082317117489,30.380681472154745],[75.89082317117489,30.440289218308802],[75.82961309152343,30.440289218308802],[75.82961309152343,30.380681472154745]]]}"
14_33,75.95203325082635,1936.7441636820122,1936.3702700224421,1935.9708016626314,30.440289218308802,30.380681472154745,0.2830117022666279,75.89082317117489,"{""geodesic"":false,""type"":""Polygon"",""coordinates"":[[[75.89082317117489,30.380681472154745],[75.95203325082635,30.380681472154745],[75.95203325082635,30.440289218308802],[75.89082317117489,30.440289218308802],[75.89082317117489,30.380681472154745]]]}"
14_34,76.0132433304778,1936.7441636820122,1934.59422071843,1932.4642890806147,30.440289218308802,30.380681472154745,1.327045582885502,75.95203325082635,"{""geodesic"":false,""type"":""Polygon"",""coordinates"":[[[75.95203325082635,30.380681472154745],[76.0132433304778,30.380681472154745],[76.0132433304778,30.440289218308802],[75.95203325082635,30.440289218308802],[75.95203325082635,30.380681472154745]]]}"
14_35,76.07445341012927,1934.8499573475954,1933.1281398402027,1932.3226879293686,30.440289218308802,30.380681472154745,1.0041656859327641,76.0132433304778,"{""geodesic"":false,""type"":""Polygon"",""coordinates"":[[[76.0132433304778,30.380681472154745],[76.07445341012927,30.380681472154745],[76.07445341012927,30.440289218308802],[76.0132433304778,30.440289218308802],[76.0132433304778,30.380681472154745]]]}"
14_36,76.13566348978073,1935.0685499906742,1932.8356162835812,1932.3226879293686,30.440289218308802,30.380681472154745,0.9091088710948932,76.07445341012927,"{""geodesic"":false,""type"":""Polygon"",""coordinates"":[[[76.07445341012927,30.380681472154745],[76.13566348978073,30.380681472154745],[76.13566348978073,30.440289218308802],[76.07445341012927,30.440289218308802],[76.07445341012927,30.380681472154745]]]}"
14_37,76.19687356943219,1935.0685499906742,1934.2505572593307,1933.8212213197783,30.440289218308802,30.380681472154745,0.5081941628380583,76.13566348978073,"{""geodesic"":false,""type"":""Polygon"",""coordinates"":[[[76.13566348978073,30.380681472154745],[76.19687356943219,30.380681472154745],[76.19687356943219,30.440289218308802],[76.13566348978073,30.440289218308802],[76.13566348978073,30.380681472154745]]]}"
14_38,76.25808364908364,1934.0661569731699,1932.6630510183197,1931.5227406659305,30.440289218308802,30.380681472154745,1.1238311036288897,76.19687356943219,"{""geodesic"":false,""type"":""Polygon"",""coordinates"":[[[76.19687356943219,30.380681472154745],[76.25808364908364,30.380681472154745],[76.25808364908364,30.440289218308802],[76.19687356943219,30.440289218308802],[76.19687356943219,30.380681472154745]]]}"
14_39,76.3192937287351,1933.5963965799924,1931.4011537235226,1930.5377659033147,30.440289218308802,30.380681472154745,0.9587135214079706,76.25808364908364,"{""geodesic"":false,""type"":""Polygon"",""coordinates"":[[[76.25808364908364,30.380681472154745],[76.3192937287351,30.380681472154745],[76.3192937287351,30.440289218308802],[76.25808364908364,30.440289218308802],[76.25808364908364,30.380681472154745]]]}"
14_40,76.38050380838656,1935.4605695000134,1932.924359155174,1930.5377659033147,30.440289218308802,30.380681472154745,1.7683710414193228,76.3192937287351,"{""geodesic"":false,""type"":""Polygon"",""coordinates"":[[[76.3192937287351,30.380681472154745],[76.38050380838656,30.380681472154745],[76.38050380838656,30.440289218308802],[76.3192937287351,30.440289218308802],[76.3192937287351,30.380681472154745]]]}"
14_41,76.44171388803802,1935.5843411879773,1934.9907441920402,1933.6510260774003,30.440289218308802,30.380681472154745,0.7653490859985392,76.38050380838656,"{""geodesic"":false,""type"":""Polygon"",""coordinates"":[[[76.38050380838656,30.380681472154745],[76.44171388803802,30.380681472154745],[76.44171388803802,30.440289218308802],[76.38050380838656,30.440289218308802],[76.38050380838656,30.380681472154745]]]}"
14_42,76.5029239676895,1935.5843411879773,1934.4378104578477,1934.2122327583686,30.440289218308802,30.380681472154745,0.46879285311850394,76.44171388803804,"{""geodesic"":false,""type"":""Polygon"",""coordinates"":[[[76.44171388803804,30.380681472154745],[76.5029239676895,30.380681472154745],[76.5029239676895,30.440289218308802],[76.44171388803804,30.440289218308802],[76.44171388803804,30.380681472154745]]]}"
14_43,76.56413404734096,1934.8830376497767,1934.5891709892155,1934.2869656178138,30.440289218308802,30.380681472154745,0.22790210335503078,76.5029239676895,"{""geodesic"":false,""type"":""Polygon"",""coordinates"":[[[76.5029239676895,30.380681472154745],[76.56413404734096,30.380681472154745],[76.56413404734096,30.440289218308802],[76.5029239676895,30.440289218308802],[76.5029239676895,30.380681472154745]]]}"
14_44,76.62534412699242,1935.3648048444,1934.2918800469115,1932.7392941285716,30.440289218308802,30.380681472154745,0.9735965714840786,76.56413404734096,"{""geodesic"":false,""type"":""Polygon"",""coordinates"":[[[76.56413404734096,30.380681472154745],[76.62534412699242,30.380681472154745],[76.62534412699242,30.440289218308802],[76.56413404734096,30.440289218308802],[76.56413404734096,30.380681472154745]]]}"
14_45,76.68655420664388,1935.6430891408647,1934.2505677635993,1932.5719068988124,30.440289218308802,30.380681472154745,1.2310338819120403,76.62534412699242,"{""geodesic"":false,""type"":""Polygon"",""coordinates"":[[[76.62534412699242,30.380681472154745],[76.68655420664388,30.380681472154745],[76.68655420664388,30.440289218308802],[76.62534412699242,30.440289218308802],[76.62534412699242,30.380681472154745]]]}"
14_46,76.74776428629534,1934.3804124648339,1933.289239792325,1932.555313494897,30.440289218308802,30.380681472154745,0.7479603797691492,76.68655420664388,"{""geodesic"":false,""type"":""Polygon"",""coordinates"":[[[76.68655420664388,30.380681472154745],[76.74776428629534,30.380681472154745],[76.74776428629534,30.440289218308802],[76.68655420664388,30.440289218308802],[76.68655420664388,30.380681472154745]]]}"
14_47,76.8089743659468,1933.5041781488646,1932.8876378358516,1932.555313494897,30.440289218308802,30.380681472154745,0.34227576290524936,76.74776428629534,"{""geodesic"":false,""type"":""Polygon"",""coordinates"":[[[76.74776428629534,30.380681472154745],[76.8089743659468,30.380681472154745],[76.8089743659468,30.440289218308802],[76.74776428629534,30.440289218308802],[76.74776428629534,30.380681472154745]]]}"
14_48,76.87018444559826,1935.5110054863474,1933.9417532084,1933.5041781488646,30.440289218308802,30.380681472154745,0.9291412173711153,76.8089743659468,"{""geodesic"":false,""type"":""Polygon"",""coordinates"":[[[76.8089743659468,30.380681472154745],[76.87018444559826,30.380681472154745],[76.87018444559826,30.440289218308802],[76.8089743659468,30.440289218308802],[76.8089743659468,30.380681472154745]]]}"
14_49,76.93139452524971,1935.5110054863474,1934.4638975984346,1933.5778884594902,30.440289218308802,30.380681472154745,0.8068895426390917,76.87018444559826,"{""geodesic"":false,""type"":""Polygon"",""coordinates"":[[[76.87018444559826,30.380681472154745],[76.93139452524971,30.380681472154745],[76.93139452524971,30.440289218308802],[76.87018444559826,30.440289218308802],[76.87018444559826,30.380681472154745]]]}"
14_50,76.99260460490117,1934.6317473469348,1934.2058962500737,1933.5864764728208,30.440289218308802,30.380681472154745,0.5226354365523936,76.93139452524971,"{""geodesic"":false,""type"":""Polygon"",""coordinates"":[[[76.93139452524971,30.380681472154745],[76.99260460490117,30.380681472154745],[76.99260460490117,30.440289218308802],[76.93139452524971,30.440289218308802],[76.93139452524971,30.380681472154745]]]}"
15_1,73.99331070197961,1939.2784707796325,1937.1057874441256,1935.587748936536,30.499896964462863,30.440289218308806,1.3849843139031284,73.93210062232815,"{""geodesic"":false,""type"":""Polygon"",""coordinates"":[[[73.93210062232815,30.440289218308806],[73.99331070197961,30.440289218308806],[73.99331070197961,30.499896964462863],[73.93210062232815,30.499896964462863],[73.93210062232815,30.440289218308806]]]}"
15_2,74.05452078163107,1941.9014773172416,1935.8542943659502,1935.5641966150404,30.499896964462863,30.440289218308806,2.371992226659861,73.99331070197961,"{""geodesic"":false,""type"":""Polygon"",""coordinates"":[[[73.99331070197961,30.440289218308806],[74.05452078163107,30.440289218308806],[74.05452078163107,30.499896964462863],[73.99331070197961,30.499896964462863],[73.99331070197961,30.440289218308806]]]}"
15_3,74.11573086128253,1941.9014773172416,1936.1545043325768,1934.6874620492842,30.499896964462863,30.440289218308806,2.2725635125274084,74.05452078163107,"{""geodesic"":false,""type"":""Polygon"",""coordinates"":[[[74.05452078163107,30.440289218308806],[74.11573086128253,30.440289218308806],[74.11573086128253,30.499896964462863],[74.05452078163107,30.499896964462863],[74.05452078163107,30.440289218308806]]]}"
15_4,74.17694094093399,1938.1409893812277,1935.3923202065916,1934.3809903578292,30.499896964462863,30.440289218308806,1.295513827847052,74.11573086128253,"{""geodesic"":false,""type"":""Polygon"",""coordinates"":[[[74.11573086128253,30.440289218308806],[74.17694094093399,30.440289218308806],[74.17694094093399,30.499896964462863],[74.11573086128253,30.499896964462863],[74.11573086128253,30.440289218308806]]]}"
15_5,74.23815102058545,1936.0144331309307,1933.8068001727725,1933.192480198858,30.499896964462863,30.440289218308806,0.8970953570678727,74.17694094093399,"{""geodesic"":false,""type"":""Polygon"",""coordinates"":[[[74.17694094093399,30.440289218308806],[74.23815102058545,30.440289218308806],[74.23815102058545,30.499896964462863],[74.17694094093399,30.499896964462863],[74.17694094093399,30.440289218308806]]]}"
15_6,74.29936110023691,1935.9145940524904,1933.4151931516237,1932.7269363766438,30.499896964462863,30.440289218308806,0.9903928398764288,74.23815102058545,"{""geodesic"":false,""type"":""Polygon"",""coordinates"":[[[74.23815102058545,30.440289218308806],[74.29936110023691,30.440289218308806],[74.29936110023691,30.499896964462863],[74.23815102058545,30.499896964462863],[74.23815102058545,30.440289218308806]]]}"
15_7,74.36057117988837,1937.3815473845393,1935.7692029415173,1934.5875733632158,30.499896964462863,30.440289218308806,0.9626409401646486,74.29936110023691,"{""geodesic"":false,""type"":""Polygon"",""coordinates"":[[[74.29936110023691,30.440289218308806],[74.36057117988837,30.440289218308806],[74.36057117988837,30.499896964462863],[74.29936110023691,30.499896964462863],[74.29936110023691,30.440289218308806]]]}"
15_8,74.42178125953983,1937.3815473845393,1936.2616106941807,1933.3810347524307,30.499896964462863,30.440289218308806,1.3056766287808323,74.36057117988837,"{""geodesic"":false,""type"":""Polygon"",""coordinates"":[[[74.36057117988837,30.440289218308806],[74.42178125953983,30.440289218308806],[74.42178125953983,30.499896964462863],[74.36057117988837,30.499896964462863],[74.36057117988837,30.440289218308806]]]}"
15_9,74.4829913391913,1936.0998745918678,1934.6089817621746,1933.111159348431,30.499896964462863,30.440289218308806,0.9749804320285996,74.42178125953984,"{""geodesic"":false,""type"":""Polygon"",""coordinates"":[[[74.42178125953984,30.440289218308806],[74.4829913391913,30.440289218308806],[74.4829913391913,30.499896964462863],[74.42178125953984,30.499896964462863],[74.42178125953984,30.440289218308806]]]}"
15_10,74.54420141884276,1935.8005202157926,1934.991671433405,1933.0388678544925,30.499896964462863,30.440289218308806,0.9535957903868558,74.4829913391913,"{""geodesic"":false,""type"":""Polygon"",""coordinates"":[[[74.4829913391913,30.440289218308806],[74.54420141884276,30.440289218308806],[74.54420141884276,30.499896964462863],[74.4829913391913,30.499896964462863],[74.4829913391913,30.440289218308806]]]}"
15_11,74.60541149849422,1935.8005202157926,1935.3747221668314,1933.0388678544925,30.499896964462863,30.440289218308806,1.0232536965702972,74.54420141884276,"{""geodesic"":false,""type"":""Polygon"",""coordinates"":[[[74.54420141884276,30.440289218308806],[74.60541149849422,30.440289218308806],[74.60541149849422,30.499896964462863],[74.54420141884276,30.499896964462863],[74.54420141884276,30.440289218308806]]]}"
15_12,74.66662157814568,1934.9381801269167,1934.581226088657,1932.1855588401056,30.499896964462863,30.440289218308806,0.9475627361124371,74.60541149849422,"{""geodesic"":false,""type"":""Polygon"",""coordinates"":[[[74.60541149849422,30.440289218308806],[74.66662157814568,30.440289218308806],[74.66662157814568,30.499896964462863],[74.60541149849422,30.499896964462863],[74.60541149849422,30.440289218308806]]]}"
15_13,74.72783165779714,1934.5906844624224,1934.0657376964728,1932.3557014440346,30.499896964462863,30.440289218308806,0.7694346690849235,74.66662157814568,"{""geodesic"":false,""type"":""Polygon"",""coordinates"":[[[74.66662157814568,30.440289218308806],[74.72783165779714,30.440289218308806],[74.72783165779714,30.499896964462863],[74.66662157814568,30.499896964462863],[74.66662157814568,30.440289218308806]]]}"
15_14,74.7890417374486,1934.5906844624224,1933.5142807628501,1931.3633174010529,30.499896964462863,30.440289218308806,1.034537021395077,74.72783165779714,"{""geodesic"":false,""type"":""Polygon"",""coordinates"":[[[74.72783165779714,30.440289218308806],[74.7890417374486,30.440289218308806],[74.7890417374486,30.499896964462863],[74.72783165779714,30.499896964462863],[74.72783165779714,30.440289218308806]]]}"
15_15,74.85025181710006,1934.2362261258459,1933.5768241577775,1930.8283210563845,30.499896964462863,30.440289218308806,1.2394820968042308,74.7890417374486,"{""geodesic"":false,""type"":""Polygon"",""coordinates"":[[[74.7890417374486,30.440289218308806],[74.85025181710006,30.440289218308806],[74.85025181710006,30.499896964462863],[74.7890417374486,30.499896964462863],[74.7890417374486,30.440289218308806]]]}"
15_16,74.91146189675152,1934.2362261258459,1933.571315165758,1930.8283210563845,30.499896964462863,30.440289218308806,1.1588688706597425,74.85025181710006,"{""geodesic"":false,""type"":""Polygon"",""coordinates"":[[[74.85025181710006,30.440289218308806],[74.91146189675152,30.440289218308806],[74.91146189675152,30.499896964462863],[74.85025181710006,30.499896964462863],[74.85025181710006,30.440289218308806]]]}"
15_17,74.97267197640298,1937.288424622788,1934.5049817146066,1931.9227281224985,30.499896964462863,30.440289218308806,1.4296322173783536,74.91146189675152,"{""geodesic"":false,""type"":""Polygon"",""coordinates"":[[[74.91146189675152,30.440289218308806],[74.97267197640298,30.440289218308806],[74.97267197640298,30.499896964462863],[74.91146189675152,30.499896964462863],[74.91146189675152,30.440289218308806]]]}"
15_18,75.03388205605444,1937.708383442937,1935.3822218145167,1934.823386514878,30.499896964462863,30.440289218308806,1.142503321337272,74.97267197640298,"{""geodesic"":false,""type"":""Polygon"",""coordinates"":[[[74.97267197640298,30.440289218308806],[75.03388205605444,30.440289218308806],[75.03388205605444,30.499896964462863],[74.97267197640298,30.499896964462863],[74.97267197640298,30.440289218308806]]]}"
15_19,75.0950921357059,1937.708383442937,1935.016210702094,1934.6239174875209,30.499896964462863,30.440289218308806,1.2261447688701073,75.03388205605444,"{""geodesic"":false,""type"":""Polygon"",""coordinates"":[[[75.03388205605444,30.440289218308806],[75.0950921357059,30.440289218308806],[75.0950921357059,30.499896964462863],[75.03388205605444,30.499896964462863],[75.03388205605444,30.440289218308806]]]}"
15_20,75.15630221535736,1937.1620736894597,1932.8700974218314,1932.0222699059154,30.499896964462863,30.440289218308806,1.599054946890273,75.0950921357059,"{""geodesic"":false,""type"":""Polygon"",""coordinates"":[[[75.0950921357059,30.440289218308806],[75.15630221535736,30.440289218308806],[75.15630221535736,30.499896964462863],[75.0950921357059,30.499896964462863],[75.0950921357059,30.440289218308806]]]}"
15_21,75.21751229500882,1934.4571631408471,1932.8848117008704,1932.245342015224,30.499896964462863,30.440289218308806,0.7921943849374765,75.15630221535736,"{""geodesic"":false,""type"":""Polygon"",""coordinates"":[[[75.15630221535736,30.440289218308806],[75.21751229500882,30.440289218308806],[75.21751229500882,30.499896964462863],[75.15630221535736,30.499896964462863],[75.15630221535736,30.440289218308806]]]}"
15_22,75.27872237466028,1934.4571631408471,1933.7164104797882,1932.9096678108933,30.499896964462863,30.440289218308806,0.5164593234564998,75.21751229500882,"{""geodesic"":false,""type"":""Polygon"",""coordinates"":[[[75.21751229500882,30.440289218308806],[75.27872237466028,30.440289218308806],[75.27872237466028,30.499896964462863],[75.21751229500882,30.499896964462863],[75.21751229500882,30.440289218308806]]]}"
15_23,75.33993245431174,1933.6321265724687,1932.9906251793734,1931.414997305308,30.499896964462863,30.440289218308806,0.8697296122107644,75.27872237466028,"{""geodesic"":false,""type"":""Polygon"",""coordinates"":[[[75.27872237466028,30.440289218308806],[75.33993245431174,30.440289218308806],[75.33993245431174,30.499896964462863],[75.27872237466028,30.499896964462863],[75.27872237466028,30.440289218308806]]]}"
15_24,75.4011425339632,1933.932427167992,1932.2370537853624,1931.57914718093,30.499896964462863,30.440289218308806,0.8655290127089318,75.33993245431174,"{""geodesic"":false,""type"":""Polygon"",""coordinates"":[[[75.33993245431174,30.440289218308806],[75.4011425339632,30.440289218308806],[75.4011425339632,30.499896964462863],[75.33993245431174,30.499896964462863],[75.33993245431174,30.440289218308806]]]}"
15_25,75.46235261361466,1933.932427167992,1932.9546771364098,1931.8540179945533,30.499896964462863,30.440289218308806,0.7003142656187434,75.4011425339632,"{""geodesic"":false,""type"":""Polygon"",""coordinates"":[[[75.4011425339632,30.440289218308806],[75.46235261361466,30.440289218308806],[75.46235261361466,30.499896964462863],[75.4011425339632,30.499896964462863],[75.4011425339632,30.440289218308806]]]}"
15_26,75.52356269326613,1933.4852664804112,1932.4351929177112,1931.6842754704016,30.499896964462863,30.440289218308806,0.6237752696564847,75.46235261361467,"{""geodesic"":false,""type"":""Polygon"",""coordinates"":[[[75.46235261361467,30.440289218308806],[75.52356269326613,30.440289218308806],[75.52356269326613,30.499896964462863],[75.46235261361467,30.499896964462863],[75.46235261361467,30.440289218308806]]]}"
15_27,75.58477277291759,1933.3627739430447,1932.4466118393707,1931.6842754704016,30.499896964462863,30.440289218308806,0.5270920447118435,75.52356269326613,"{""geodesic"":false,""type"":""Polygon"",""coordinates"":[[[75.52356269326613,30.440289218308806],[75.58477277291759,30.440289218308806],[75.58477277291759,30.499896964462863],[75.52356269326613,30.499896964462863],[75.52356269326613,30.440289218308806]]]}"
15_28,75.64598285256905,1934.7859649630193,1933.6488024563573,1931.984721495179,30.499896964462863,30.440289218308806,0.8701098463531562,75.58477277291759,"{""geodesic"":false,""type"":""Polygon"",""coordinates"":[[[75.58477277291759,30.440289218308806],[75.64598285256905,30.440289218308806],[75.64598285256905,30.499896964462863],[75.58477277291759,30.499896964462863],[75.58477277291759,30.440289218308806]]]}"
15_29,75.70719293222051,1936.207871088847,1934.7148699338154,1932.9134835550726,30.499896964462863,30.440289218308806,0.9610046935689232,75.64598285256905,"{""geodesic"":false,""type"":""Polygon"",""coordinates"":[[[75.64598285256905,30.440289218308806],[75.70719293222051,30.440289218308806],[75.70719293222051,30.499896964462863],[75.64598285256905,30.499896964462863],[75.64598285256905,30.440289218308806]]]}"
15_30,75.76840301187197,1936.207871088847,1934.8927615649714,1934.5294708747117,30.499896964462863,30.440289218308806,0.6270248673094605,75.70719293222051,"{""geodesic"":false,""type"":""Polygon"",""coordinates"":[[[75.70719293222051,30.440289218308806],[75.76840301187197,30.440289218308806],[75.76840301187197,30.499896964462863],[75.70719293222051,30.499896964462863],[75.70719293222051,30.440289218308806]]]}"
15_31,75.82961309152343,1940.9194451999242,1934.0863648574336,1933.244344169565,30.499896964462863,30.440289218308806,2.0279683504784223,75.76840301187197,"{""geodesic"":false,""type"":""Polygon"",""coordinates"":[[[75.76840301187197,30.440289218308806],[75.82961309152343,30.440289218308806],[75.82961309152343,30.499896964462863],[75.76840301187197,30.499896964462863],[75.76840301187197,30.440289218308806]]]}"
15_32,75.89082317117489,1942.6755411057802,1936.3414863321152,1935.0051371282843,30.499896964462863,30.440289218308806,2.856275573860484,75.82961309152343,"{""geodesic"":false,""type"":""Polygon"",""coordinates"":[[[75.82961309152343,30.440289218308806],[75.89082317117489,30.440289218308806],[75.89082317117489,30.499896964462863],[75.82961309152343,30.499896964462863],[75.82961309152343,30.440289218308806]]]}"
15_33,75.95203325082635,1942.6755411057802,1937.4185609352032,1936.2228265369774,30.499896964462863,30.440289218308806,2.310824964501985,75.89082317117489,"{""geodesic"":false,""type"":""Polygon"",""coordinates"":[[[75.89082317117489,30.440289218308806],[75.95203325082635,30.440289218308806],[75.95203325082635,30.499896964462863],[75.89082317117489,30.499896964462863],[75.89082317117489,30.440289218308806]]]}"
15_34,76.0132433304778,1937.601679146683,1934.5084612002015,1932.4642890806147,30.499896964462863,30.440289218308806,1.6568902388363367,75.95203325082635,"{""geodesic"":false,""type"":""Polygon"",""coordinates"":[[[75.95203325082635,30.440289218308806],[76.0132433304778,30.440289218308806],[76.0132433304778,30.499896964462863],[75.95203325082635,30.499896964462863],[75.95203325082635,30.440289218308806]]]}"
15_35,76.07445341012927,1935.1356292596108,1932.8071296291337,1932.3226879293686,30.499896964462863,30.440289218308806,1.2116881010551999,76.0132433304778,"{""geodesic"":false,""type"":""Polygon"",""coordinates"":[[[76.0132433304778,30.440289218308806],[76.07445341012927,30.440289218308806],[76.07445341012927,30.499896964462863],[76.0132433304778,30.499896964462863],[76.0132433304778,30.440289218308806]]]}"
15_36,76.13566348978073,1937.658388537956,1932.8488465386497,1932.3226879293686,30.499896964462863,30.440289218308806,1.708460245958339,76.07445341012927,"{""geodesic"":false,""type"":""Polygon"",""coordinates"":[[[76.07445341012927,30.440289218308806],[76.13566348978073,30.440289218308806],[76.13566348978073,30.499896964462863],[76.07445341012927,30.499896964462863],[76.07445341012927,30.440289218308806]]]}"
15_37,76.19687356943219,1940.4502610166808,1933.658670410883,1932.975678867011,30.499896964462863,30.440289218308806,3.024389202096629,76.13566348978073,"{""geodesic"":false,""type"":""Polygon"",""coordinates"":[[[76.13566348978073,30.440289218308806],[76.19687356943219,30.440289218308806],[76.19687356943219,30.499896964462863],[76.13566348978073,30.499896964462863],[76.13566348978073,30.440289218308806]]]}"
15_38,76.25808364908364,1939.5954823174966,1933.1712985638408,1931.9576269416305,30.499896964462863,30.440289218308806,2.4963066946006425,76.19687356943219,"{""geodesic"":false,""type"":""Polygon"",""coordinates"":[[[76.19687356943219,30.440289218308806],[76.25808364908364,30.440289218308806],[76.25808364908364,30.499896964462863],[76.19687356943219,30.499896964462863],[76.19687356943219,30.440289218308806]]]}"
15_39,76.3192937287351,1935.1060941373385,1931.3506846526432,1930.5377659033147,30.499896964462863,30.440289218308806,1.3666556977082864,76.25808364908364,"{""geodesic"":false,""type"":""Polygon"",""coordinates"":[[[76.25808364908364,30.440289218308806],[76.3192937287351,30.440289218308806],[76.3192937287351,30.499896964462863],[76.25808364908364,30.499896964462863],[76.25808364908364,30.440289218308806]]]}"
15_40,76.38050380838656,1933.8742882869421,1931.9095690194836,1930.5377659033147,30.499896964462863,30.440289218308806,1.3304305099943525,76.3192937287351,"{""geodesic"":false,""type"":""Polygon"",""coordinates"":[[[76.3192937287351,30.440289218308806],[76.38050380838656,30.440289218308806],[76.38050380838656,30.499896964462863],[76.3192937287351,30.499896964462863],[76.3192937287351,30.440289218308806]]]}"
15_41,76.44171388803802,1935.5843411879773,1934.8264197028288,1931.590782555645,30.499896964462863,30.440289218308806,1.3897460680702867,76.38050380838656,"{""geodesic"":false,""type"":""Polygon"",""coordinates"":[[[76.38050380838656,30.440289218308806],[76.44171388803802,30.440289218308806],[76.44171388803802,30.499896964462863],[76.38050380838656,30.499896964462863],[76.38050380838656,30.440289218308806]]]}"
15_42,76.5029239676895,1935.5843411879773,1934.7211741745566,1929.4621542953648,30.499896964462863,30.440289218308806,2.277345180420147,76.44171388803804,"{""geodesic"":false,""type"":""Polygon"",""coordinates"":[[[76.44171388803804,30.440289218308806],[76.5029239676895,30.440289218308806],[76.5029239676895,30.499896964462863],[76.44171388803804,30.499896964462863],[76.44171388803804,30.440289218308806]]]}"
15_43,76.56413404734096,1935.340173875043,1934.7440623553402,1929.4621542953648,30.499896964462863,30.440289218308806,2.211358511618876,76.5029239676895,"{""geodesic"":false,""type"":""Polygon"",""coordinates"":[[[76.5029239676895,30.440289218308806],[76.56413404734096,30.440289218308806],[76.56413404734096,30.499896964462863],[76.5029239676895,30.499896964462863],[76.5029239676895,30.440289218308806]]]}"
15_44,76.62534412699242,1936.570554477647,1935.9048230332123,1930.9875687870067,30.499896964462863,30.440289218308806,1.755464058307976,76.56413404734096,"{""geodesic"":false,""type"":""Polygon"",""coordinates"":[[[76.56413404734096,30.440289218308806],[76.62534412699242,30.440289218308806],[76.62534412699242,30.499896964462863],[76.56413404734096,30.499896964462863],[76.56413404734096,30.440289218308806]]]}"
15_45,76.68655420664388,1936.570554477647,1935.5932991974394,1931.9901460461156,30.499896964462863,30.440289218308806,1.4285779230747695,76.62534412699242,"{""geodesic"":false,""type"":""Polygon"",""coordinates"":[[[76.62534412699242,30.440289218308806],[76.68655420664388,30.440289218308806],[76.68655420664388,30.499896964462863],[76.62534412699242,30.499896964462863],[76.62534412699242,30.440289218308806]]]}"
15_46,76.74776428629534,1934.3804124648339,1933.3081756647214,1931.7084025411698,30.499896964462863,30.440289218308806,0.9788631801030228,76.68655420664388,"{""geodesic"":false,""type"":""Polygon"",""coordinates"":[[[76.68655420664388,30.440289218308806],[76.74776428629534,30.440289218308806],[76.74776428629534,30.499896964462863],[76.68655420664388,30.499896964462863],[76.68655420664388,30.440289218308806]]]}"
15_47,76.8089743659468,1934.1501615371365,1933.0565530256222,1931.7084025411698,30.499896964462863,30.440289218308806,0.7028270292057729,76.74776428629534,"{""geodesic"":false,""type"":""Polygon"",""coordinates"":[[[76.74776428629534,30.440289218308806],[76.8089743659468,30.440289218308806],[76.8089743659468,30.499896964462863],[76.74776428629534,30.499896964462863],[76.74776428629534,30.440289218308806]]]}"
15_48,76.87018444559826,1934.4405269879906,1934.0352901118763,1931.9830679837892,30.499896964462863,30.440289218308806,0.8144529306059315,76.8089743659468,"{""geodesic"":false,""type"":""Polygon"",""coordinates"":[[[76.8089743659468,30.440289218308806],[76.87018444559826,30.440289218308806],[76.87018444559826,30.499896964462863],[76.8089743659468,30.499896964462863],[76.8089743659468,30.440289218308806]]]}"
15_49,76.93139452524971,1934.4405269879906,1933.9977234078083,1931.9830679837892,30.499896964462863,30.440289218308806,0.7536154887982827,76.87018444559826,"{""geodesic"":false,""type"":""Polygon"",""coordinates"":[[[76.87018444559826,30.440289218308806],[76.93139452524971,30.440289218308806],[76.93139452524971,30.499896964462863],[76.87018444559826,30.499896964462863],[76.87018444559826,30.440289218308806]]]}"
16_1,73.99331070197961,1939.2784707796325,1939.2784707796325,1939.2784707796325,30.55950471061692,30.499896964462863,0.0,73.93210062232815,"{""geodesic"":false,""type"":""Polygon"",""coordinates"":[[[73.93210062232815,30.499896964462863],[73.99331070197961,30.499896964462863],[73.99331070197961,30.55950471061692],[73.93210062232815,30.55950471061692],[73.93210062232815,30.499896964462863]]]}"
16_2,74.05452078163107,1941.9014773172416,1941.1613758875428,1939.2784707796325,30.55950471061692,30.499896964462863,1.3115032688728945,73.99331070197961,"{""geodesic"":false,""type"":""Polygon"",""coordinates"":[[[73.99331070197961,30.499896964462863],[74.05452078163107,30.499896964462863],[74.05452078163107,30.55950471061692],[73.99331070197961,30.55950471061692],[73.99331070197961,30.499896964462863]]]}"
16_3,74.11573086128253,1941.9014773172416,1939.9559181411507,1936.8173960023798,30.55950471061692,30.499896964462863,1.766413187597959,74.05452078163107,"{""geodesic"":false,""type"":""Polygon"",""coordinates"":[[[74.05452078163107,30.499896964462863],[74.11573086128253,30.499896964462863],[74.11573086128253,30.55950471061692],[74.05452078163107,30.55950471061692],[74.05452078163107,30.499896964462863]]]}"
16_4,74.17694094093399,1938.1409893812277,1937.0920503322493,1935.2176245666112,30.55950471061692,30.499896964462863,1.0799052236311317,74.11573086128253,"{""geodesic"":false,""type"":""Polygon"",""coordinates"":[[[74.11573086128253,30.499896964462863],[74.17694094093399,30.499896964462863],[74.17694094093399,30.55950471061692],[74.11573086128253,30.55950471061692],[74.11573086128253,30.499896964462863]]]}"
16_5,74.23815102058545,1936.041485486205,1935.3694739252696,1934.732364108877,30.55950471061692,30.499896964462863,0.5538140487704939,74.17694094093399,"{""geodesic"":false,""type"":""Polygon"",""coordinates"":[[[74.17694094093399,30.499896964462863],[74.23815102058545,30.499896964462863],[74.23815102058545,30.55950471061692],[74.17694094093399,30.55950471061692],[74.17694094093399,30.499896964462863]]]}"
16_6,74.29936110023691,1936.041485486205,1934.7399314590168,1934.1846060079959,30.55950471061692,30.499896964462863,0.6458368386217072,74.23815102058545,"{""geodesic"":false,""type"":""Polygon"",""coordinates"":[[[74.23815102058545,30.499896964462863],[74.29936110023691,30.499896964462863],[74.29936110023691,30.55950471061692],[74.23815102058545,30.55950471061692],[74.23815102058545,30.499896964462863]]]}"
16_7,74.36057117988837,1935.6124734112989,1935.1705527671597,1933.936549499634,30.55950471061692,30.499896964462863,0.6438329229776683,74.29936110023691,"{""geodesic"":false,""type"":""Polygon"",""coordinates"":[[[74.29936110023691,30.499896964462863],[74.36057117988837,30.499896964462863],[74.36057117988837,30.55950471061692],[74.29936110023691,30.55950471061692],[74.29936110023691,30.499896964462863]]]}"
16_8,74.42178125953983,1935.3063250255452,1933.6316525999816,1932.0508262333744,30.55950471061692,30.499896964462863,1.1676713896261492,74.36057117988837,"{""geodesic"":false,""type"":""Polygon"",""coordinates"":[[[74.36057117988837,30.499896964462863],[74.42178125953983,30.499896964462863],[74.42178125953983,30.55950471061692],[74.36057117988837,30.55950471061692],[74.36057117988837,30.499896964462863]]]}"
16_9,74.4829913391913,1933.3810347524307,1932.9092928259038,1932.0508262333744,30.55950471061692,30.499896964462863,0.5163505595828145,74.42178125953984,"{""geodesic"":false,""type"":""Polygon"",""coordinates"":[[[74.42178125953984,30.499896964462863],[74.4829913391913,30.499896964462863],[74.4829913391913,30.55950471061692],[74.42178125953984,30.55950471061692],[74.42178125953984,30.499896964462863]]]}"
16_10,74.54420141884276,1933.8813854048537,1933.156534730768,1932.5326454018593,30.55950471061692,30.499896964462863,0.4837442091022588,74.4829913391913,"{""geodesic"":false,""type"":""Polygon"",""coordinates"":[[[74.4829913391913,30.499896964462863],[74.54420141884276,30.499896964462863],[74.54420141884276,30.55950471061692],[74.4829913391913,30.55950471061692],[74.4829913391913,30.499896964462863]]]}"
16_11,74.60541149849422,1933.8813854048537,1933.2584174028204,1932.1855588401056,30.55950471061692,30.499896964462863,0.5597742198489226,74.54420141884276,"{""geodesic"":false,""type"":""Polygon"",""coordinates"":[[[74.54420141884276,30.499896964462863],[74.60541149849422,30.499896964462863],[74.60541149849422,30.55950471061692],[74.54420141884276,30.55950471061692],[74.54420141884276,30.499896964462863]]]}"
16_12,74.66662157814568,1933.5010549736896,1932.4585339302346,1932.0838052488025,30.55950471061692,30.499896964462863,0.5600903135394967,74.60541149849422,"{""geodesic"":false,""type"":""Polygon"",""coordinates"":[[[74.60541149849422,30.499896964462863],[74.66662157814568,30.499896964462863],[74.66662157814568,30.55950471061692],[74.60541149849422,30.55950471061692],[74.60541149849422,30.499896964462863]]]}"
16_13,74.72783165779714,1933.5010549736896,1932.6507106218255,1931.52435543344,30.55950471061692,30.499896964462863,0.7077375481512603,74.66662157814568,"{""geodesic"":false,""type"":""Polygon"",""coordinates"":[[[74.66662157814568,30.499896964462863],[74.72783165779714,30.499896964462863],[74.72783165779714,30.55950471061692],[74.66662157814568,30.55950471061692],[74.66662157814568,30.499896964462863]]]}"
16_14,74.7890417374486,1934.720136952935,1932.2771910724057,1931.3633174010529,30.55950471061692,30.499896964462863,1.4158256738787227,74.72783165779714,"{""geodesic"":false,""type"":""Polygon"",""coordinates"":[[[74.72783165779714,30.499896964462863],[74.7890417374486,30.499896964462863],[74.7890417374486,30.55950471061692],[74.72783165779714,30.55950471061692],[74.72783165779714,30.499896964462863]]]}"
16_15,74.85025181710006,1934.4236098524518,1931.9168187694668,1930.8283210563845,30.55950471061692,30.499896964462863,1.3795411324030953,74.7890417374486,"{""geodesic"":false,""type"":""Polygon"",""coordinates"":[[[74.7890417374486,30.499896964462863],[74.85025181710006,30.499896964462863],[74.85025181710006,30.55950471061692],[74.7890417374486,30.55950471061692],[74.7890417374486,30.499896964462863]]]}"
16_16,74.91146189675152,1932.8000543600563,1931.826638918024,1930.8283210563845,30.55950471061692,30.499896964462863,0.7605179614158409,74.85025181710006,"{""geodesic"":false,""type"":""Polygon"",""coordinates"":[[[74.85025181710006,30.499896964462863],[74.91146189675152,30.499896964462863],[74.91146189675152,30.55950471061692],[74.85025181710006,30.55950471061692],[74.85025181710006,30.499896964462863]]]}"
16_17,74.97267197640298,1937.588629085268,1934.9302298758148,1931.9227281224985,30.55950471061692,30.499896964462863,2.1643866542678554,74.91146189675152,"{""geodesic"":false,""type"":""Polygon"",""coordinates"":[[[74.91146189675152,30.499896964462863],[74.97267197640298,30.499896964462863],[74.97267197640298,30.55950471061692],[74.91146189675152,30.55950471061692],[74.91146189675152,30.499896964462863]]]}"
16_18,75.03388205605444,1938.463675980659,1937.5922851027938,1937.288424622788,30.55950471061692,30.499896964462863,0.4328841409411039,74.97267197640298,"{""geodesic"":false,""type"":""Polygon"",""coordinates"":[[[74.97267197640298,30.499896964462863],[75.03388205605444,30.499896964462863],[75.03388205605444,30.55950471061692],[74.97267197640298,30.55950471061692],[74.97267197640298,30.499896964462863]]]}"
16_19,75.0950921357059,1938.463675980659,1937.455362077742,1937.1620736894597,30.55950471061692,30.499896964462863,0.49293445303112954,75.03388205605444,"{""geodesic"":false,""type"":""Polygon"",""coordinates"":[[[75.03388205605444,30.499896964462863],[75.0950921357059,30.499896964462863],[75.0950921357059,30.55950471061692],[75.03388205605444,30.55950471061692],[75.03388205605444,30.499896964462863]]]}"
16_20,75.15630221535736,1937.3821078916917,1935.2428382901776,1933.578099214469,30.55950471061692,30.499896964462863,1.351662538616972,75.0950921357059,"{""geodesic"":false,""type"":""Polygon"",""coordinates"":[[[75.0950921357059,30.499896964462863],[75.15630221535736,30.499896964462863],[75.15630221535736,30.55950471061692],[75.0950921357059,30.55950471061692],[75.0950921357059,30.499896964462863]]]}"
16_21,75.21751229500882,1935.1031611173842,1934.2572288963001,1933.578099214469,30.55950471061692,30.499896964462863,0.5735576848328032,75.15630221535736,"{""geodesic"":false,""type"":""Polygon"",""coordinates"":[[[75.15630221535736,30.499896964462863],[75.21751229500882,30.499896964462863],[75.21751229500882,30.55950471061692],[75.15630221535736,30.55950471061692],[75.15630221535736,30.499896964462863]]]}"
16_22,75.27872237466028,1935.1031611173842,1933.632416002969,1933.1497715495607,30.55950471061692,30.499896964462863,0.7609535047436147,75.21751229500882,"{""geodesic"":false,""type"":""Polygon"",""coordinates"":[[[75.21751229500882,30.499896964462863],[75.27872237466028,30.499896964462863],[75.27872237466028,30.55950471061692],[75.21751229500882,30.55950471061692],[75.21751229500882,30.499896964462863]]]}"
16_23,75.33993245431174,1935.0928491204688,1932.6419474384606,1931.414997305308,30.55950471061692,30.499896964462863,1.3365937302704403,75.27872237466028,"{""geodesic"":false,""type"":""Polygon"",""coordinates"":[[[75.27872237466028,30.499896964462863],[75.33993245431174,30.499896964462863],[75.33993245431174,30.55950471061692],[75.27872237466028,30.55950471061692],[75.27872237466028,30.499896964462863]]]}"
16_24,75.4011425339632,1935.0928491204688,1934.103284698024,1933.6321265724687,30.55950471061692,30.499896964462863,0.5885371319928777,75.33993245431174,"{""geodesic"":false,""type"":""Polygon"",""coordinates"":[[[75.33993245431174,30.499896964462863],[75.4011425339632,30.499896964462863],[75.4011425339632,30.55950471061692],[75.33993245431174,30.55950471061692],[75.33993245431174,30.499896964462863]]]}"
16_25,75.46235261361466,1934.729489960388,1933.4320841267022,1932.3046636639783,30.55950471061692,30.499896964462863,0.7291798346329561,75.4011425339632,"{""geodesic"":false,""type"":""Polygon"",""coordinates"":[[[75.4011425339632,30.499896964462863],[75.46235261361466,30.499896964462863],[75.46235261361466,30.55950471061692],[75.4011425339632,30.55950471061692],[75.4011425339632,30.499896964462863]]]}"
16_26,75.52356269326613,1933.6871277019582,1932.7146865501759,1932.3046636639783,30.55950471061692,30.499896964462863,0.5927523302062763,75.46235261361467,"{""geodesic"":false,""type"":""Polygon"",""coordinates"":[[[75.46235261361467,30.499896964462863],[75.52356269326613,30.499896964462863],[75.52356269326613,30.55950471061692],[75.46235261361467,30.55950471061692],[75.46235261361467,30.499896964462863]]]}"
16_27,75.58477277291759,1933.8604840111443,1933.1405606790456,1932.552221980387,30.55950471061692,30.499896964462863,0.5141183133320576,75.52356269326613,"{""geodesic"":false,""type"":""Polygon"",""coordinates"":[[[75.52356269326613,30.499896964462863],[75.58477277291759,30.499896964462863],[75.58477277291759,30.55950471061692],[75.52356269326613,30.55950471061692],[75.52356269326613,30.499896964462863]]]}"
16_28,75.64598285256905,1934.8027530898876,1932.6292763840177,1931.984721495179,30.55950471061692,30.499896964462863,0.8640691062675852,75.58477277291759,"{""geodesic"":false,""type"":""Polygon"",""coordinates"":[[[75.58477277291759,30.499896964462863],[75.64598285256905,30.499896964462863],[75.64598285256905,30.55950471061692],[75.58477277291759,30.55950471061692],[75.58477277291759,30.499896964462863]]]}"
16_29,75.70719293222051,1934.8755241218953,1933.9594823740877,1932.9134835550726,30.55950471061692,30.499896964462863,0.7935167105312309,75.64598285256905,"{""geodesic"":false,""type"":""Polygon"",""coordinates"":[[[75.64598285256905,30.499896964462863],[75.70719293222051,30.499896964462863],[75.70719293222051,30.55950471061692],[75.64598285256905,30.55950471061692],[75.64598285256905,30.499896964462863]]]}"
16_30,75.76840301187197,1934.8755241218953,1934.5688224427677,1933.6407439002062,30.55950471061692,30.499896964462863,0.48986253228979565,75.70719293222051,"{""geodesic"":false,""type"":""Polygon"",""coordinates"":[[[75.70719293222051,30.499896964462863],[75.76840301187197,30.499896964462863],[75.76840301187197,30.55950471061692],[75.70719293222051,30.55950471061692],[75.70719293222051,30.499896964462863]]]}"
16_31,75.82961309152343,1940.9194451999242,1936.0748868765158,1933.6407439002062,30.55950471061692,30.499896964462863,2.719820123817579,75.76840301187197,"{""geodesic"":false,""type"":""Polygon"",""coordinates"":[[[75.76840301187197,30.499896964462863],[75.82961309152343,30.499896964462863],[75.82961309152343,30.55950471061692],[75.76840301187197,30.55950471061692],[75.76840301187197,30.499896964462863]]]}"
16_32,75.89082317117489,1942.6755411057802,1941.1318939571236,1939.3377279092138,30.55950471061692,30.499896964462863,1.265045216445125,75.82961309152343,"{""geodesic"":false,""type"":""Polygon"",""coordinates"":[[[75.82961309152343,30.499896964462863],[75.89082317117489,30.499896964462863],[75.89082317117489,30.55950471061692],[75.82961309152343,30.55950471061692],[75.82961309152343,30.499896964462863]]]}"
16_33,75.95203325082635,1942.6755411057802,1940.5369756204184,1938.920146860945,30.55950471061692,30.499896964462863,1.3746148851614302,75.89082317117489,"{""geodesic"":false,""type"":""Polygon"",""coordinates"":[[[75.89082317117489,30.499896964462863],[75.95203325082635,30.499896964462863],[75.95203325082635,30.55950471061692],[75.89082317117489,30.55950471061692],[75.89082317117489,30.499896964462863]]]}"
16_34,76.0132433304778,1940.4485005091913,1935.813324245334,1934.80604407101,30.55950471061692,30.499896964462863,2.176805286622823,75.95203325082635,"{""geodesic"":false,""type"":""Polygon"",""coordinates"":[[[75.95203325082635,30.499896964462863],[76.0132433304778,30.499896964462863],[76.0132433304778,30.55950471061692],[75.95203325082635,30.55950471061692],[75.95203325082635,30.499896964462863]]]}"
16_35,76.07445341012927,1935.6564186689084,1935.1731290252512,1934.8498944285577,30.55950471061692,30.499896964462863,0.2912511304676849,76.0132433304778,"{""geodesic"":false,""type"":""Polygon"",""coordinates"":[[[76.0132433304778,30.499896964462863],[76.07445341012927,30.499896964462863],[76.07445341012927,30.55950471061692],[76.0132433304778,30.55950471061692],[76.0132433304778,30.499896964462863]]]}"
16_36,76.13566348978073,1942.4563558113969,1937.719296183451,1935.1334842677652,30.55950471061692,30.499896964462863,2.5989437983994494,76.07445341012927,"{""geodesic"":false,""type"":""Polygon"",""coordinates"":[[[76.07445341012927,30.499896964462863],[76.13566348978073,30.499896964462863],[76.13566348978073,30.55950471061692],[76.07445341012927,30.55950471061692],[76.07445341012927,30.499896964462863]]]}"
16_37,76.19687356943219,1942.512258218207,1940.8218603750927,1939.5954823174966,30.55950471061692,30.499896964462863,1.2674334126422722,76.13566348978073,"{""geodesic"":false,""type"":""Polygon"",""coordinates"":[[[76.13566348978073,30.499896964462863],[76.19687356943219,30.499896964462863],[76.19687356943219,30.55950471061692],[76.13566348978073,30.55950471061692],[76.13566348978073,30.499896964462863]]]}"
16_38,76.25808364908364,1942.512258218207,1937.8808815880977,1935.1060941373385,30.55950471061692,30.499896964462863,2.642909151988052,76.19687356943219,"{""geodesic"":false,""type"":""Polygon"",""coordinates"":[[[76.19687356943219,30.499896964462863],[76.25808364908364,30.499896964462863],[76.25808364908364,30.55950471061692],[76.19687356943219,30.55950471061692],[76.19687356943219,30.499896964462863]]]}"
16_39,76.3192937287351,1938.7023933289388,1933.6521752135034,1932.0280735607378,30.55950471061692,30.499896964462863,2.20870909098439,76.25808364908364,"{""geodesic"":false,""type"":""Polygon"",""coordinates"":[[[76.25808364908364,30.499896964462863],[76.3192937287351,30.499896964462863],[76.3192937287351,30.55950471061692],[76.25808364908364,30.55950471061692],[76.25808364908364,30.499896964462863]]]}"
16_40,76.38050380838656,1932.9561664052485,1932.6299934532285,1932.0280735607378,30.55950471061692,30.499896964462863,0.3848527686196455,76.3192937287351,"{""geodesic"":false,""type"":""Polygon"",""coordinates"":[[[76.3192937287351,30.499896964462863],[76.38050380838656,30.499896964462863],[76.38050380838656,30.55950471061692],[76.3192937287351,30.55950471061692],[76.3192937287351,30.499896964462863]]]}"
16_41,76.44171388803802,1932.9561664052485,1931.7451962040775,1930.2619983263266,30.55950471061692,30.499896964462863,0.9866453475051511,76.38050380838656,"{""geodesic"":false,""type"":""Polygon"",""coordinates"":[[[76.38050380838656,30.499896964462863],[76.44171388803802,30.499896964462863],[76.44171388803802,30.55950471061692],[76.38050380838656,30.55950471061692],[76.38050380838656,30.499896964462863]]]}"
16_42,76.5029239676895,1931.590782555645,1929.294100982708,1927.1217242077428,30.55950471061692,30.499896964462863,1.5237220583987192,76.44171388803804,"{""geodesic"":false,""type"":""Polygon"",""coordinates"":[[[76.44171388803804,30.499896964462863],[76.5029239676895,30.499896964462863],[76.5029239676895,30.55950471061692],[76.44171388803804,30.55950471061692],[76.44171388803804,30.499896964462863]]]}"
16_43,76.56413404734096,1931.4619568617838,1929.8496384306736,1927.1217242077428,30.55950471061692,30.499896964462863,1.692098004627522,76.5029239676895,"{""geodesic"":false,""type"":""Polygon"",""coordinates"":[[[76.5029239676895,30.499896964462863],[76.56413404734096,30.499896964462863],[76.56413404734096,30.55950471061692],[76.5029239676895,30.55950471061692],[76.5029239676895,30.499896964462863]]]}"
16_44,76.62534412699242,1934.3716214795718,1933.216457335741,1930.9875687870067,30.55950471061692,30.499896964462863,1.474904481461557,76.56413404734096,"{""geodesic"":false,""type"":""Polygon"",""coordinates"":[[[76.56413404734096,30.499896964462863],[76.62534412699242,30.499896964462863],[76.62534412699242,30.55950471061692],[76.56413404734096,30.55950471061692],[76.56413404734096,30.499896964462863]]]}"
16_45,76.68655420664388,1934.3716214795718,1933.1054502739903,1930.5170243358104,30.55950471061692,30.499896964462863,1.322182668697222,76.62534412699242,"{""geodesic"":false,""type"":""Polygon"",""coordinates"":[[[76.62534412699242,30.499896964462863],[76.68655420664388,30.499896964462863],[76.68655420664388,30.55950471061692],[76.62534412699242,30.55950471061692],[76.62534412699242,30.499896964462863]]]}"
16_46,76.74776428629534,1932.3151308446702,1931.7341945159385,1930.5170243358104,30.55950471061692,30.499896964462863,0.6789592384778799,76.68655420664388,"{""geodesic"":false,""type"":""Polygon"",""coordinates"":[[[76.68655420664388,30.499896964462863],[76.74776428629534,30.499896964462863],[76.74776428629534,30.55950471061692],[76.68655420664388,30.55950471061692],[76.68655420664388,30.499896964462863]]]}"
16_47,76.8089743659468,1932.8644804924422,1932.279170528794,1931.4445222745383,30.55950471061692,30.499896964462863,0.5027085944795016,76.74776428629534,"{""geodesic"":false,""type"":""Polygon"",""coordinates"":[[[76.74776428629534,30.499896964462863],[76.8089743659468,30.499896964462863],[76.8089743659468,30.55950471061692],[76.74776428629534,30.55950471061692],[76.74776428629534,30.499896964462863]]]}"
16_48,76.87018444559826,1932.8644804924422,1932.2188048858197,1930.9226933617222,30.55950471061692,30.499896964462863,0.7180893857887976,76.8089743659468,"{""geodesic"":false,""type"":""Polygon"",""coordinates"":[[[76.8089743659468,30.499896964462863],[76.87018444559826,30.499896964462863],[76.87018444559826,30.55950471061692],[76.8089743659468,30.55950471061692],[76.8089743659468,30.499896964462863]]]}"
16_49,76.93139452524971,1932.843482322825,1932.0347187351072,1930.9226933617222,30.55950471061692,30.499896964462863,0.6824323573805887,76.87018444559826,"{""geodesic"":false,""type"":""Polygon"",""coordinates"":[[[76.87018444559826,30.499896964462863],[76.93139452524971,30.499896964462863],[76.93139452524971,30.55950471061692],[76.87018444559826,30.55950471061692],[76.87018444559826,30.499896964462863]]]}"
17_3,74.11573086128253,1941.658865308206,1940.1244394176929,1936.8173960023798,30.619112456770978,30.55950471061692,1.9365841646334578,74.05452078163107,"{""geodesic"":false,""type"":""Polygon"",""coordinates"":[[[74.05452078163107,30.55950471061692],[74.11573086128253,30.55950471061692],[74.11573086128253,30.619112456770978],[74.05452078163107,30.619112456770978],[74.05452078163107,30.55950471061692]]]}"
17_4,74.17694094093399,1937.8754898187003,1936.3490528542238,1933.621994264686,30.619112456770978,30.55950471061692,1.6122951735453226,74.11573086128253,"{""geodesic"":false,""type"":""Polygon"",""coordinates"":[[[74.11573086128253,30.55950471061692],[74.17694094093399,30.55950471061692],[74.17694094093399,30.619112456770978],[74.11573086128253,30.619112456770978],[74.11573086128253,30.55950471061692]]]}"
17_5,74.23815102058545,1936.041485486205,1935.2709926898715,1933.621994264686,30.619112456770978,30.55950471061692,0.9217754829061409,74.17694094093399,"{""geodesic"":false,""type"":""Polygon"",""coordinates"":[[[74.17694094093399,30.55950471061692],[74.23815102058545,30.55950471061692],[74.23815102058545,30.619112456770978],[74.17694094093399,30.619112456770978],[74.17694094093399,30.55950471061692]]]}"
17_6,74.29936110023691,1936.2895929624633,1935.784482777187,1934.657000456063,30.619112456770978,30.55950471061692,0.5320469346070827,74.23815102058545,"{""geodesic"":false,""type"":""Polygon"",""coordinates"":[[[74.23815102058545,30.55950471061692],[74.29936110023691,30.55950471061692],[74.29936110023691,30.619112456770978],[74.23815102058545,30.619112456770978],[74.23815102058545,30.55950471061692]]]}"
17_7,74.36057117988837,1935.2316880542046,1934.5545693287927,1933.936549499634,30.619112456770978,30.55950471061692,0.5308951891747177,74.29936110023691,"{""geodesic"":false,""type"":""Polygon"",""coordinates"":[[[74.29936110023691,30.55950471061692],[74.36057117988837,30.55950471061692],[74.36057117988837,30.619112456770978],[74.29936110023691,30.619112456770978],[74.29936110023691,30.55950471061692]]]}"
17_8,74.42178125953983,1933.9917920855387,1932.5297855420108,1931.6458115203,30.619112456770978,30.55950471061692,1.0677515701275786,74.36057117988837,"{""geodesic"":false,""type"":""Polygon"",""coordinates"":[[[74.36057117988837,30.55950471061692],[74.42178125953983,30.55950471061692],[74.42178125953983,30.619112456770978],[74.36057117988837,30.619112456770978],[74.36057117988837,30.55950471061692]]]}"
17_9,74.4829913391913,1932.5326454018593,1931.6102009005167,1930.7601251229444,30.619112456770978,30.55950471061692,0.5591095580275095,74.42178125953984,"{""geodesic"":false,""type"":""Polygon"",""coordinates"":[[[74.42178125953984,30.55950471061692],[74.4829913391913,30.55950471061692],[74.4829913391913,30.619112456770978],[74.42178125953984,30.619112456770978],[74.42178125953984,30.55950471061692]]]}"
17_10,74.54420141884276,1933.981829225793,1932.9820488481762,1931.7638846885102,30.619112456770978,30.55950471061692,0.9328518969097267,74.4829913391913,"{""geodesic"":false,""type"":""Polygon"",""coordinates"":[[[74.4829913391913,30.55950471061692],[74.54420141884276,30.55950471061692],[74.54420141884276,30.619112456770978],[74.4829913391913,30.619112456770978],[74.4829913391913,30.55950471061692]]]}"
17_11,74.60541149849422,1933.981829225793,1933.3695381430605,1932.0838052488025,30.619112456770978,30.55950471061692,0.6483763269501318,74.54420141884276,"{""geodesic"":false,""type"":""Polygon"",""coordinates"":[[[74.54420141884276,30.55950471061692],[74.60541149849422,30.55950471061692],[74.60541149849422,30.619112456770978],[74.54420141884276,30.619112456770978],[74.54420141884276,30.55950471061692]]]}"
17_12,74.66662157814568,1932.9362884672814,1932.471398109633,1931.9723743042186,30.619112456770978,30.55950471061692,0.40099637799696297,74.60541149849422,"{""geodesic"":false,""type"":""Polygon"",""coordinates"":[[[74.60541149849422,30.55950471061692],[74.66662157814568,30.55950471061692],[74.66662157814568,30.619112456770978],[74.60541149849422,30.619112456770978],[74.60541149849422,30.55950471061692]]]}"
17_13,74.72783165779714,1932.6716074718015,1931.577318948988,1930.4401612037498,30.619112456770978,30.55950471061692,0.810414312334684,74.66662157814568,"{""geodesic"":false,""type"":""Polygon"",""coordinates"":[[[74.66662157814568,30.55950471061692],[74.72783165779714,30.55950471061692],[74.72783165779714,30.619112456770978],[74.66662157814568,30.619112456770978],[74.66662157814568,30.55950471061692]]]}"
17_14,74.7890417374486,1936.631475953171,1934.7185277178041,1930.4401612037498,30.619112456770978,30.55950471061692,2.3215775422221996,74.72783165779714,"{""geodesic"":false,""type"":""Polygon"",""coordinates"":[[[74.72783165779714,30.55950471061692],[74.7890417374486,30.55950471061692],[74.7890417374486,30.619112456770978],[74.72783165779714,30.619112456770978],[74.72783165779714,30.55950471061692]]]}"
17_15,74.85025181710006,1936.631475953171,1935.0688716506515,1932.5449470035705,30.619112456770978,30.55950471061692,1.4910176507257977,74.7890417374486,"{""geodesic"":false,""type"":""Polygon"",""coordinates"":[[[74.7890417374486,30.55950471061692],[74.85025181710006,30.55950471061692],[74.85025181710006,30.619112456770978],[74.7890417374486,30.619112456770978],[74.7890417374486,30.55950471061692]]]}"
17_16,74.91146189675152,1935.5944498093902,1934.1842020772563,1932.5449470035705,30.619112456770978,30.55950471061692,1.4099195042535966,74.85025181710006,"{""geodesic"":false,""type"":""Polygon"",""coordinates"":[[[74.85025181710006,30.55950471061692],[74.91146189675152,30.55950471061692],[74.91146189675152,30.619112456770978],[74.85025181710006,30.619112456770978],[74.85025181710006,30.55950471061692]]]}"
17_17,74.97267197640298,1937.899594099894,1936.3752323013694,1932.8000543600563,30.619112456770978,30.55950471061692,1.6821953812499657,74.91146189675152,"{""geodesic"":false,""type"":""Polygon"",""coordinates"":[[[74.91146189675152,30.55950471061692],[74.97267197640298,30.55950471061692],[74.97267197640298,30.619112456770978],[74.91146189675152,30.619112456770978],[74.91146189675152,30.55950471061692]]]}"
17_18,75.03388205605444,1938.463675980659,1937.948618036895,1937.588629085268,30.619112456770978,30.55950471061692,0.3146635818803109,74.97267197640298,"{""geodesic"":false,""type"":""Polygon"",""coordinates"":[[[74.97267197640298,30.55950471061692],[75.03388205605444,30.55950471061692],[75.03388205605444,30.619112456770978],[74.97267197640298,30.619112456770978],[74.97267197640298,30.55950471061692]]]}"
17_19,75.0950921357059,1938.463675980659,1937.247252318349,1936.1950642914187,30.619112456770978,30.55950471061692,0.8569448035612806,75.03388205605444,"{""geodesic"":false,""type"":""Polygon"",""coordinates"":[[[75.03388205605444,30.55950471061692],[75.0950921357059,30.55950471061692],[75.0950921357059,30.619112456770978],[75.03388205605444,30.619112456770978],[75.03388205605444,30.55950471061692]]]}"
17_20,75.15630221535736,1937.3821078916917,1935.8551682787793,1934.8175208783127,30.619112456770978,30.55950471061692,0.7788398895831766,75.0950921357059,"{""geodesic"":false,""type"":""Polygon"",""coordinates"":[[[75.0950921357059,30.55950471061692],[75.15630221535736,30.55950471061692],[75.15630221535736,30.619112456770978],[75.0950921357059,30.619112456770978],[75.0950921357059,30.55950471061692]]]}"
17_21,75.21751229500882,1935.9954261649175,1935.3550722429848,1934.8175208783127,30.619112456770978,30.55950471061692,0.43621582461837627,75.15630221535736,"{""geodesic"":false,""type"":""Polygon"",""coordinates"":[[[75.15630221535736,30.55950471061692],[75.21751229500882,30.55950471061692],[75.21751229500882,30.619112456770978],[75.15630221535736,30.619112456770978],[75.15630221535736,30.55950471061692]]]}"
17_22,75.27872237466028,1935.3953640318027,1934.4463407388407,1933.5679399294613,30.619112456770978,30.55950471061692,0.6941803202498216,75.21751229500882,"{""geodesic"":false,""type"":""Polygon"",""coordinates"":[[[75.21751229500882,30.55950471061692],[75.27872237466028,30.55950471061692],[75.27872237466028,30.619112456770978],[75.21751229500882,30.619112456770978],[75.21751229500882,30.55950471061692]]]}"
17_23,75.33993245431174,1935.3753316802758,1934.7404083909382,1933.9988886122317,30.619112456770978,30.55950471061692,0.5246029155032438,75.27872237466028,"{""geodesic"":false,""type"":""Polygon"",""coordinates"":[[[75.27872237466028,30.55950471061692],[75.33993245431174,30.55950471061692],[75.33993245431174,30.619112456770978],[75.27872237466028,30.619112456770978],[75.27872237466028,30.55950471061692]]]}"
17_24,75.4011425339632,1935.5157324025893,1935.1906070591695,1934.729489960388,30.619112456770978,30.55950471061692,0.3005887559692924,75.33993245431174,"{""geodesic"":false,""type"":""Polygon"",""coordinates"":[[[75.33993245431174,30.55950471061692],[75.4011425339632,30.55950471061692],[75.4011425339632,30.619112456770978],[75.33993245431174,30.619112456770978],[75.33993245431174,30.55950471061692]]]}"
17_25,75.46235261361466,1935.8402641205396,1934.4834280672408,1933.4068859935621,30.619112456770978,30.55950471061692,0.9314375178812919,75.4011425339632,"{""geodesic"":false,""type"":""Polygon"",""coordinates"":[[[75.4011425339632,30.55950471061692],[75.46235261361466,30.55950471061692],[75.46235261361466,30.619112456770978],[75.4011425339632,30.619112456770978],[75.4011425339632,30.55950471061692]]]}"
17_26,75.52356269326613,1935.8402641205396,1934.620446286157,1933.4997579680405,30.619112456770978,30.55950471061692,0.9638401972693433,75.46235261361467,"{""geodesic"":false,""type"":""Polygon"",""coordinates"":[[[75.46235261361467,30.55950471061692],[75.52356269326613,30.55950471061692],[75.52356269326613,30.619112456770978],[75.46235261361467,30.619112456770978],[75.46235261361467,30.55950471061692]]]}"
17_27,75.58477277291759,1935.1439944859417,1934.4751767010873,1933.6871277019582,30.619112456770978,30.55950471061692,0.655882432298306,75.52356269326613,"{""geodesic"":false,""type"":""Polygon"",""coordinates"":[[[75.52356269326613,30.55950471061692],[75.58477277291759,30.55950471061692],[75.58477277291759,30.619112456770978],[75.52356269326613,30.619112456770978],[75.52356269326613,30.55950471061692]]]}"
17_28,75.64598285256905,1936.561828652097,1934.825347011794,1933.329592520411,30.619112456770978,30.55950471061692,1.1184929867834401,75.58477277291759,"{""geodesic"":false,""type"":""Polygon"",""coordinates"":[[[75.58477277291759,30.55950471061692],[75.64598285256905,30.55950471061692],[75.64598285256905,30.619112456770978],[75.58477277291759,30.619112456770978],[75.58477277291759,30.55950471061692]]]}"
17_29,75.70719293222051,1936.561828652097,1935.4098945926207,1934.4392701746117,30.619112456770978,30.55950471061692,0.8032676545034957,75.64598285256905,"{""geodesic"":false,""type"":""Polygon"",""coordinates"":[[[75.64598285256905,30.55950471061692],[75.70719293222051,30.55950471061692],[75.70719293222051,30.619112456770978],[75.64598285256905,30.619112456770978],[75.64598285256905,30.55950471061692]]]}"
17_30,75.76840301187197,1935.338333524986,1934.4380877380715,1933.6407439002062,30.619112456770978,30.55950471061692,0.6076340592235923,75.70719293222051,"{""geodesic"":false,""type"":""Polygon"",""coordinates"":[[[75.70719293222051,30.55950471061692],[75.76840301187197,30.55950471061692],[75.76840301187197,30.619112456770978],[75.70719293222051,30.619112456770978],[75.70719293222051,30.55950471061692]]]}"
17_31,75.82961309152343,1940.3911927823929,1935.7386320692967,1933.6407439002062,30.619112456770978,30.55950471061692,2.6003388994082766,75.76840301187197,"{""geodesic"":false,""type"":""Polygon"",""coordinates"":[[[75.76840301187197,30.55950471061692],[75.82961309152343,30.55950471061692],[75.82961309152343,30.619112456770978],[75.76840301187197,30.619112456770978],[75.76840301187197,30.55950471061692]]]}"
17_32,75.89082317117489,1940.3911927823929,1939.9098834457923,1939.3377279092138,30.619112456770978,30.55950471061692,0.3738361162220438,75.82961309152343,"{""geodesic"":false,""type"":""Polygon"",""coordinates"":[[[75.82961309152343,30.55950471061692],[75.89082317117489,30.55950471061692],[75.89082317117489,30.619112456770978],[75.82961309152343,30.619112456770978],[75.82961309152343,30.55950471061692]]]}"
17_33,75.95203325082635,1939.9290252868495,1938.5466448271034,1937.2216182164636,30.619112456770978,30.55950471061692,1.106093609189217,75.89082317117489,"{""geodesic"":false,""type"":""Polygon"",""coordinates"":[[[75.89082317117489,30.55950471061692],[75.95203325082635,30.55950471061692],[75.95203325082635,30.619112456770978],[75.89082317117489,30.619112456770978],[75.89082317117489,30.55950471061692]]]}"
17_34,76.0132433304778,1938.920146860945,1935.0804506279053,1934.4459591143293,30.619112456770978,30.55950471061692,1.6000127607835712,75.95203325082635,"{""geodesic"":false,""type"":""Polygon"",""coordinates"":[[[75.95203325082635,30.55950471061692],[76.0132433304778,30.55950471061692],[76.0132433304778,30.619112456770978],[75.95203325082635,30.619112456770978],[75.95203325082635,30.55950471061692]]]}"
17_35,76.07445341012927,1936.9862986655737,1935.5393901196562,1934.4459591143293,30.619112456770978,30.55950471061692,0.9703409943738985,76.0132433304778,"{""geodesic"":false,""type"":""Polygon"",""coordinates"":[[[76.0132433304778,30.55950471061692],[76.07445341012927,30.55950471061692],[76.07445341012927,30.619112456770978],[76.0132433304778,30.619112456770978],[76.0132433304778,30.55950471061692]]]}"
17_36,76.13566348978073,1942.4563558113969,1939.0953858331852,1935.6564186689084,30.619112456770978,30.55950471061692,2.2438647508997307,76.07445341012927,"{""geodesic"":false,""type"":""Polygon"",""coordinates"":[[[76.07445341012927,30.55950471061692],[76.13566348978073,30.55950471061692],[76.13566348978073,30.619112456770978],[76.07445341012927,30.619112456770978],[76.07445341012927,30.55950471061692]]]}"
17_37,76.19687356943219,1942.512258218207,1941.5513575547402,1940.4640778847915,30.619112456770978,30.55950471061692,0.8573762182558012,76.13566348978073,"{""geodesic"":false,""type"":""Polygon"",""coordinates"":[[[76.13566348978073,30.55950471061692],[76.19687356943219,30.55950471061692],[76.19687356943219,30.619112456770978],[76.13566348978073,30.619112456770978],[76.13566348978073,30.55950471061692]]]}"
17_38,76.25808364908364,1942.512258218207,1939.2034154417586,1936.146075835132,30.619112456770978,30.55950471061692,2.449392523981508,76.19687356943219,"{""geodesic"":false,""type"":""Polygon"",""coordinates"":[[[76.19687356943219,30.55950471061692],[76.25808364908364,30.55950471061692],[76.25808364908364,30.619112456770978],[76.19687356943219,30.619112456770978],[76.19687356943219,30.55950471061692]]]}"
17_39,76.3192937287351,1938.7023933289388,1934.367034147057,1932.0280735607378,30.619112456770978,30.55950471061692,2.114420933116927,76.25808364908364,"{""geodesic"":false,""type"":""Polygon"",""coordinates"":[[[76.25808364908364,30.55950471061692],[76.3192937287351,30.55950471061692],[76.3192937287351,30.619112456770978],[76.25808364908364,30.619112456770978],[76.25808364908364,30.55950471061692]]]}"
17_40,76.38050380838656,1933.952429174191,1932.605273478929,1931.6516663832122,30.619112456770978,30.55950471061692,0.8855225202335284,76.3192937287351,"{""geodesic"":false,""type"":""Polygon"",""coordinates"":[[[76.3192937287351,30.55950471061692],[76.38050380838656,30.55950471061692],[76.38050380838656,30.619112456770978],[76.3192937287351,30.619112456770978],[76.3192937287351,30.55950471061692]]]}"
17_41,76.44171388803802,1932.1967074970569,1930.6999042529333,1929.882133053722,30.619112456770978,30.55950471061692,0.9553843257993355,76.38050380838656,"{""geodesic"":false,""type"":""Polygon"",""coordinates"":[[[76.38050380838656,30.55950471061692],[76.44171388803802,30.55950471061692],[76.44171388803802,30.619112456770978],[76.38050380838656,30.619112456770978],[76.38050380838656,30.55950471061692]]]}"
17_42,76.5029239676895,1930.2619983263266,1928.1099247013433,1927.1217242077428,30.619112456770978,30.55950471061692,1.1326104087997309,76.44171388803804,"{""geodesic"":false,""type"":""Polygon"",""coordinates"":[[[76.44171388803804,30.55950471061692],[76.5029239676895,30.55950471061692],[76.5029239676895,30.619112456770978],[76.44171388803804,30.619112456770978],[76.44171388803804,30.55950471061692]]]}"
17_43,76.56413404734096,1931.4619568617838,1929.4464789772046,1927.1217242077428,30.619112456770978,30.55950471061692,1.7371153180138879,76.5029239676895,"{""geodesic"":false,""type"":""Polygon"",""coordinates"":[[[76.5029239676895,30.55950471061692],[76.56413404734096,30.55950471061692],[76.56413404734096,30.619112456770978],[76.5029239676895,30.619112456770978],[76.5029239676895,30.55950471061692]]]}"
17_44,76.62534412699242,1934.3716214795718,1933.1048673935886,1930.9492264965997,30.619112456770978,30.55950471061692,1.393123094900815,76.56413404734096,"{""geodesic"":false,""type"":""Polygon"",""coordinates"":[[[76.56413404734096,30.55950471061692],[76.62534412699242,30.55950471061692],[76.62534412699242,30.619112456770978],[76.56413404734096,30.619112456770978],[76.56413404734096,30.55950471061692]]]}"
17_45,76.68655420664388,1934.3716214795718,1932.6995883934837,1930.5170243358104,30.619112456770978,30.55950471061692,1.1995456182264388,76.62534412699242,"{""geodesic"":false,""type"":""Polygon"",""coordinates"":[[[76.62534412699242,30.55950471061692],[76.68655420664388,30.55950471061692],[76.68655420664388,30.619112456770978],[76.62534412699242,30.619112456770978],[76.62534412699242,30.55950471061692]]]}"
17_46,76.74776428629534,1934.0649379097265,1932.3476120298317,1930.5170243358104,30.619112456770978,30.55950471061692,1.2555908910597078,76.68655420664388,"{""geodesic"":false,""type"":""Polygon"",""coordinates"":[[[76.68655420664388,30.55950471061692],[76.74776428629534,30.55950471061692],[76.74776428629534,30.619112456770978],[76.68655420664388,30.619112456770978],[76.68655420664388,30.55950471061692]]]}"
17_47,76.8089743659468,1934.0649379097265,1933.0311780152624,1931.4445222745383,30.619112456770978,30.55950471061692,0.8369094825509514,76.74776428629534,"{""geodesic"":false,""type"":""Polygon"",""coordinates"":[[[76.74776428629534,30.55950471061692],[76.8089743659468,30.55950471061692],[76.8089743659468,30.619112456770978],[76.74776428629534,30.619112456770978],[76.74776428629534,30.55950471061692]]]}"
17_48,76.87018444559826,1932.2638679367087,1931.6826273608442,1930.9226933617222,30.619112456770978,30.55950471061692,0.478070350676208,76.8089743659468,"{""geodesic"":false,""type"":""Polygon"",""coordinates"":[[[76.8089743659468,30.55950471061692],[76.87018444559826,30.55950471061692],[76.87018444559826,30.619112456770978],[76.8089743659468,30.619112456770978],[76.8089743659468,30.55950471061692]]]}"
17_49,76.93139452524971,1931.9758196345274,1931.4350903021013,1930.9226933617222,30.619112456770978,30.55950471061692,0.3978856901935385,76.87018444559826,"{""geodesic"":false,""type"":""Polygon"",""coordinates"":[[[76.87018444559826,30.55950471061692],[76.93139452524971,30.55950471061692],[76.93139452524971,30.619112456770978],[76.87018444559826,30.619112456770978],[76.87018444559826,30.55950471061692]]]}"
18_4,74.17694094093399,1941.527614202903,1937.439708137419,1933.621994264686,30.678720202925035,30.619112456770978,2.8099575964163472,74.11573086128253,"{""geodesic"":false,""type"":""Polygon"",""coordinates"":[[[74.11573086128253,30.619112456770978],[74.17694094093399,30.619112456770978],[74.17694094093399,30.678720202925035],[74.11573086128253,30.678720202925035],[74.11573086128253,30.619112456770978]]]}"
18_5,74.23815102058545,1938.2791949034113,1935.868767992733,1933.621994264686,30.678720202925035,30.619112456770978,1.8452423073470403,74.17694094093399,"{""geodesic"":false,""type"":""Polygon"",""coordinates"":[[[74.17694094093399,30.619112456770978],[74.23815102058545,30.619112456770978],[74.23815102058545,30.678720202925035],[74.17694094093399,30.678720202925035],[74.17694094093399,30.619112456770978]]]}"
18_6,74.29936110023691,1938.176111799999,1934.9113600563262,1934.4706186855992,30.678720202925035,30.619112456770978,1.0817267237648303,74.23815102058545,"{""geodesic"":false,""type"":""Polygon"",""coordinates"":[[[74.23815102058545,30.619112456770978],[74.29936110023691,30.619112456770978],[74.29936110023691,30.678720202925035],[74.23815102058545,30.678720202925035],[74.23815102058545,30.619112456770978]]]}"
18_7,74.36057117988837,1935.5031590317024,1934.5913312457842,1933.9725045020618,30.678720202925035,30.619112456770978,0.5763641327609296,74.29936110023691,"{""geodesic"":false,""type"":""Polygon"",""coordinates"":[[[74.29936110023691,30.619112456770978],[74.36057117988837,30.619112456770978],[74.36057117988837,30.678720202925035],[74.29936110023691,30.678720202925035],[74.29936110023691,30.619112456770978]]]}"
18_8,74.42178125953983,1934.4617853365542,1932.4787812409097,1931.5523651343872,30.678720202925035,30.619112456770978,1.2145902853756438,74.36057117988837,"{""geodesic"":false,""type"":""Polygon"",""coordinates"":[[[74.36057117988837,30.619112456770978],[74.42178125953983,30.619112456770978],[74.42178125953983,30.678720202925035],[74.36057117988837,30.678720202925035],[74.36057117988837,30.619112456770978]]]}"
18_9,74.4829913391913,1932.7430334499898,1931.0815073734748,1930.61498317137,30.678720202925035,30.619112456770978,0.7596494725637583,74.42178125953984,"{""geodesic"":false,""type"":""Polygon"",""coordinates"":[[[74.42178125953984,30.619112456770978],[74.4829913391913,30.619112456770978],[74.4829913391913,30.678720202925035],[74.42178125953984,30.678720202925035],[74.42178125953984,30.619112456770978]]]}"
18_10,74.54420141884276,1933.981829225793,1933.0062338780463,1931.7638846885102,30.678720202925035,30.619112456770978,0.7408096532291985,74.4829913391913,"{""geodesic"":false,""type"":""Polygon"",""coordinates"":[[[74.4829913391913,30.619112456770978],[74.54420141884276,30.619112456770978],[74.54420141884276,30.678720202925035],[74.4829913391913,30.678720202925035],[74.4829913391913,30.619112456770978]]]}"
18_11,74.60541149849422,1934.355219618561,1933.4577704373805,1932.8692198356232,30.678720202925035,30.619112456770978,0.4949379970485143,74.54420141884276,"{""geodesic"":false,""type"":""Polygon"",""coordinates"":[[[74.54420141884276,30.619112456770978],[74.60541149849422,30.619112456770978],[74.60541149849422,30.678720202925035],[74.54420141884276,30.678720202925035],[74.54420141884276,30.619112456770978]]]}"
18_12,74.66662157814568,1934.355219618561,1933.5533442272545,1931.5416316510396,30.678720202925035,30.619112456770978,0.9456232886116113,74.60541149849422,"{""geodesic"":false,""type"":""Polygon"",""coordinates"":[[[74.60541149849422,30.619112456770978],[74.66662157814568,30.619112456770978],[74.66662157814568,30.678720202925035],[74.60541149849422,30.678720202925035],[74.60541149849422,30.619112456770978]]]}"
18_13,74.72783165779714,1932.7506025739876,1932.238935519712,1930.4401612037498,30.678720202925035,30.619112456770978,0.7794488091100956,74.66662157814568,"{""geodesic"":false,""type"":""Polygon"",""coordinates"":[[[74.66662157814568,30.619112456770978],[74.72783165779714,30.619112456770978],[74.72783165779714,30.678720202925035],[74.66662157814568,30.678720202925035],[74.66662157814568,30.619112456770978]]]}"
18_14,74.7890417374486,1936.9988229277608,1935.8855493419705,1930.4401612037498,30.678720202925035,30.619112456770978,2.464644908819371,74.72783165779714,"{""geodesic"":false,""type"":""Polygon"",""coordinates"":[[[74.72783165779714,30.619112456770978],[74.7890417374486,30.619112456770978],[74.7890417374486,30.678720202925035],[74.72783165779714,30.678720202925035],[74.72783165779714,30.619112456770978]]]}"
18_15,74.85025181710006,1936.631475953171,1935.6483044525805,1934.5519214901262,30.678720202925035,30.619112456770978,0.6663482982746715,74.7890417374486,"{""geodesic"":false,""type"":""Polygon"",""coordinates"":[[[74.7890417374486,30.619112456770978],[74.85025181710006,30.619112456770978],[74.85025181710006,30.678720202925035],[74.7890417374486,30.678720202925035],[74.7890417374486,30.619112456770978]]]}"
18_16,74.91146189675152,1938.5514158927522,1936.7346177264458,1934.907668407474,30.678720202925035,30.619112456770978,1.2189389628961274,74.85025181710006,"{""geodesic"":false,""type"":""Polygon"",""coordinates"":[[[74.85025181710006,30.619112456770978],[74.91146189675152,30.619112456770978],[74.91146189675152,30.678720202925035],[74.85025181710006,30.678720202925035],[74.85025181710006,30.619112456770978]]]}"
18_17,74.97267197640298,1939.1125734825432,1938.3307739283555,1935.5944498093902,30.678720202925035,30.619112456770978,1.1028775946620124,74.91146189675152,"{""geodesic"":false,""type"":""Polygon"",""coordinates"":[[[74.91146189675152,30.619112456770978],[74.97267197640298,30.619112456770978],[74.97267197640298,30.678720202925035],[74.91146189675152,30.678720202925035],[74.91146189675152,30.619112456770978]]]}"
18_18,75.03388205605444,1939.1125734825432,1938.5155088305185,1937.8620960824635,30.678720202925035,30.619112456770978,0.44845233719899663,74.97267197640298,"{""geodesic"":false,""type"":""Polygon"",""coordinates"":[[[74.97267197640298,30.619112456770978],[75.03388205605444,30.619112456770978],[75.03388205605444,30.678720202925035],[74.97267197640298,30.678720202925035],[74.97267197640298,30.619112456770978]]]}"
18_19,75.0950921357059,1938.0484259885748,1937.213005086529,1936.1950642914187,30.678720202925035,30.619112456770978,0.6716607481318174,75.03388205605444,"{""geodesic"":false,""type"":""Polygon"",""coordinates"":[[[75.03388205605444,30.619112456770978],[75.0950921357059,30.619112456770978],[75.0950921357059,30.678720202925035],[75.03388205605444,30.678720202925035],[75.03388205605444,30.619112456770978]]]}"
18_20,75.15630221535736,1936.9671348582945,1935.4051531280998,1934.9741286869319,30.678720202925035,30.619112456770978,0.5929939270014624,75.0950921357059,"{""geodesic"":false,""type"":""Polygon"",""coordinates"":[[[75.0950921357059,30.619112456770978],[75.15630221535736,30.619112456770978],[75.15630221535736,30.678720202925035],[75.0950921357059,30.678720202925035],[75.0950921357059,30.619112456770978]]]}"
18_21,75.21751229500882,1936.1086648949706,1935.5332256358247,1934.7786577474794,30.678720202925035,30.619112456770978,0.518614508105261,75.15630221535736,"{""geodesic"":false,""type"":""Polygon"",""coordinates"":[[[75.15630221535736,30.619112456770978],[75.21751229500882,30.619112456770978],[75.21751229500882,30.678720202925035],[75.15630221535736,30.678720202925035],[75.15630221535736,30.619112456770978]]]}"
18_22,75.27872237466028,1935.8379088845343,1935.3831747067054,1934.6691543293064,30.678720202925035,30.619112456770978,0.43411535529205514,75.21751229500882,"{""geodesic"":false,""type"":""Polygon"",""coordinates"":[[[75.21751229500882,30.619112456770978],[75.27872237466028,30.619112456770978],[75.27872237466028,30.678720202925035],[75.21751229500882,30.678720202925035],[75.21751229500882,30.619112456770978]]]}"
18_23,75.33993245431174,1935.8226522645095,1935.530878731831,1934.4290490684705,30.678720202925035,30.619112456770978,0.49564293217118255,75.27872237466028,"{""geodesic"":false,""type"":""Polygon"",""coordinates"":[[[75.27872237466028,30.619112456770978],[75.33993245431174,30.619112456770978],[75.33993245431174,30.678720202925035],[75.27872237466028,30.678720202925035],[75.27872237466028,30.619112456770978]]]}"
18_24,75.4011425339632,1935.5157324025893,1935.2132475936887,1934.3142739997986,30.678720202925035,30.619112456770978,0.45433648708370283,75.33993245431174,"{""geodesic"":false,""type"":""Polygon"",""coordinates"":[[[75.33993245431174,30.619112456770978],[75.4011425339632,30.619112456770978],[75.4011425339632,30.678720202925035],[75.33993245431174,30.678720202925035],[75.33993245431174,30.619112456770978]]]}"
18_25,75.46235261361466,1935.8402641205396,1934.487872266097,1933.3885471338674,30.678720202925035,30.619112456770978,0.7643305670757714,75.4011425339632,"{""geodesic"":false,""type"":""Polygon"",""coordinates"":[[[75.4011425339632,30.619112456770978],[75.46235261361466,30.619112456770978],[75.46235261361466,30.678720202925035],[75.4011425339632,30.678720202925035],[75.4011425339632,30.619112456770978]]]}"
18_26,75.52356269326613,1935.8402641205396,1935.2239892682803,1934.0621871175845,30.678720202925035,30.619112456770978,0.5237729050102937,75.46235261361467,"{""geodesic"":false,""type"":""Polygon"",""coordinates"":[[[75.46235261361467,30.619112456770978],[75.52356269326613,30.619112456770978],[75.52356269326613,30.678720202925035],[75.46235261361467,30.678720202925035],[75.46235261361467,30.619112456770978]]]}"
18_27,75.58477277291759,1937.0417805839652,1935.971126841442,1934.9522039794197,30.678720202925035,30.619112456770978,0.8960637274083149,75.52356269326613,"{""geodesic"":false,""type"":""Polygon"",""coordinates"":[[[75.52356269326613,30.619112456770978],[75.58477277291759,30.619112456770978],[75.58477277291759,30.678720202925035],[75.52356269326613,30.678720202925035],[75.52356269326613,30.619112456770978]]]}"
18_28,75.64598285256905,1939.1878120509496,1937.4745789526698,1935.1439944859417,30.678720202925035,30.619112456770978,1.2283640348341789,75.58477277291759,"{""geodesic"":false,""type"":""Polygon"",""coordinates"":[[[75.58477277291759,30.619112456770978],[75.64598285256905,30.619112456770978],[75.64598285256905,30.678720202925035],[75.58477277291759,30.678720202925035],[75.58477277291759,30.619112456770978]]]}"
18_29,75.70719293222051,1939.1878120509496,1937.537738057925,1935.338333524986,30.678720202925035,30.619112456770978,1.2111369458403665,75.64598285256905,"{""geodesic"":false,""type"":""Polygon"",""coordinates"":[[[75.64598285256905,30.619112456770978],[75.70719293222051,30.619112456770978],[75.70719293222051,30.678720202925035],[75.64598285256905,30.678720202925035],[75.64598285256905,30.619112456770978]]]}"
18_30,75.76840301187197,1937.5947860865708,1936.9108846088336,1934.6865946451205,30.678720202925035,30.619112456770978,1.1798382645913397,75.70719293222051,"{""geodesic"":false,""type"":""Polygon"",""coordinates"":[[[75.70719293222051,30.619112456770978],[75.76840301187197,30.619112456770978],[75.76840301187197,30.678720202925035],[75.70719293222051,30.678720202925035],[75.70719293222051,30.619112456770978]]]}"
18_31,75.82961309152343,1940.3911927823929,1937.5160484286407,1934.6865946451205,30.678720202925035,30.619112456770978,1.9094514398513547,75.76840301187197,"{""geodesic"":false,""type"":""Polygon"",""coordinates"":[[[75.76840301187197,30.619112456770978],[75.82961309152343,30.619112456770978],[75.82961309152343,30.678720202925035],[75.76840301187197,30.678720202925035],[75.76840301187197,30.619112456770978]]]}"
18_32,75.89082317117489,1940.3911927823929,1939.3542425835658,1936.8342122501072,30.678720202925035,30.619112456770978,1.1471525245831236,75.82961309152343,"{""geodesic"":false,""type"":""Polygon"",""coordinates"":[[[75.82961309152343,30.619112456770978],[75.89082317117489,30.619112456770978],[75.89082317117489,30.678720202925035],[75.82961309152343,30.678720202925035],[75.82961309152343,30.619112456770978]]]}"
18_33,75.95203325082635,1939.9290252868495,1937.438777688438,1935.0733286736242,30.678720202925035,30.619112456770978,1.5438901453861162,75.89082317117489,"{""geodesic"":false,""type"":""Polygon"",""coordinates"":[[[75.89082317117489,30.619112456770978],[75.95203325082635,30.619112456770978],[75.95203325082635,30.678720202925035],[75.89082317117489,30.678720202925035],[75.89082317117489,30.619112456770978]]]}"
18_34,76.0132433304778,1936.848308889282,1936.0586783802496,1934.4459591143293,30.678720202925035,30.619112456770978,0.7876590505159877,75.95203325082635,"{""geodesic"":false,""type"":""Polygon"",""coordinates"":[[[75.95203325082635,30.619112456770978],[76.0132433304778,30.619112456770978],[76.0132433304778,30.678720202925035],[75.95203325082635,30.678720202925035],[75.95203325082635,30.619112456770978]]]}"
18_35,76.07445341012927,1940.318802480821,1937.1973205115075,1934.4459591143293,30.678720202925035,30.619112456770978,1.8190755280647064,76.0132433304778,"{""geodesic"":false,""type"":""Polygon"",""coordinates"":[[[76.0132433304778,30.619112456770978],[76.07445341012927,30.619112456770978],[76.07445341012927,30.678720202925035],[76.0132433304778,30.678720202925035],[76.0132433304778,30.619112456770978]]]}"
18_36,76.13566348978073,1940.4640778847915,1938.9170538139506,1936.9862986655737,30.678720202925035,30.619112456770978,1.1434892996915669,76.07445341012927,"{""geodesic"":false,""type"":""Polygon"",""coordinates"":[[[76.07445341012927,30.619112456770978],[76.13566348978073,30.619112456770978],[76.13566348978073,30.678720202925035],[76.07445341012927,30.678720202925035],[76.07445341012927,30.619112456770978]]]}"
18_37,76.19687356943219,1941.2718493126056,1938.6815340457847,1937.8826318123254,30.678720202925035,30.619112456770978,1.272989452659294,76.13566348978073,"{""geodesic"":false,""type"":""Polygon"",""coordinates"":[[[76.13566348978073,30.619112456770978],[76.19687356943219,30.619112456770978],[76.19687356943219,30.678720202925035],[76.13566348978073,30.678720202925035],[76.13566348978073,30.619112456770978]]]}"
18_38,76.25808364908364,1941.2718493126056,1936.783101440915,1934.870825699308,30.678720202925035,30.619112456770978,2.2004034233465988,76.19687356943219,"{""geodesic"":false,""type"":""Polygon"",""coordinates"":[[[76.19687356943219,30.619112456770978],[76.25808364908364,30.619112456770978],[76.25808364908364,30.678720202925035],[76.19687356943219,30.678720202925035],[76.19687356943219,30.619112456770978]]]}"
18_39,76.3192937287351,1936.146075835132,1933.8448228512761,1931.8828705948158,30.678720202925035,30.619112456770978,1.2953077405927256,76.25808364908364,"{""geodesic"":false,""type"":""Polygon"",""coordinates"":[[[76.25808364908364,30.619112456770978],[76.3192937287351,30.619112456770978],[76.3192937287351,30.678720202925035],[76.25808364908364,30.678720202925035],[76.25808364908364,30.619112456770978]]]}"
18_40,76.38050380838656,1933.952429174191,1932.0018034041766,1929.7469166776743,30.678720202925035,30.619112456770978,1.2891424375852325,76.3192937287351,"{""geodesic"":false,""type"":""Polygon"",""coordinates"":[[[76.3192937287351,30.619112456770978],[76.38050380838656,30.619112456770978],[76.38050380838656,30.678720202925035],[76.3192937287351,30.678720202925035],[76.3192937287351,30.619112456770978]]]}"
18_41,76.44171388803802,1931.6516663832122,1929.600310923875,1927.5706208429729,30.678720202925035,30.619112456770978,1.349206004563908,76.38050380838656,"{""geodesic"":false,""type"":""Polygon"",""coordinates"":[[[76.38050380838656,30.619112456770978],[76.44171388803802,30.619112456770978],[76.44171388803802,30.678720202925035],[76.38050380838656,30.678720202925035],[76.38050380838656,30.619112456770978]]]}"
18_42,76.5029239676895,1929.882133053722,1928.2683194017018,1927.558979877168,30.678720202925035,30.619112456770978,0.6327885822644627,76.44171388803804,"{""geodesic"":false,""type"":""Polygon"",""coordinates"":[[[76.44171388803804,30.619112456770978],[76.5029239676895,30.619112456770978],[76.5029239676895,30.678720202925035],[76.44171388803804,30.678720202925035],[76.44171388803804,30.619112456770978]]]}"
18_43,76.56413404734096,1930.9492264965997,1929.4560841520647,1928.5447741839077,30.678720202925035,30.619112456770978,0.9364479874524547,76.5029239676895,"{""geodesic"":false,""type"":""Polygon"",""coordinates"":[[[76.5029239676895,30.619112456770978],[76.56413404734096,30.619112456770978],[76.56413404734096,30.678720202925035],[76.5029239676895,30.678720202925035],[76.5029239676895,30.619112456770978]]]}"
18_44,76.62534412699242,1933.589075612918,1932.674622541317,1930.2772023965022,30.678720202925035,30.619112456770978,1.4013659617898258,76.56413404734096,"{""geodesic"":false,""type"":""Polygon"",""coordinates"":[[[76.56413404734096,30.619112456770978],[76.62534412699242,30.619112456770978],[76.62534412699242,30.678720202925035],[76.56413404734096,30.678720202925035],[76.56413404734096,30.619112456770978]]]}"
18_45,76.68655420664388,1933.589075612918,1932.9528771228916,1931.9255779220196,30.678720202925035,30.619112456770978,0.6276105801101634,76.62534412699242,"{""geodesic"":false,""type"":""Polygon"",""coordinates"":[[[76.62534412699242,30.619112456770978],[76.68655420664388,30.619112456770978],[76.68655420664388,30.678720202925035],[76.62534412699242,30.678720202925035],[76.62534412699242,30.619112456770978]]]}"
18_46,76.74776428629534,1935.8611176864222,1934.2682933780998,1931.1531379816345,30.678720202925035,30.619112456770978,1.5515056494848825,76.68655420664388,"{""geodesic"":false,""type"":""Polygon"",""coordinates"":[[[76.68655420664388,30.619112456770978],[76.74776428629534,30.619112456770978],[76.74776428629534,30.678720202925035],[76.68655420664388,30.678720202925035],[76.68655420664388,30.619112456770978]]]}"
18_47,76.8089743659468,1935.8611176864222,1934.237285821661,1928.4443261259378,30.678720202925035,30.619112456770978,2.148993678603272,76.74776428629534,"{""geodesic"":false,""type"":""Polygon"",""coordinates"":[[[76.74776428629534,30.619112456770978],[76.8089743659468,30.619112456770978],[76.8089743659468,30.678720202925035],[76.74776428629534,30.678720202925035],[76.74776428629534,30.619112456770978]]]}"
18_48,76.87018444559826,1932.2638679367087,1931.223274566182,1927.8930623473118,30.678720202925035,30.619112456770978,1.6582212694251501,76.8089743659468,"{""geodesic"":false,""type"":""Polygon"",""coordinates"":[[[76.8089743659468,30.619112456770978],[76.87018444559826,30.619112456770978],[76.87018444559826,30.678720202925035],[76.8089743659468,30.678720202925035],[76.8089743659468,30.619112456770978]]]}"
18_49,76.93139452524971,1931.9758196345274,1930.661466914181,1929.2436438794296,30.678720202925035,30.619112456770978,1.2009249123177403,76.87018444559826,"{""geodesic"":false,""type"":""Polygon"",""coordinates"":[[[76.87018444559826,30.619112456770978],[76.93139452524971,30.619112456770978],[76.93139452524971,30.678720202925035],[76.87018444559826,30.678720202925035],[76.87018444559826,30.619112456770978]]]}"
19_5,74.23815102058545,1938.176111799999,1938.176111799999,1938.176111799999,30.738327949079096,30.67872020292504,0.0,74.17694094093399,"{""geodesic"":false,""type"":""Polygon"",""coordinates"":[[[74.17694094093399,30.67872020292504],[74.23815102058545,30.67872020292504],[74.23815102058545,30.738327949079096],[74.17694094093399,30.738327949079096],[74.17694094093399,30.67872020292504]]]}"
19_6,74.29936110023691,1940.7846559762538,1937.33788646544,1935.5031590317024,30.738327949079096,30.67872020292504,1.8294255075187729,74.23815102058545,"{""geodesic"":false,""type"":""Polygon"",""coordinates"":[[[74.23815102058545,30.67872020292504],[74.29936110023691,30.67872020292504],[74.29936110023691,30.738327949079096],[74.23815102058545,30.738327949079096],[74.23815102058545,30.67872020292504]]]}"
19_7,74.36057117988837,1937.9959046121073,1935.3464942826074,1933.9725045020618,30.738327949079096,30.67872020292504,1.5241679807653965,74.29936110023691,"{""geodesic"":false,""type"":""Polygon"",""coordinates"":[[[74.29936110023691,30.67872020292504],[74.36057117988837,30.67872020292504],[74.36057117988837,30.738327949079096],[74.29936110023691,30.738327949079096],[74.29936110023691,30.67872020292504]]]}"
19_8,74.42178125953983,1934.6439079994645,1932.9011586579172,1932.066393742811,30.738327949079096,30.67872020292504,0.9836383506095141,74.36057117988837,"{""geodesic"":false,""type"":""Polygon"",""coordinates"":[[[74.36057117988837,30.67872020292504],[74.42178125953983,30.67872020292504],[74.42178125953983,30.738327949079096],[74.36057117988837,30.738327949079096],[74.36057117988837,30.67872020292504]]]}"
19_9,74.4829913391913,1933.4606549765456,1932.8149209907126,1932.066393742811,30.738327949079096,30.67872020292504,0.44480863028107953,74.42178125953984,"{""geodesic"":false,""type"":""Polygon"",""coordinates"":[[[74.42178125953984,30.67872020292504],[74.4829913391913,30.67872020292504],[74.4829913391913,30.738327949079096],[74.42178125953984,30.738327949079096],[74.42178125953984,30.67872020292504]]]}"
19_10,74.54420141884276,1933.208669992521,1932.8642618651531,1932.7430334499898,30.738327949079096,30.67872020292504,0.1761013282538917,74.4829913391913,"{""geodesic"":false,""type"":""Polygon"",""coordinates"":[[[74.4829913391913,30.67872020292504],[74.54420141884276,30.67872020292504],[74.54420141884276,30.738327949079096],[74.4829913391913,30.738327949079096],[74.4829913391913,30.67872020292504]]]}"
19_11,74.60541149849422,1933.874248886019,1933.476161537115,1932.8366559055844,30.738327949079096,30.67872020292504,0.4177725893130616,74.54420141884276,"{""geodesic"":false,""type"":""Polygon"",""coordinates"":[[[74.54420141884276,30.67872020292504],[74.60541149849422,30.67872020292504],[74.60541149849422,30.738327949079096],[74.54420141884276,30.738327949079096],[74.54420141884276,30.67872020292504]]]}"
19_12,74.66662157814568,1933.5089634643455,1932.399632222385,1930.5009126222683,30.738327949079096,30.67872020292504,1.1516285735895808,74.60541149849422,"{""geodesic"":false,""type"":""Polygon"",""coordinates"":[[[74.60541149849422,30.67872020292504],[74.66662157814568,30.67872020292504],[74.66662157814568,30.738327949079096],[74.60541149849422,30.738327949079096],[74.60541149849422,30.67872020292504]]]}"
19_13,74.72783165779714,1931.5416316510396,1931.080049060572,1930.4376427024079,30.738327949079096,30.67872020292504,0.45390662654526237,74.66662157814568,"{""geodesic"":false,""type"":""Polygon"",""coordinates"":[[[74.66662157814568,30.67872020292504],[74.72783165779714,30.67872020292504],[74.72783165779714,30.738327949079096],[74.66662157814568,30.738327949079096],[74.66662157814568,30.67872020292504]]]}"
19_14,74.7890417374486,1935.6297280827162,1934.308240675652,1930.4376427024079,30.738327949079096,30.67872020292504,1.8524769712454767,74.72783165779714,"{""geodesic"":false,""type"":""Polygon"",""coordinates"":[[[74.72783165779714,30.67872020292504],[74.7890417374486,30.67872020292504],[74.7890417374486,30.738327949079096],[74.72783165779714,30.738327949079096],[74.72783165779714,30.67872020292504]]]}"
19_15,74.85025181710006,1935.6671320850696,1934.4820694243408,1933.0656157500125,30.738327949079096,30.67872020292504,0.9844932452019336,74.7890417374486,"{""geodesic"":false,""type"":""Polygon"",""coordinates"":[[[74.7890417374486,30.67872020292504],[74.85025181710006,30.67872020292504],[74.85025181710006,30.738327949079096],[74.7890417374486,30.738327949079096],[74.7890417374486,30.67872020292504]]]}"
19_16,74.91146189675152,1936.8238310262266,1935.8699792203472,1933.6365899894658,30.738327949079096,30.67872020292504,1.147743250429739,74.85025181710006,"{""geodesic"":false,""type"":""Polygon"",""coordinates"":[[[74.85025181710006,30.67872020292504],[74.91146189675152,30.67872020292504],[74.91146189675152,30.738327949079096],[74.85025181710006,30.738327949079096],[74.85025181710006,30.67872020292504]]]}"
19_17,74.97267197640298,1938.5751381211528,1937.560272446078,1935.0866254371172,30.738327949079096,30.67872020292504,1.0841800112212137,74.91146189675152,"{""geodesic"":false,""type"":""Polygon"",""coordinates"":[[[74.91146189675152,30.67872020292504],[74.97267197640298,30.67872020292504],[74.97267197640298,30.738327949079096],[74.91146189675152,30.738327949079096],[74.91146189675152,30.67872020292504]]]}"
19_18,75.03388205605444,1938.5751381211528,1938.1323943871823,1937.5443745653592,30.738327949079096,30.67872020292504,0.3740851585417995,74.97267197640298,"{""geodesic"":false,""type"":""Polygon"",""coordinates"":[[[74.97267197640298,30.67872020292504],[75.03388205605444,30.67872020292504],[75.03388205605444,30.738327949079096],[74.97267197640298,30.738327949079096],[74.97267197640298,30.67872020292504]]]}"
19_19,75.0950921357059,1937.936415984337,1937.407027263124,1936.9453850550663,30.738327949079096,30.67872020292504,0.41538953513105964,75.03388205605444,"{""geodesic"":false,""type"":""Polygon"",""coordinates"":[[[75.03388205605444,30.67872020292504],[75.0950921357059,30.67872020292504],[75.0950921357059,30.738327949079096],[75.03388205605444,30.738327949079096],[75.03388205605444,30.67872020292504]]]}"
19_20,75.15630221535736,1937.2529653858007,1935.647247942977,1935.2948287920392,30.738327949079096,30.67872020292504,0.7656283629920955,75.0950921357059,"{""geodesic"":false,""type"":""Polygon"",""coordinates"":[[[75.0950921357059,30.67872020292504],[75.15630221535736,30.67872020292504],[75.15630221535736,30.738327949079096],[75.0950921357059,30.738327949079096],[75.0950921357059,30.67872020292504]]]}"
19_21,75.21751229500882,1935.5476204567703,1934.9619669659776,1933.3418038020686,30.738327949079096,30.67872020292504,0.8735843719746806,75.15630221535736,"{""geodesic"":false,""type"":""Polygon"",""coordinates"":[[[75.15630221535736,30.67872020292504],[75.21751229500882,30.67872020292504],[75.21751229500882,30.738327949079096],[75.15630221535736,30.738327949079096],[75.15630221535736,30.67872020292504]]]}"
19_22,75.27872237466028,1934.7902033949317,1934.4395893118904,1933.3418038020686,30.738327949079096,30.67872020292504,0.6299742303349272,75.21751229500882,"{""geodesic"":false,""type"":""Polygon"",""coordinates"":[[[75.21751229500882,30.67872020292504],[75.27872237466028,30.67872020292504],[75.27872237466028,30.738327949079096],[75.21751229500882,30.738327949079096],[75.21751229500882,30.67872020292504]]]}"
19_23,75.33993245431174,1934.8411606110049,1934.4454067041604,1934.3312741973464,30.738327949079096,30.67872020292504,0.19371729654558248,75.27872237466028,"{""geodesic"":false,""type"":""Polygon"",""coordinates"":[[[75.27872237466028,30.67872020292504],[75.33993245431174,30.67872020292504],[75.33993245431174,30.738327949079096],[75.27872237466028,30.738327949079096],[75.27872237466028,30.67872020292504]]]}"
19_24,75.4011425339632,1934.8411606110049,1934.3809873414348,1933.9517877439523,30.738327949079096,30.67872020292504,0.3188927459380849,75.33993245431174,"{""geodesic"":false,""type"":""Polygon"",""coordinates"":[[[75.33993245431174,30.67872020292504],[75.4011425339632,30.67872020292504],[75.4011425339632,30.738327949079096],[75.33993245431174,30.738327949079096],[75.33993245431174,30.67872020292504]]]}"
19_25,75.46235261361466,1934.3142739997986,1933.2440321347897,1931.5713581560165,30.738327949079096,30.67872020292504,0.9513981711189292,75.4011425339632,"{""geodesic"":false,""type"":""Polygon"",""coordinates"":[[[75.4011425339632,30.67872020292504],[75.46235261361466,30.67872020292504],[75.46235261361466,30.738327949079096],[75.4011425339632,30.738327949079096],[75.4011425339632,30.67872020292504]]]}"
19_26,75.52356269326613,1934.9522039794197,1934.3470906804941,1934.0621871175845,30.738327949079096,30.67872020292504,0.33267441054064983,75.46235261361467,"{""geodesic"":false,""type"":""Polygon"",""coordinates"":[[[75.46235261361467,30.67872020292504],[75.52356269326613,30.67872020292504],[75.52356269326613,30.738327949079096],[75.46235261361467,30.738327949079096],[75.46235261361467,30.67872020292504]]]}"
19_27,75.58477277291759,1937.0417805839652,1936.0370977241876,1934.4839477268013,30.738327949079096,30.67872020292504,1.0353128886020608,75.52356269326613,"{""geodesic"":false,""type"":""Polygon"",""coordinates"":[[[75.52356269326613,30.67872020292504],[75.58477277291759,30.67872020292504],[75.58477277291759,30.738327949079096],[75.52356269326613,30.738327949079096],[75.52356269326613,30.67872020292504]]]}"
19_28,75.64598285256905,1939.3497872892938,1938.4249501163094,1936.370613999355,30.738327949079096,30.67872020292504,1.1091205885580442,75.58477277291759,"{""geodesic"":false,""type"":""Polygon"",""coordinates"":[[[75.58477277291759,30.67872020292504],[75.64598285256905,30.67872020292504],[75.64598285256905,30.738327949079096],[75.58477277291759,30.738327949079096],[75.58477277291759,30.67872020292504]]]}"
19_29,75.70719293222051,1939.3497872892938,1938.6232486629597,1937.3090503822389,30.738327949079096,30.67872020292504,0.8033442193658489,75.64598285256905,"{""geodesic"":false,""type"":""Polygon"",""coordinates"":[[[75.64598285256905,30.67872020292504],[75.70719293222051,30.67872020292504],[75.70719293222051,30.738327949079096],[75.64598285256905,30.738327949079096],[75.64598285256905,30.67872020292504]]]}"
19_30,75.76840301187197,1938.7183003259356,1937.7331909463435,1937.3090503822389,30.738327949079096,30.67872020292504,0.5626235013394438,75.70719293222051,"{""geodesic"":false,""type"":""Polygon"",""coordinates"":[[[75.70719293222051,30.67872020292504],[75.76840301187197,30.67872020292504],[75.76840301187197,30.738327949079096],[75.70719293222051,30.738327949079096],[75.70719293222051,30.67872020292504]]]}"
19_31,75.82961309152343,1940.1126781911482,1938.0745479417646,1937.5632622322457,30.738327949079096,30.67872020292504,0.9811010997040462,75.76840301187197,"{""geodesic"":false,""type"":""Polygon"",""coordinates"":[[[75.76840301187197,30.67872020292504],[75.82961309152343,30.67872020292504],[75.82961309152343,30.738327949079096],[75.76840301187197,30.738327949079096],[75.76840301187197,30.67872020292504]]]}"
19_32,75.89082317117489,1940.1126781911482,1938.4881117567973,1936.8342122501072,30.738327949079096,30.67872020292504,1.2942142536368344,75.82961309152343,"{""geodesic"":false,""type"":""Polygon"",""coordinates"":[[[75.82961309152343,30.67872020292504],[75.89082317117489,30.67872020292504],[75.89082317117489,30.738327949079096],[75.82961309152343,30.738327949079096],[75.82961309152343,30.67872020292504]]]}"
19_33,75.95203325082635,1937.8868972801881,1935.7792489697383,1935.0733286736242,30.738327949079096,30.67872020292504,1.0608608409433358,75.89082317117489,"{""geodesic"":false,""type"":""Polygon"",""coordinates"":[[[75.89082317117489,30.67872020292504],[75.95203325082635,30.67872020292504],[75.95203325082635,30.738327949079096],[75.89082317117489,30.738327949079096],[75.89082317117489,30.67872020292504]]]}"
19_34,76.0132433304778,1937.5614562467822,1936.2165755709887,1935.0733286736242,30.738327949079096,30.67872020292504,0.8249176423490815,75.95203325082635,"{""geodesic"":false,""type"":""Polygon"",""coordinates"":[[[75.95203325082635,30.67872020292504],[76.0132433304778,30.67872020292504],[76.0132433304778,30.738327949079096],[75.95203325082635,30.738327949079096],[75.95203325082635,30.67872020292504]]]}"
19_35,76.07445341012927,1940.318802480821,1938.6758930391234,1936.848308889282,30.738327949079096,30.67872020292504,1.4490531035632377,76.0132433304778,"{""geodesic"":false,""type"":""Polygon"",""coordinates"":[[[76.0132433304778,30.67872020292504],[76.07445341012927,30.67872020292504],[76.07445341012927,30.738327949079096],[76.0132433304778,30.738327949079096],[76.0132433304778,30.67872020292504]]]}"
19_36,76.13566348978073,1940.318802480821,1939.4682784187032,1938.6329848031162,30.738327949079096,30.67872020292504,0.6317922296003811,76.07445341012927,"{""geodesic"":false,""type"":""Polygon"",""coordinates"":[[[76.07445341012927,30.67872020292504],[76.13566348978073,30.67872020292504],[76.13566348978073,30.738327949079096],[76.07445341012927,30.738327949079096],[76.07445341012927,30.67872020292504]]]}"
19_37,76.19687356943219,1938.9357629890162,1938.610210818408,1937.979331181302,30.738327949079096,30.67872020292504,0.3741519224229953,76.13566348978073,"{""geodesic"":false,""type"":""Polygon"",""coordinates"":[[[76.13566348978073,30.67872020292504],[76.19687356943219,30.67872020292504],[76.19687356943219,30.738327949079096],[76.13566348978073,30.738327949079096],[76.13566348978073,30.67872020292504]]]}"
19_38,76.25808364908364,1938.9357629890162,1936.1276182528677,1932.996576654018,30.738327949079096,30.67872020292504,2.3322916279893127,76.19687356943219,"{""geodesic"":false,""type"":""Polygon"",""coordinates"":[[[76.19687356943219,30.67872020292504],[76.25808364908364,30.67872020292504],[76.25808364908364,30.738327949079096],[76.19687356943219,30.738327949079096],[76.19687356943219,30.67872020292504]]]}"
19_39,76.3192937287351,1935.261485897377,1933.3025031410577,1931.8828705948158,30.738327949079096,30.67872020292504,1.0134577656726298,76.25808364908364,"{""geodesic"":false,""type"":""Polygon"",""coordinates"":[[[76.25808364908364,30.67872020292504],[76.3192937287351,30.67872020292504],[76.3192937287351,30.738327949079096],[76.25808364908364,30.738327949079096],[76.25808364908364,30.67872020292504]]]}"
19_40,76.38050380838656,1933.7453622025866,1931.3390945584506,1929.542149655131,30.738327949079096,30.67872020292504,1.7176772200998969,76.3192937287351,"{""geodesic"":false,""type"":""Polygon"",""coordinates"":[[[76.3192937287351,30.67872020292504],[76.38050380838656,30.67872020292504],[76.38050380838656,30.738327949079096],[76.3192937287351,30.738327949079096],[76.3192937287351,30.67872020292504]]]}"
19_41,76.44171388803802,1929.7469166776743,1928.1683170439587,1926.7894887140071,30.738327949079096,30.67872020292504,1.2648816337399122,76.38050380838656,"{""geodesic"":false,""type"":""Polygon"",""coordinates"":[[[76.38050380838656,30.67872020292504],[76.44171388803802,30.67872020292504],[76.44171388803802,30.738327949079096],[76.38050380838656,30.738327949079096],[76.38050380838656,30.67872020292504]]]}"
19_42,76.5029239676895,1929.070114012348,1927.79382879212,1926.7894887140071,30.738327949079096,30.67872020292504,0.7871936771881896,76.44171388803804,"{""geodesic"":false,""type"":""Polygon"",""coordinates"":[[[76.44171388803804,30.67872020292504],[76.5029239676895,30.67872020292504],[76.5029239676895,30.738327949079096],[76.44171388803804,30.738327949079096],[76.44171388803804,30.67872020292504]]]}"
19_43,76.56413404734096,1931.340397880108,1929.630335233518,1928.7898525325413,30.738327949079096,30.67872020292504,1.0166634621862407,76.5029239676895,"{""geodesic"":false,""type"":""Polygon"",""coordinates"":[[[76.5029239676895,30.67872020292504],[76.56413404734096,30.67872020292504],[76.56413404734096,30.738327949079096],[76.5029239676895,30.738327949079096],[76.5029239676895,30.67872020292504]]]}"
19_44,76.62534412699242,1933.6849677291736,1932.3384377556333,1930.2772023965022,30.738327949079096,30.67872020292504,1.3109008839290939,76.56413404734096,"{""geodesic"":false,""type"":""Polygon"",""coordinates"":[[[76.56413404734096,30.67872020292504],[76.62534412699242,30.67872020292504],[76.62534412699242,30.738327949079096],[76.56413404734096,30.738327949079096],[76.56413404734096,30.67872020292504]]]}"
19_45,76.68655420664388,1933.6849677291736,1932.008834940625,1931.9255779220196,30.738327949079096,30.67872020292504,0.6239075077923761,76.62534412699242,"{""geodesic"":false,""type"":""Polygon"",""coordinates"":[[[76.62534412699242,30.67872020292504],[76.68655420664388,30.67872020292504],[76.68655420664388,30.738327949079096],[76.62534412699242,30.738327949079096],[76.62534412699242,30.67872020292504]]]}"
19_46,76.74776428629534,1932.5690278831853,1931.8588417664075,1931.1531379816345,30.738327949079096,30.67872020292504,0.5832435098459817,76.68655420664388,"{""geodesic"":false,""type"":""Polygon"",""coordinates"":[[[76.68655420664388,30.67872020292504],[76.74776428629534,30.67872020292504],[76.74776428629534,30.738327949079096],[76.68655420664388,30.738327949079096],[76.68655420664388,30.67872020292504]]]}"
19_47,76.8089743659468,1931.1531379816345,1930.1470845718875,1923.534850558016,30.738327949079096,30.67872020292504,2.6124309238343404,76.74776428629534,"{""geodesic"":false,""type"":""Polygon"",""coordinates"":[[[76.74776428629534,30.67872020292504],[76.8089743659468,30.67872020292504],[76.8089743659468,30.738327949079096],[76.74776428629534,30.738327949079096],[76.74776428629534,30.67872020292504]]]}"
19_48,76.87018444559826,1927.8930623473118,1926.803509399988,1923.534850558016,30.738327949079096,30.67872020292504,2.1791058948157853,76.8089743659468,"{""geodesic"":false,""type"":""Polygon"",""coordinates"":[[[76.8089743659468,30.67872020292504],[76.87018444559826,30.67872020292504],[76.87018444559826,30.738327949079096],[76.8089743659468,30.738327949079096],[76.8089743659468,30.67872020292504]]]}"
20_6,74.29936110023691,1942.317878946644,1940.325685088414,1937.9959046121073,30.797935695233154,30.738327949079096,1.5699228197933999,74.23815102058545,"{""geodesic"":false,""type"":""Polygon"",""coordinates"":[[[74.23815102058545,30.738327949079096],[74.29936110023691,30.738327949079096],[74.29936110023691,30.797935695233154],[74.23815102058545,30.797935695233154],[74.23815102058545,30.738327949079096]]]}"
20_7,74.36057117988837,1939.7817102473637,1937.37995570482,1934.6439079994645,30.797935695233154,30.738327949079096,2.0088071152372424,74.29936110023691,"{""geodesic"":false,""type"":""Polygon"",""coordinates"":[[[74.29936110023691,30.738327949079096],[74.36057117988837,30.738327949079096],[74.36057117988837,30.797935695233154],[74.29936110023691,30.797935695233154],[74.29936110023691,30.738327949079096]]]}"
20_8,74.42178125953983,1935.6357649889646,1933.6392121740455,1932.8850388056858,30.797935695233154,30.738327949079096,1.1690043756753863,74.36057117988837,"{""geodesic"":false,""type"":""Polygon"",""coordinates"":[[[74.36057117988837,30.738327949079096],[74.42178125953983,30.738327949079096],[74.42178125953983,30.797935695233154],[74.36057117988837,30.797935695233154],[74.36057117988837,30.738327949079096]]]}"
20_9,74.4829913391913,1933.6334911095455,1933.4620272420811,1932.8850388056858,30.797935695233154,30.738327949079096,0.2733801452339013,74.42178125953984,"{""geodesic"":false,""type"":""Polygon"",""coordinates"":[[[74.42178125953984,30.738327949079096],[74.4829913391913,30.738327949079096],[74.4829913391913,30.797935695233154],[74.42178125953984,30.797935695233154],[74.42178125953984,30.738327949079096]]]}"
20_10,74.54420141884276,1933.4004287058553,1933.118186618151,1932.8366559055844,30.797935695233154,30.738327949079096,0.21628455250181833,74.4829913391913,"{""geodesic"":false,""type"":""Polygon"",""coordinates"":[[[74.4829913391913,30.738327949079096],[74.54420141884276,30.738327949079096],[74.54420141884276,30.797935695233154],[74.4829913391913,30.797935695233154],[74.4829913391913,30.738327949079096]]]}"
20_11,74.60541149849422,1933.874248886019,1933.3180776563506,1930.9283986957557,30.797935695233154,30.738327949079096,0.9118427888353849,74.54420141884276,"{""geodesic"":false,""type"":""Polygon"",""coordinates"":[[[74.54420141884276,30.738327949079096],[74.60541149849422,30.738327949079096],[74.60541149849422,30.797935695233154],[74.54420141884276,30.797935695233154],[74.54420141884276,30.738327949079096]]]}"
20_12,74.66662157814568,1932.2149896091191,1931.355231641222,1930.5009126222683,30.797935695233154,30.738327949079096,0.6426060527019791,74.60541149849422,"{""geodesic"":false,""type"":""Polygon"",""coordinates"":[[[74.60541149849422,30.738327949079096],[74.66662157814568,30.738327949079096],[74.66662157814568,30.797935695233154],[74.60541149849422,30.797935695233154],[74.60541149849422,30.738327949079096]]]}"
20_13,74.72783165779714,1931.3299571993543,1930.8147579868923,1930.4376427024079,30.797935695233154,30.738327949079096,0.36027174675648244,74.66662157814568,"{""geodesic"":false,""type"":""Polygon"",""coordinates"":[[[74.66662157814568,30.738327949079096],[74.72783165779714,30.738327949079096],[74.72783165779714,30.797935695233154],[74.66662157814568,30.797935695233154],[74.66662157814568,30.738327949079096]]]}"
20_14,74.7890417374486,1934.7262058820424,1933.6816805942274,1930.4376427024079,30.797935695233154,30.738327949079096,1.5883969142630612,74.72783165779714,"{""geodesic"":false,""type"":""Polygon"",""coordinates"":[[[74.72783165779714,30.738327949079096],[74.7890417374486,30.738327949079096],[74.7890417374486,30.797935695233154],[74.72783165779714,30.797935695233154],[74.72783165779714,30.738327949079096]]]}"
20_15,74.85025181710006,1936.0778388035656,1934.0881291051217,1933.0656157500125,30.797935695233154,30.738327949079096,1.1313412161517429,74.7890417374486,"{""geodesic"":false,""type"":""Polygon"",""coordinates"":[[[74.7890417374486,30.738327949079096],[74.85025181710006,30.738327949079096],[74.85025181710006,30.797935695233154],[74.7890417374486,30.797935695233154],[74.7890417374486,30.738327949079096]]]}"
20_16,74.91146189675152,1938.1978095571817,1935.9738710570182,1933.6365899894658,30.797935695233154,30.738327949079096,1.6587508305777157,74.85025181710006,"{""geodesic"":false,""type"":""Polygon"",""coordinates"":[[[74.85025181710006,30.738327949079096],[74.91146189675152,30.738327949079096],[74.91146189675152,30.797935695233154],[74.85025181710006,30.797935695233154],[74.85025181710006,30.738327949079096]]]}"
20_17,74.97267197640298,1939.2276787950354,1937.9987866237768,1935.0866254371172,30.797935695233154,30.738327949079096,1.3987795670699354,74.91146189675152,"{""geodesic"":false,""type"":""Polygon"",""coordinates"":[[[74.91146189675152,30.738327949079096],[74.97267197640298,30.738327949079096],[74.97267197640298,30.797935695233154],[74.91146189675152,30.797935695233154],[74.91146189675152,30.738327949079096]]]}"
20_18,75.03388205605444,1939.0724815511862,1938.1108523279293,1937.5443745653592,30.797935695233154,30.738327949079096,0.6090876634682021,74.97267197640298,"{""geodesic"":false,""type"":""Polygon"",""coordinates"":[[[74.97267197640298,30.738327949079096],[75.03388205605444,30.738327949079096],[75.03388205605444,30.797935695233154],[74.97267197640298,30.797935695233154],[74.97267197640298,30.738327949079096]]]}"
20_19,75.0950921357059,1937.936415984337,1937.043180068622,1936.4203839845839,30.797935695233154,30.738327949079096,0.5919614915431475,75.03388205605444,"{""geodesic"":false,""type"":""Polygon"",""coordinates"":[[[75.03388205605444,30.738327949079096],[75.0950921357059,30.738327949079096],[75.0950921357059,30.797935695233154],[75.03388205605444,30.797935695233154],[75.03388205605444,30.738327949079096]]]}"
20_20,75.15630221535736,1937.5436227724488,1936.7946330929092,1935.5476204567703,30.797935695233154,30.738327949079096,0.6258266431121873,75.0950921357059,"{""geodesic"":false,""type"":""Polygon"",""coordinates"":[[[75.0950921357059,30.738327949079096],[75.15630221535736,30.738327949079096],[75.15630221535736,30.797935695233154],[75.0950921357059,30.797935695233154],[75.0950921357059,30.738327949079096]]]}"
20_21,75.21751229500882,1936.948563031958,1935.2569780446104,1933.3418038020686,30.797935695233154,30.738327949079096,1.3025326245532494,75.15630221535736,"{""geodesic"":false,""type"":""Polygon"",""coordinates"":[[[75.15630221535736,30.738327949079096],[75.21751229500882,30.738327949079096],[75.21751229500882,30.797935695233154],[75.15630221535736,30.797935695233154],[75.15630221535736,30.738327949079096]]]}"
20_22,75.27872237466028,1934.797612029811,1933.7727132438304,1933.3418038020686,30.797935695233154,30.738327949079096,0.5551026085548476,75.21751229500882,"{""geodesic"":false,""type"":""Polygon"",""coordinates"":[[[75.21751229500882,30.738327949079096],[75.27872237466028,30.738327949079096],[75.27872237466028,30.797935695233154],[75.21751229500882,30.797935695233154],[75.21751229500882,30.738327949079096]]]}"
20_23,75.33993245431174,1936.7110711526047,1935.0679370782732,1934.3312741973464,30.797935695233154,30.738327949079096,0.8861431512298885,75.27872237466028,"{""geodesic"":false,""type"":""Polygon"",""coordinates"":[[[75.27872237466028,30.738327949079096],[75.33993245431174,30.738327949079096],[75.33993245431174,30.797935695233154],[75.27872237466028,30.797935695233154],[75.27872237466028,30.738327949079096]]]}"
20_24,75.4011425339632,1936.7110711526047,1935.5342528027531,1933.9517877439523,30.797935695233154,30.738327949079096,1.1662479569330597,75.33993245431174,"{""geodesic"":false,""type"":""Polygon"",""coordinates"":[[[75.33993245431174,30.738327949079096],[75.4011425339632,30.738327949079096],[75.4011425339632,30.797935695233154],[75.33993245431174,30.797935695233154],[75.33993245431174,30.738327949079096]]]}"
20_25,75.46235261361466,1936.569659035271,1933.669748532627,1931.5713581560165,30.797935695233154,30.738327949079096,1.6126045057650695,75.4011425339632,"{""geodesic"":false,""type"":""Polygon"",""coordinates"":[[[75.4011425339632,30.738327949079096],[75.46235261361466,30.738327949079096],[75.46235261361466,30.797935695233154],[75.4011425339632,30.797935695233154],[75.4011425339632,30.738327949079096]]]}"
20_26,75.52356269326613,1936.0426594776045,1935.0810395804078,1934.2510816533536,30.797935695233154,30.738327949079096,0.7059901014706844,75.46235261361467,"{""geodesic"":false,""type"":""Polygon"",""coordinates"":[[[75.46235261361467,30.738327949079096],[75.52356269326613,30.738327949079096],[75.52356269326613,30.797935695233154],[75.46235261361467,30.797935695233154],[75.46235261361467,30.738327949079096]]]}"
20_27,75.58477277291759,1936.370613999355,1935.3845390264003,1934.4839477268013,30.797935695233154,30.738327949079096,0.6811458553155576,75.52356269326613,"{""geodesic"":false,""type"":""Polygon"",""coordinates"":[[[75.52356269326613,30.738327949079096],[75.58477277291759,30.738327949079096],[75.58477277291759,30.797935695233154],[75.52356269326613,30.797935695233154],[75.52356269326613,30.738327949079096]]]}"
20_28,75.64598285256905,1939.3497872892938,1937.9134872060783,1935.0911521006549,30.797935695233154,30.738327949079096,1.4422504738404343,75.58477277291759,"{""geodesic"":false,""type"":""Polygon"",""coordinates"":[[[75.58477277291759,30.738327949079096],[75.64598285256905,30.738327949079096],[75.64598285256905,30.797935695233154],[75.58477277291759,30.797935695233154],[75.58477277291759,30.738327949079096]]]}"
20_29,75.70719293222051,1939.3497872892938,1938.5037582285206,1937.5906759231432,30.797935695233154,30.738327949079096,0.6523233838100144,75.64598285256905,"{""geodesic"":false,""type"":""Polygon"",""coordinates"":[[[75.64598285256905,30.738327949079096],[75.70719293222051,30.738327949079096],[75.70719293222051,30.797935695233154],[75.64598285256905,30.797935695233154],[75.64598285256905,30.738327949079096]]]}"
20_30,75.76840301187197,1938.7183003259356,1937.7736933011572,1936.9207196609034,30.797935695233154,30.738327949079096,0.6849716519485045,75.70719293222051,"{""geodesic"":false,""type"":""Polygon"",""coordinates"":[[[75.70719293222051,30.738327949079096],[75.76840301187197,30.738327949079096],[75.76840301187197,30.797935695233154],[75.70719293222051,30.797935695233154],[75.70719293222051,30.738327949079096]]]}"
20_31,75.82961309152343,1940.1126781911482,1938.1572621087312,1936.9207196609034,30.797935695233154,30.738327949079096,1.1702923511859655,75.76840301187197,"{""geodesic"":false,""type"":""Polygon"",""coordinates"":[[[75.76840301187197,30.738327949079096],[75.82961309152343,30.738327949079096],[75.82961309152343,30.797935695233154],[75.76840301187197,30.797935695233154],[75.76840301187197,30.738327949079096]]]}"
20_32,75.89082317117489,1940.1126781911482,1939.2677607405685,1937.8868972801881,30.797935695233154,30.738327949079096,0.8823778010059734,75.82961309152343,"{""geodesic"":false,""type"":""Polygon"",""coordinates"":[[[75.82961309152343,30.738327949079096],[75.89082317117489,30.738327949079096],[75.89082317117489,30.797935695233154],[75.82961309152343,30.797935695233154],[75.82961309152343,30.738327949079096]]]}"
20_33,75.95203325082635,1938.90771169512,1937.0915329067182,1935.8149663283693,30.797935695233154,30.738327949079096,1.1177859574922708,75.89082317117489,"{""geodesic"":false,""type"":""Polygon"",""coordinates"":[[[75.89082317117489,30.738327949079096],[75.95203325082635,30.738327949079096],[75.95203325082635,30.797935695233154],[75.89082317117489,30.797935695233154],[75.89082317117489,30.738327949079096]]]}"
20_34,76.0132433304778,1939.7569845349005,1937.5015379257597,1935.8149663283693,30.797935695233154,30.738327949079096,1.2072022007330097,75.95203325082635,"{""geodesic"":false,""type"":""Polygon"",""coordinates"":[[[75.95203325082635,30.738327949079096],[76.0132433304778,30.738327949079096],[76.0132433304778,30.797935695233154],[75.95203325082635,30.797935695233154],[75.95203325082635,30.738327949079096]]]}"
20_35,76.07445341012927,1940.075980310847,1939.328809328684,1937.5614562467822,30.797935695233154,30.738327949079096,1.0032151349035556,76.0132433304778,"{""geodesic"":false,""type"":""Polygon"",""coordinates"":[[[76.0132433304778,30.738327949079096],[76.07445341012927,30.738327949079096],[76.07445341012927,30.797935695233154],[76.0132433304778,30.797935695233154],[76.0132433304778,30.738327949079096]]]}"
20_36,76.13566348978073,1940.075980310847,1939.0509858270507,1938.4266121347925,30.797935695233154,30.738327949079096,0.6127112877501717,76.07445341012927,"{""geodesic"":false,""type"":""Polygon"",""coordinates"":[[[76.07445341012927,30.738327949079096],[76.13566348978073,30.738327949079096],[76.13566348978073,30.797935695233154],[76.07445341012927,30.797935695233154],[76.07445341012927,30.738327949079096]]]}"
20_37,76.19687356943219,1938.9357629890162,1938.4081896203688,1937.4197662632323,30.797935695233154,30.738327949079096,0.568846575281647,76.13566348978073,"{""geodesic"":false,""type"":""Polygon"",""coordinates"":[[[76.13566348978073,30.738327949079096],[76.19687356943219,30.738327949079096],[76.19687356943219,30.797935695233154],[76.13566348978073,30.797935695233154],[76.13566348978073,30.738327949079096]]]}"
20_38,76.25808364908364,1938.9357629890162,1935.1398178237425,1932.996576654018,30.797935695233154,30.738327949079096,2.6236584018716536,76.19687356943219,"{""geodesic"":false,""type"":""Polygon"",""coordinates"":[[[76.19687356943219,30.738327949079096],[76.25808364908364,30.738327949079096],[76.25808364908364,30.797935695233154],[76.19687356943219,30.797935695233154],[76.19687356943219,30.738327949079096]]]}"
20_39,76.3192937287351,1934.6917565781396,1933.7739894787528,1932.996576654018,30.797935695233154,30.738327949079096,0.5919251643875731,76.25808364908364,"{""geodesic"":false,""type"":""Polygon"",""coordinates"":[[[76.25808364908364,30.738327949079096],[76.3192937287351,30.738327949079096],[76.3192937287351,30.797935695233154],[76.25808364908364,30.797935695233154],[76.25808364908364,30.738327949079096]]]}"
20_40,76.38050380838656,1933.7581712634023,1932.5465717638638,1929.542149655131,30.797935695233154,30.738327949079096,1.741863258915384,76.3192937287351,"{""geodesic"":false,""type"":""Polygon"",""coordinates"":[[[76.3192937287351,30.738327949079096],[76.38050380838656,30.738327949079096],[76.38050380838656,30.797935695233154],[76.3192937287351,30.797935695233154],[76.3192937287351,30.738327949079096]]]}"
20_41,76.44171388803802,1931.6929685673604,1929.3566200559553,1926.7894887140071,30.797935695233154,30.738327949079096,1.8045657207636123,76.38050380838656,"{""geodesic"":false,""type"":""Polygon"",""coordinates"":[[[76.38050380838656,30.738327949079096],[76.44171388803802,30.738327949079096],[76.44171388803802,30.797935695233154],[76.38050380838656,30.797935695233154],[76.38050380838656,30.738327949079096]]]}"
20_42,76.5029239676895,1931.5942994369484,1929.1612610798318,1926.7894887140071,30.797935695233154,30.738327949079096,1.6663036505540825,76.44171388803804,"{""geodesic"":false,""type"":""Polygon"",""coordinates"":[[[76.44171388803804,30.738327949079096],[76.5029239676895,30.738327949079096],[76.5029239676895,30.797935695233154],[76.44171388803804,30.797935695233154],[76.44171388803804,30.738327949079096]]]}"
20_43,76.56413404734096,1933.6869882489473,1931.3509129693066,1929.070114012348,30.797935695233154,30.738327949079096,1.6353808317021972,76.5029239676895,"{""geodesic"":false,""type"":""Polygon"",""coordinates"":[[[76.5029239676895,30.738327949079096],[76.56413404734096,30.738327949079096],[76.56413404734096,30.797935695233154],[76.5029239676895,30.797935695233154],[76.5029239676895,30.738327949079096]]]}"
20_44,76.62534412699242,1933.6869882489473,1933.3006509873837,1931.340397880108,30.797935695233154,30.738327949079096,0.9929676572038083,76.56413404734096,"{""geodesic"":false,""type"":""Polygon"",""coordinates"":[[[76.56413404734096,30.738327949079096],[76.62534412699242,30.738327949079096],[76.62534412699242,30.797935695233154],[76.56413404734096,30.797935695233154],[76.56413404734096,30.738327949079096]]]}"
20_45,76.68655420664388,1933.6849677291736,1932.2028573507673,1931.9666518669662,30.797935695233154,30.738327949079096,0.6472161469419697,76.62534412699242,"{""geodesic"":false,""type"":""Polygon"",""coordinates"":[[[76.62534412699242,30.738327949079096],[76.68655420664388,30.738327949079096],[76.68655420664388,30.797935695233154],[76.62534412699242,30.797935695233154],[76.62534412699242,30.738327949079096]]]}"
20_46,76.74776428629534,1932.5690278831853,1931.4225770994628,1929.4582341959258,30.797935695233154,30.738327949079096,1.4405156811406346,76.68655420664388,"{""geodesic"":false,""type"":""Polygon"",""coordinates"":[[[76.68655420664388,30.738327949079096],[76.74776428629534,30.738327949079096],[76.74776428629534,30.797935695233154],[76.68655420664388,30.797935695233154],[76.68655420664388,30.738327949079096]]]}"
20_47,76.8089743659468,1929.4582341959258,1925.333061131684,1918.7255333181572,30.797935695233154,30.738327949079096,3.453712364122704,76.74776428629534,"{""geodesic"":false,""type"":""Polygon"",""coordinates"":[[[76.74776428629534,30.738327949079096],[76.8089743659468,30.738327949079096],[76.8089743659468,30.797935695233154],[76.74776428629534,30.797935695233154],[76.74776428629534,30.738327949079096]]]}"
20_48,76.87018444559826,1923.534850558016,1918.812975449791,1918.7255333181572,30.797935695233154,30.738327949079096,2.4046586197998923,76.8089743659468,"{""geodesic"":false,""type"":""Polygon"",""coordinates"":[[[76.8089743659468,30.738327949079096],[76.87018444559826,30.738327949079096],[76.87018444559826,30.797935695233154],[76.8089743659468,30.797935695233154],[76.8089743659468,30.738327949079096]]]}"
21_6,74.29936110023691,1942.317878946644,1940.6292444241276,1939.7817102473637,30.85754344138721,30.797935695233154,1.1045129638008466,74.23815102058545,"{""geodesic"":false,""type"":""Polygon"",""coordinates"":[[[74.23815102058545,30.797935695233154],[74.29936110023691,30.797935695233154],[74.29936110023691,30.85754344138721],[74.23815102058545,30.85754344138721],[74.23815102058545,30.797935695233154]]]}"
21_7,74.36057117988837,1940.2339170103248,1938.025187296077,1935.6357649889646,30.85754344138721,30.797935695233154,1.7634935200131836,74.29936110023691,"{""geodesic"":false,""type"":""Polygon"",""coordinates"":[[[74.29936110023691,30.797935695233154],[74.36057117988837,30.797935695233154],[74.36057117988837,30.85754344138721],[74.29936110023691,30.85754344138721],[74.29936110023691,30.797935695233154]]]}"
21_8,74.42178125953983,1937.9416201536549,1934.8595305800789,1932.8850388056858,30.85754344138721,30.797935695233154,1.5930676509154136,74.36057117988837,"{""geodesic"":false,""type"":""Polygon"",""coordinates"":[[[74.36057117988837,30.797935695233154],[74.42178125953983,30.797935695233154],[74.42178125953983,30.85754344138721],[74.36057117988837,30.85754344138721],[74.36057117988837,30.797935695233154]]]}"
21_9,74.4829913391913,1936.0949626225895,1934.6286268028077,1932.8850388056858,30.85754344138721,30.797935695233154,1.0727056220447355,74.42178125953984,"{""geodesic"":false,""type"":""Polygon"",""coordinates"":[[[74.42178125953984,30.797935695233154],[74.4829913391913,30.797935695233154],[74.4829913391913,30.85754344138721],[74.42178125953984,30.85754344138721],[74.42178125953984,30.797935695233154]]]}"
21_10,74.54420141884276,1936.419118086886,1934.5836420773458,1932.9743023002338,30.85754344138721,30.797935695233154,1.2813743135090365,74.4829913391913,"{""geodesic"":false,""type"":""Polygon"",""coordinates"":[[[74.4829913391913,30.797935695233154],[74.54420141884276,30.797935695233154],[74.54420141884276,30.85754344138721],[74.4829913391913,30.85754344138721],[74.4829913391913,30.797935695233154]]]}"
21_11,74.60541149849422,1934.9265165745746,1933.639532600482,1932.9743023002338,30.85754344138721,30.797935695233154,0.7291158116294844,74.54420141884276,"{""geodesic"":false,""type"":""Polygon"",""coordinates"":[[[74.54420141884276,30.797935695233154],[74.60541149849422,30.797935695233154],[74.60541149849422,30.85754344138721],[74.54420141884276,30.85754344138721],[74.54420141884276,30.797935695233154]]]}"
21_12,74.66662157814568,1935.14075513798,1934.0282709900546,1930.9325613571752,30.85754344138721,30.797935695233154,1.6330478382258313,74.60541149849422,"{""geodesic"":false,""type"":""Polygon"",""coordinates"":[[[74.60541149849422,30.797935695233154],[74.66662157814568,30.797935695233154],[74.66662157814568,30.85754344138721],[74.60541149849422,30.85754344138721],[74.60541149849422,30.797935695233154]]]}"
21_13,74.72783165779714,1936.6538583174452,1933.9807286390192,1930.9325613571752,30.85754344138721,30.797935695233154,2.200033319895561,74.66662157814568,"{""geodesic"":false,""type"":""Polygon"",""coordinates"":[[[74.66662157814568,30.797935695233154],[74.72783165779714,30.797935695233154],[74.72783165779714,30.85754344138721],[74.66662157814568,30.85754344138721],[74.66662157814568,30.797935695233154]]]}"
21_14,74.7890417374486,1937.5653552231315,1935.3001235905738,1931.3299571993543,30.85754344138721,30.797935695233154,1.7669587307841437,74.72783165779714,"{""geodesic"":false,""type"":""Polygon"",""coordinates"":[[[74.72783165779714,30.797935695233154],[74.7890417374486,30.797935695233154],[74.7890417374486,30.85754344138721],[74.72783165779714,30.85754344138721],[74.72783165779714,30.797935695233154]]]}"
21_15,74.85025181710006,1938.784285275541,1936.2585296605073,1934.2603784535925,30.85754344138721,30.797935695233154,1.5624927258322192,74.7890417374486,"{""geodesic"":false,""type"":""Polygon"",""coordinates"":[[[74.7890417374486,30.797935695233154],[74.85025181710006,30.797935695233154],[74.85025181710006,30.85754344138721],[74.7890417374486,30.85754344138721],[74.7890417374486,30.797935695233154]]]}"
21_16,74.91146189675152,1941.0523106262801,1939.0680554534222,1936.0778388035656,30.85754344138721,30.797935695233154,1.5732405564062724,74.85025181710006,"{""geodesic"":false,""type"":""Polygon"",""coordinates"":[[[74.85025181710006,30.797935695233154],[74.91146189675152,30.797935695233154],[74.91146189675152,30.85754344138721],[74.85025181710006,30.85754344138721],[74.85025181710006,30.797935695233154]]]}"
21_17,74.97267197640298,1940.148471375233,1939.7401097137774,1938.1505554229423,30.85754344138721,30.797935695233154,0.7327752388983897,74.91146189675152,"{""geodesic"":false,""type"":""Polygon"",""coordinates"":[[[74.91146189675152,30.797935695233154],[74.97267197640298,30.797935695233154],[74.97267197640298,30.85754344138721],[74.91146189675152,30.85754344138721],[74.91146189675152,30.797935695233154]]]}"
21_18,75.03388205605444,1939.478126407037,1938.6836102007933,1937.2926987059943,30.85754344138721,30.797935695233154,0.8082319731101704,74.97267197640298,"{""geodesic"":false,""type"":""Polygon"",""coordinates"":[[[74.97267197640298,30.797935695233154],[75.03388205605444,30.797935695233154],[75.03388205605444,30.85754344138721],[74.97267197640298,30.85754344138721],[74.97267197640298,30.797935695233154]]]}"
21_19,75.0950921357059,1937.6520598397558,1936.6868210907326,1936.1418511624906,30.85754344138721,30.797935695233154,0.6273035716891701,75.03388205605444,"{""geodesic"":false,""type"":""Polygon"",""coordinates"":[[[75.03388205605444,30.797935695233154],[75.0950921357059,30.797935695233154],[75.0950921357059,30.85754344138721],[75.03388205605444,30.85754344138721],[75.03388205605444,30.797935695233154]]]}"
21_20,75.15630221535736,1939.0033883723538,1938.4111158510973,1936.1418511624906,30.85754344138721,30.797935695233154,0.999125126155503,75.0950921357059,"{""geodesic"":false,""type"":""Polygon"",""coordinates"":[[[75.0950921357059,30.797935695233154],[75.15630221535736,30.797935695233154],[75.15630221535736,30.85754344138721],[75.0950921357059,30.85754344138721],[75.0950921357059,30.797935695233154]]]}"
21_21,75.21751229500882,1938.6921259239232,1937.342995037792,1934.797612029811,30.85754344138721,30.797935695233154,1.1273484999225503,75.15630221535736,"{""geodesic"":false,""type"":""Polygon"",""coordinates"":[[[75.15630221535736,30.797935695233154],[75.21751229500882,30.797935695233154],[75.21751229500882,30.85754344138721],[75.15630221535736,30.85754344138721],[75.15630221535736,30.797935695233154]]]}"
21_22,75.27872237466028,1936.7446181357266,1935.4908568018216,1933.6112146448695,30.85754344138721,30.797935695233154,1.0559331094086635,75.21751229500882,"{""geodesic"":false,""type"":""Polygon"",""coordinates"":[[[75.21751229500882,30.797935695233154],[75.27872237466028,30.797935695233154],[75.27872237466028,30.85754344138721],[75.21751229500882,30.85754344138721],[75.21751229500882,30.797935695233154]]]}"
21_23,75.33993245431174,1936.7110711526047,1936.1822289206266,1935.257907620303,30.85754344138721,30.797935695233154,0.5287890577714324,75.27872237466028,"{""geodesic"":false,""type"":""Polygon"",""coordinates"":[[[75.27872237466028,30.797935695233154],[75.33993245431174,30.797935695233154],[75.33993245431174,30.85754344138721],[75.27872237466028,30.85754344138721],[75.27872237466028,30.797935695233154]]]}"
21_24,75.4011425339632,1936.7110711526047,1936.4241596769352,1934.2932975327142,30.85754344138721,30.797935695233154,0.8346614214922032,75.33993245431174,"{""geodesic"":false,""type"":""Polygon"",""coordinates"":[[[75.33993245431174,30.797935695233154],[75.4011425339632,30.797935695233154],[75.4011425339632,30.85754344138721],[75.33993245431174,30.85754344138721],[75.33993245431174,30.797935695233154]]]}"
21_25,75.46235261361466,1937.074470278112,1935.9247439443952,1934.535349771933,30.85754344138721,30.797935695233154,0.8795223910187601,75.4011425339632,"{""geodesic"":false,""type"":""Polygon"",""coordinates"":[[[75.4011425339632,30.797935695233154],[75.46235261361466,30.797935695233154],[75.46235261361466,30.85754344138721],[75.4011425339632,30.85754344138721],[75.4011425339632,30.797935695233154]]]}"
21_26,75.52356269326613,1938.8376125595582,1936.6517732170444,1935.2833591005462,30.85754344138721,30.797935695233154,1.094010607008027,75.46235261361467,"{""geodesic"":false,""type"":""Polygon"",""coordinates"":[[[75.46235261361467,30.797935695233154],[75.52356269326613,30.797935695233154],[75.52356269326613,30.85754344138721],[75.46235261361467,30.85754344138721],[75.46235261361467,30.797935695233154]]]}"
21_27,75.58477277291759,1940.581281440675,1936.8238278725992,1935.0911521006549,30.85754344138721,30.797935695233154,1.9509665841330421,75.52356269326613,"{""geodesic"":false,""type"":""Polygon"",""coordinates"":[[[75.52356269326613,30.797935695233154],[75.58477277291759,30.797935695233154],[75.58477277291759,30.85754344138721],[75.52356269326613,30.85754344138721],[75.52356269326613,30.797935695233154]]]}"
21_28,75.64598285256905,1939.7581212689527,1938.2125020481135,1935.0911521006549,30.85754344138721,30.797935695233154,1.314998046738152,75.58477277291759,"{""geodesic"":false,""type"":""Polygon"",""coordinates"":[[[75.58477277291759,30.797935695233154],[75.64598285256905,30.797935695233154],[75.64598285256905,30.85754344138721],[75.58477277291759,30.85754344138721],[75.58477277291759,30.797935695233154]]]}"
21_29,75.70719293222051,1941.0126854302328,1938.3298796293689,1937.5906759231432,30.85754344138721,30.797935695233154,1.2117528908136088,75.64598285256905,"{""geodesic"":false,""type"":""Polygon"",""coordinates"":[[[75.64598285256905,30.797935695233154],[75.70719293222051,30.797935695233154],[75.70719293222051,30.85754344138721],[75.64598285256905,30.85754344138721],[75.64598285256905,30.797935695233154]]]}"
21_30,75.76840301187197,1941.0126854302328,1937.7677182016828,1936.9207196609034,30.85754344138721,30.797935695233154,1.423113081738643,75.70719293222051,"{""geodesic"":false,""type"":""Polygon"",""coordinates"":[[[75.70719293222051,30.797935695233154],[75.76840301187197,30.797935695233154],[75.76840301187197,30.85754344138721],[75.70719293222051,30.85754344138721],[75.70719293222051,30.797935695233154]]]}"
21_31,75.82961309152343,1939.8868175441073,1938.341788848343,1936.9207196609034,30.85754344138721,30.797935695233154,1.0808584980663465,75.76840301187197,"{""geodesic"":false,""type"":""Polygon"",""coordinates"":[[[75.76840301187197,30.797935695233154],[75.82961309152343,30.797935695233154],[75.82961309152343,30.85754344138721],[75.76840301187197,30.85754344138721],[75.76840301187197,30.797935695233154]]]}"
21_32,75.89082317117489,1939.8868175441073,1938.4427042436073,1936.4953461652983,30.85754344138721,30.797935695233154,1.161891407921296,75.82961309152343,"{""geodesic"":false,""type"":""Polygon"",""coordinates"":[[[75.82961309152343,30.797935695233154],[75.89082317117489,30.797935695233154],[75.89082317117489,30.85754344138721],[75.82961309152343,30.85754344138721],[75.82961309152343,30.797935695233154]]]}"
21_33,75.95203325082635,1938.90771169512,1936.8986877621414,1936.4953461652983,30.85754344138721,30.797935695233154,0.8912935324439474,75.89082317117489,"{""geodesic"":false,""type"":""Polygon"",""coordinates"":[[[75.89082317117489,30.797935695233154],[75.95203325082635,30.797935695233154],[75.95203325082635,30.85754344138721],[75.89082317117489,30.85754344138721],[75.89082317117489,30.797935695233154]]]}"
21_34,76.0132433304778,1939.7569845349005,1938.8154588945847,1936.6658465931246,30.85754344138721,30.797935695233154,1.0860262901383997,75.95203325082635,"{""geodesic"":false,""type"":""Polygon"",""coordinates"":[[[75.95203325082635,30.797935695233154],[76.0132433304778,30.797935695233154],[76.0132433304778,30.85754344138721],[75.95203325082635,30.85754344138721],[75.95203325082635,30.797935695233154]]]}"
21_35,76.07445341012927,1940.075980310847,1939.6534809748618,1938.6512725354112,30.85754344138721,30.797935695233154,0.4352945842967687,76.0132433304778,"{""geodesic"":false,""type"":""Polygon"",""coordinates"":[[[76.0132433304778,30.797935695233154],[76.07445341012927,30.797935695233154],[76.07445341012927,30.85754344138721],[76.0132433304778,30.85754344138721],[76.0132433304778,30.797935695233154]]]}"
21_36,76.13566348978073,1940.075980310847,1938.5193815430612,1937.0609858182088,30.85754344138721,30.797935695233154,1.0926867912983356,76.07445341012927,"{""geodesic"":false,""type"":""Polygon"",""coordinates"":[[[76.07445341012927,30.797935695233154],[76.13566348978073,30.797935695233154],[76.13566348978073,30.85754344138721],[76.07445341012927,30.85754344138721],[76.07445341012927,30.797935695233154]]]}"
21_37,76.19687356943219,1938.4266121347925,1937.165790701982,1933.7897854079604,30.85754344138721,30.797935695233154,1.4361603889911472,76.13566348978073,"{""geodesic"":false,""type"":""Polygon"",""coordinates"":[[[76.13566348978073,30.797935695233154],[76.19687356943219,30.797935695233154],[76.19687356943219,30.85754344138721],[76.13566348978073,30.85754344138721],[76.13566348978073,30.797935695233154]]]}"
21_38,76.25808364908364,1937.4197662632323,1934.2900678773062,1932.5093845606843,30.85754344138721,30.797935695233154,1.913131604275151,76.19687356943219,"{""geodesic"":false,""type"":""Polygon"",""coordinates"":[[[76.19687356943219,30.797935695233154],[76.25808364908364,30.797935695233154],[76.25808364908364,30.85754344138721],[76.19687356943219,30.85754344138721],[76.19687356943219,30.797935695233154]]]}"
21_39,76.3192937287351,1934.6917565781396,1933.3157337205791,1931.215941053063,30.85754344138721,30.797935695233154,1.0329903580028879,76.25808364908364,"{""geodesic"":false,""type"":""Polygon"",""coordinates"":[[[76.25808364908364,30.797935695233154],[76.3192937287351,30.797935695233154],[76.3192937287351,30.85754344138721],[76.25808364908364,30.85754344138721],[76.25808364908364,30.797935695233154]]]}"
21_40,76.38050380838656,1933.7581712634023,1931.1417077942294,1929.447959438073,30.85754344138721,30.797935695233154,1.4438894336974595,76.3192937287351,"{""geodesic"":false,""type"":""Polygon"",""coordinates"":[[[76.3192937287351,30.797935695233154],[76.38050380838656,30.797935695233154],[76.38050380838656,30.85754344138721],[76.3192937287351,30.85754344138721],[76.3192937287351,30.797935695233154]]]}"
21_41,76.44171388803802,1931.6929685673604,1930.0134830260495,1928.7172448166061,30.85754344138721,30.797935695233154,0.9337294708010857,76.38050380838656,"{""geodesic"":false,""type"":""Polygon"",""coordinates"":[[[76.38050380838656,30.797935695233154],[76.44171388803802,30.797935695233154],[76.44171388803802,30.85754344138721],[76.38050380838656,30.85754344138721],[76.38050380838656,30.797935695233154]]]}"
21_42,76.5029239676895,1932.3692582710776,1930.5907700608855,1929.1038923933602,30.85754344138721,30.797935695233154,1.01524869843404,76.44171388803804,"{""geodesic"":false,""type"":""Polygon"",""coordinates"":[[[76.44171388803804,30.797935695233154],[76.5029239676895,30.797935695233154],[76.5029239676895,30.85754344138721],[76.44171388803804,30.85754344138721],[76.44171388803804,30.797935695233154]]]}"
21_43,76.56413404734096,1933.6869882489473,1932.8174536485162,1930.602503495096,30.85754344138721,30.797935695233154,1.0804460110527652,76.5029239676895,"{""geodesic"":false,""type"":""Polygon"",""coordinates"":[[[76.5029239676895,30.797935695233154],[76.56413404734096,30.797935695233154],[76.56413404734096,30.85754344138721],[76.5029239676895,30.85754344138721],[76.5029239676895,30.797935695233154]]]}"
21_44,76.62534412699242,1933.6869882489473,1932.5006560290572,1930.2413459606876,30.85754344138721,30.797935695233154,1.3724936153375407,76.56413404734096,"{""geodesic"":false,""type"":""Polygon"",""coordinates"":[[[76.56413404734096,30.797935695233154],[76.62534412699242,30.797935695233154],[76.62534412699242,30.85754344138721],[76.56413404734096,30.85754344138721],[76.56413404734096,30.797935695233154]]]}"
21_45,76.68655420664388,1933.5108648332973,1931.2341603187372,1928.3987920876548,30.85754344138721,30.797935695233154,1.5731614812588663,76.62534412699242,"{""geodesic"":false,""type"":""Polygon"",""coordinates"":[[[76.62534412699242,30.797935695233154],[76.68655420664388,30.797935695233154],[76.68655420664388,30.85754344138721],[76.62534412699242,30.85754344138721],[76.62534412699242,30.797935695233154]]]}"
21_46,76.74776428629534,1932.4558884371218,1928.6013828175985,1919.8558574232122,30.85754344138721,30.797935695233154,4.101101589342422,76.68655420664388,"{""geodesic"":false,""type"":""Polygon"",""coordinates"":[[[76.68655420664388,30.797935695233154],[76.74776428629534,30.797935695233154],[76.74776428629534,30.85754344138721],[76.68655420664388,30.85754344138721],[76.68655420664388,30.797935695233154]]]}"
21_47,76.8089743659468,1929.4582341959258,1923.257730466123,1913.948271672899,30.85754344138721,30.797935695233154,5.027225742506963,76.74776428629534,"{""geodesic"":false,""type"":""Polygon"",""coordinates"":[[[76.74776428629534,30.797935695233154],[76.8089743659468,30.797935695233154],[76.8089743659468,30.85754344138721],[76.74776428629534,30.85754344138721],[76.74776428629534,30.797935695233154]]]}"
21_48,76.87018444559826,1918.7255333181572,1917.8952791065944,1917.1169157832553,30.85754344138721,30.797935695233154,0.8043087674484954,76.8089743659468,"{""geodesic"":false,""type"":""Polygon"",""coordinates"":[[[76.8089743659468,30.797935695233154],[76.87018444559826,30.797935695233154],[76.87018444559826,30.85754344138721],[76.8089743659468,30.85754344138721],[76.8089743659468,30.797935695233154]]]}"
22_8,74.42178125953983,1942.3773664176388,1936.7350383468774,1935.7030290390549,30.91715118754127,30.85754344138721,2.7735639835448644,74.36057117988837,"{""geodesic"":false,""type"":""Polygon"",""coordinates"":[[[74.36057117988837,30.85754344138721],[74.42178125953983,30.85754344138721],[74.42178125953983,30.91715118754127],[74.36057117988837,30.91715118754127],[74.36057117988837,30.85754344138721]]]}"
22_9,74.4829913391913,1942.3773664176388,1936.8270360048155,1935.6309537118414,30.91715118754127,30.85754344138721,2.5053919975495638,74.42178125953984,"{""geodesic"":false,""type"":""Polygon"",""coordinates"":[[[74.42178125953984,30.85754344138721],[74.4829913391913,30.85754344138721],[74.4829913391913,30.91715118754127],[74.42178125953984,30.91715118754127],[74.42178125953984,30.85754344138721]]]}"
22_10,74.54420141884276,1936.419118086886,1935.9152266384442,1934.2859023870483,30.91715118754127,30.85754344138721,0.8007937689128269,74.4829913391913,"{""geodesic"":false,""type"":""Polygon"",""coordinates"":[[[74.4829913391913,30.85754344138721],[74.54420141884276,30.85754344138721],[74.54420141884276,30.91715118754127],[74.4829913391913,30.91715118754127],[74.4829913391913,30.85754344138721]]]}"
22_11,74.60541149849422,1936.132794613177,1934.9357663066921,1934.223424204179,30.91715118754127,30.85754344138721,0.8134239779691943,74.54420141884276,"{""geodesic"":false,""type"":""Polygon"",""coordinates"":[[[74.54420141884276,30.85754344138721],[74.60541149849422,30.85754344138721],[74.60541149849422,30.91715118754127],[74.54420141884276,30.91715118754127],[74.54420141884276,30.85754344138721]]]}"
22_12,74.66662157814568,1938.6176652456145,1935.9607724131165,1935.14075513798,30.91715118754127,30.85754344138721,1.3920340217415441,74.60541149849422,"{""geodesic"":false,""type"":""Polygon"",""coordinates"":[[[74.60541149849422,30.85754344138721],[74.66662157814568,30.85754344138721],[74.66662157814568,30.91715118754127],[74.60541149849422,30.91715118754127],[74.60541149849422,30.85754344138721]]]}"
22_13,74.72783165779714,1938.6176652456145,1936.8415224722428,1935.7809195092477,30.91715118754127,30.85754344138721,1.2223292717541887,74.66662157814568,"{""geodesic"":false,""type"":""Polygon"",""coordinates"":[[[74.66662157814568,30.85754344138721],[74.72783165779714,30.85754344138721],[74.72783165779714,30.91715118754127],[74.66662157814568,30.91715118754127],[74.66662157814568,30.85754344138721]]]}"
22_14,74.7890417374486,1938.546951519731,1937.4605520957527,1936.6538583174452,30.91715118754127,30.85754344138721,0.6004500005239835,74.72783165779714,"{""geodesic"":false,""type"":""Polygon"",""coordinates"":[[[74.72783165779714,30.85754344138721],[74.7890417374486,30.85754344138721],[74.7890417374486,30.91715118754127],[74.72783165779714,30.91715118754127],[74.72783165779714,30.85754344138721]]]}"
22_15,74.85025181710006,1938.3625029935342,1937.4312259101744,1936.9232674562663,30.91715118754127,30.85754344138721,0.5149219051490431,74.7890417374486,"{""geodesic"":false,""type"":""Polygon"",""coordinates"":[[[74.7890417374486,30.85754344138721],[74.85025181710006,30.85754344138721],[74.85025181710006,30.91715118754127],[74.7890417374486,30.91715118754127],[74.7890417374486,30.85754344138721]]]}"
22_16,74.91146189675152,1941.0523106262801,1939.6089334081034,1937.60386897404,30.91715118754127,30.85754344138721,1.281718936047569,74.85025181710006,"{""geodesic"":false,""type"":""Polygon"",""coordinates"":[[[74.85025181710006,30.85754344138721],[74.91146189675152,30.85754344138721],[74.91146189675152,30.91715118754127],[74.85025181710006,30.91715118754127],[74.85025181710006,30.85754344138721]]]}"
22_17,74.97267197640298,1941.0523106262801,1938.6592093336333,1938.0516745687028,30.91715118754127,30.85754344138721,1.0030324716715155,74.91146189675152,"{""geodesic"":false,""type"":""Polygon"",""coordinates"":[[[74.91146189675152,30.85754344138721],[74.97267197640298,30.85754344138721],[74.97267197640298,30.91715118754127],[74.91146189675152,30.91715118754127],[74.91146189675152,30.85754344138721]]]}"
22_18,75.03388205605444,1938.552683820873,1938.019642588127,1937.2926987059943,30.91715118754127,30.85754344138721,0.4565016503429886,74.97267197640298,"{""geodesic"":false,""type"":""Polygon"",""coordinates"":[[[74.97267197640298,30.85754344138721],[75.03388205605444,30.85754344138721],[75.03388205605444,30.91715118754127],[74.97267197640298,30.91715118754127],[74.97267197640298,30.85754344138721]]]}"
22_19,75.0950921357059,1937.7700579742602,1936.8872317210612,1936.35787353906,30.91715118754127,30.85754344138721,0.5216057467394578,75.03388205605444,"{""geodesic"":false,""type"":""Polygon"",""coordinates"":[[[75.03388205605444,30.85754344138721],[75.0950921357059,30.85754344138721],[75.0950921357059,30.91715118754127],[75.03388205605444,30.91715118754127],[75.03388205605444,30.85754344138721]]]}"
22_20,75.15630221535736,1939.4306921353098,1937.768954876271,1936.35787353906,30.91715118754127,30.85754344138721,1.0594823226490084,75.0950921357059,"{""geodesic"":false,""type"":""Polygon"",""coordinates"":[[[75.0950921357059,30.85754344138721],[75.15630221535736,30.85754344138721],[75.15630221535736,30.91715118754127],[75.0950921357059,30.91715118754127],[75.0950921357059,30.85754344138721]]]}"
22_21,75.21751229500882,1938.7710459904836,1937.30252395878,1936.8828611076497,30.91715118754127,30.85754344138721,0.8387218195067269,75.15630221535736,"{""geodesic"":false,""type"":""Polygon"",""coordinates"":[[[75.15630221535736,30.85754344138721],[75.21751229500882,30.85754344138721],[75.21751229500882,30.91715118754127],[75.15630221535736,30.91715118754127],[75.15630221535736,30.85754344138721]]]}"
22_22,75.27872237466028,1938.2827063045336,1936.514063338735,1935.7703129599429,30.91715118754127,30.85754344138721,0.9399700598869942,75.21751229500882,"{""geodesic"":false,""type"":""Polygon"",""coordinates"":[[[75.21751229500882,30.85754344138721],[75.27872237466028,30.85754344138721],[75.27872237466028,30.91715118754127],[75.21751229500882,30.91715118754127],[75.21751229500882,30.85754344138721]]]}"
22_23,75.33993245431174,1936.643732170295,1936.3235828223662,1935.2077517047169,30.91715118754127,30.85754344138721,0.5461730343166985,75.27872237466028,"{""geodesic"":false,""type"":""Polygon"",""coordinates"":[[[75.27872237466028,30.85754344138721],[75.33993245431174,30.85754344138721],[75.33993245431174,30.91715118754127],[75.27872237466028,30.91715118754127],[75.27872237466028,30.85754344138721]]]}"
22_24,75.4011425339632,1936.146392120097,1935.1535489650523,1934.2932975327142,30.91715118754127,30.85754344138721,0.6590903836262411,75.33993245431174,"{""geodesic"":false,""type"":""Polygon"",""coordinates"":[[[75.33993245431174,30.85754344138721],[75.4011425339632,30.85754344138721],[75.4011425339632,30.91715118754127],[75.33993245431174,30.91715118754127],[75.33993245431174,30.85754344138721]]]}"
22_25,75.46235261361466,1938.3225752990545,1934.9441142135217,1934.2932975327142,30.91715118754127,30.85754344138721,1.4151480182834253,75.4011425339632,"{""geodesic"":false,""type"":""Polygon"",""coordinates"":[[[75.4011425339632,30.85754344138721],[75.46235261361466,30.85754344138721],[75.46235261361466,30.91715118754127],[75.4011425339632,30.91715118754127],[75.4011425339632,30.85754344138721]]]}"
22_26,75.52356269326613,1938.8376125595582,1937.797918133861,1936.9904038388713,30.91715118754127,30.85754344138721,0.7063842270849617,75.46235261361467,"{""geodesic"":false,""type"":""Polygon"",""coordinates"":[[[75.46235261361467,30.85754344138721],[75.52356269326613,30.85754344138721],[75.52356269326613,30.91715118754127],[75.46235261361467,30.91715118754127],[75.46235261361467,30.85754344138721]]]}"
22_27,75.58477277291759,1940.581281440675,1939.778504773922,1938.5381042694864,30.91715118754127,30.85754344138721,0.8562681399267726,75.52356269326613,"{""geodesic"":false,""type"":""Polygon"",""coordinates"":[[[75.52356269326613,30.85754344138721],[75.58477277291759,30.85754344138721],[75.58477277291759,30.91715118754127],[75.52356269326613,30.91715118754127],[75.52356269326613,30.85754344138721]]]}"
22_28,75.64598285256905,1940.581281440675,1939.9773291360098,1939.7581212689527,30.91715118754127,30.85754344138721,0.26272320392501514,75.58477277291759,"{""geodesic"":false,""type"":""Polygon"",""coordinates"":[[[75.58477277291759,30.85754344138721],[75.64598285256905,30.85754344138721],[75.64598285256905,30.91715118754127],[75.58477277291759,30.91715118754127],[75.58477277291759,30.85754344138721]]]}"
22_29,75.70719293222051,1941.0126854302328,1940.315286723462,1939.6295042177887,30.91715118754127,30.85754344138721,0.5229739593794045,75.64598285256905,"{""geodesic"":false,""type"":""Polygon"",""coordinates"":[[[75.64598285256905,30.85754344138721],[75.70719293222051,30.85754344138721],[75.70719293222051,30.91715118754127],[75.64598285256905,30.91715118754127],[75.64598285256905,30.85754344138721]]]}"
22_30,75.76840301187197,1941.1090379432226,1940.2482837392502,1939.6295042177887,30.91715118754127,30.85754344138721,0.7062368448158937,75.70719293222051,"{""geodesic"":false,""type"":""Polygon"",""coordinates"":[[[75.70719293222051,30.85754344138721],[75.76840301187197,30.85754344138721],[75.76840301187197,30.91715118754127],[75.70719293222051,30.91715118754127],[75.70719293222051,30.85754344138721]]]}"
22_31,75.82961309152343,1942.375151697283,1940.1059323801355,1939.4431290989742,30.91715118754127,30.85754344138721,1.0887446869165944,75.76840301187197,"{""geodesic"":false,""type"":""Polygon"",""coordinates"":[[[75.76840301187197,30.85754344138721],[75.82961309152343,30.85754344138721],[75.82961309152343,30.91715118754127],[75.76840301187197,30.91715118754127],[75.76840301187197,30.85754344138721]]]}"
22_32,75.89082317117489,1939.6559994002412,1938.856506240465,1937.286293155804,30.91715118754127,30.85754344138721,0.9612509743893433,75.82961309152343,"{""geodesic"":false,""type"":""Polygon"",""coordinates"":[[[75.82961309152343,30.85754344138721],[75.89082317117489,30.85754344138721],[75.89082317117489,30.91715118754127],[75.82961309152343,30.91715118754127],[75.82961309152343,30.85754344138721]]]}"
22_33,75.95203325082635,1938.2081412131395,1937.7676067707991,1936.752181606581,30.91715118754127,30.85754344138721,0.5807218644281056,75.89082317117489,"{""geodesic"":false,""type"":""Polygon"",""coordinates"":[[[75.89082317117489,30.85754344138721],[75.95203325082635,30.85754344138721],[75.95203325082635,30.91715118754127],[75.89082317117489,30.91715118754127],[75.89082317117489,30.85754344138721]]]}"
22_34,76.0132433304778,1939.5016174929856,1938.6599888913731,1936.752181606581,30.91715118754127,30.85754344138721,0.9725941436477602,75.95203325082635,"{""geodesic"":false,""type"":""Polygon"",""coordinates"":[[[75.95203325082635,30.85754344138721],[76.0132433304778,30.85754344138721],[76.0132433304778,30.91715118754127],[75.95203325082635,30.91715118754127],[75.95203325082635,30.85754344138721]]]}"
22_35,76.07445341012927,1939.5016174929856,1938.0026262136512,1933.030733222858,30.91715118754127,30.85754344138721,2.4872276006269907,76.0132433304778,"{""geodesic"":false,""type"":""Polygon"",""coordinates"":[[[76.0132433304778,30.85754344138721],[76.07445341012927,30.85754344138721],[76.07445341012927,30.91715118754127],[76.0132433304778,30.91715118754127],[76.0132433304778,30.85754344138721]]]}"
22_36,76.13566348978073,1938.6512725354112,1936.13147316607,1932.4031029537564,30.91715118754127,30.85754344138721,2.448594793362444,76.07445341012927,"{""geodesic"":false,""type"":""Polygon"",""coordinates"":[[[76.07445341012927,30.85754344138721],[76.13566348978073,30.85754344138721],[76.13566348978073,30.91715118754127],[76.07445341012927,30.91715118754127],[76.07445341012927,30.85754344138721]]]}"
22_37,76.19687356943219,1936.1569509298513,1934.520954385644,1930.7647095609516,30.91715118754127,30.85754344138721,1.9705550942290948,76.13566348978073,"{""geodesic"":false,""type"":""Polygon"",""coordinates"":[[[76.13566348978073,30.85754344138721],[76.19687356943219,30.85754344138721],[76.19687356943219,30.91715118754127],[76.13566348978073,30.91715118754127],[76.13566348978073,30.85754344138721]]]}"
22_38,76.25808364908364,1933.7897854079604,1932.6609682714243,1930.7647095609516,30.91715118754127,30.85754344138721,1.114346254133645,76.19687356943219,"{""geodesic"":false,""type"":""Polygon"",""coordinates"":[[[76.19687356943219,30.85754344138721],[76.25808364908364,30.85754344138721],[76.25808364908364,30.91715118754127],[76.19687356943219,30.91715118754127],[76.19687356943219,30.85754344138721]]]}"
22_39,76.3192937287351,1932.6286014864754,1931.7038092179846,1927.3322766365438,30.91715118754127,30.85754344138721,1.7695034804210805,76.25808364908364,"{""geodesic"":false,""type"":""Polygon"",""coordinates"":[[[76.25808364908364,30.85754344138721],[76.3192937287351,30.85754344138721],[76.3192937287351,30.91715118754127],[76.25808364908364,30.91715118754127],[76.25808364908364,30.85754344138721]]]}"
22_40,76.38050380838656,1931.0390334664041,1929.5550176897968,1926.4200406541531,30.91715118754127,30.85754344138721,1.8042179353179357,76.3192937287351,"{""geodesic"":false,""type"":""Polygon"",""coordinates"":[[[76.3192937287351,30.85754344138721],[76.38050380838656,30.85754344138721],[76.38050380838656,30.91715118754127],[76.3192937287351,30.91715118754127],[76.3192937287351,30.85754344138721]]]}"
22_41,76.44171388803802,1929.447959438073,1928.5008654351602,1926.4200406541531,30.91715118754127,30.85754344138721,1.1602512649439927,76.38050380838656,"{""geodesic"":false,""type"":""Polygon"",""coordinates"":[[[76.38050380838656,30.85754344138721],[76.44171388803802,30.85754344138721],[76.44171388803802,30.91715118754127],[76.38050380838656,30.91715118754127],[76.38050380838656,30.85754344138721]]]}"
22_42,76.5029239676895,1930.602503495096,1929.1496049690588,1927.4724896992172,30.91715118754127,30.85754344138721,1.0745239093133718,76.44171388803804,"{""geodesic"":false,""type"":""Polygon"",""coordinates"":[[[76.44171388803804,30.85754344138721],[76.5029239676895,30.85754344138721],[76.5029239676895,30.91715118754127],[76.44171388803804,30.91715118754127],[76.44171388803804,30.85754344138721]]]}"
22_43,76.56413404734096,1932.7260382980821,1931.0281526643876,1928.5642698636984,30.91715118754127,30.85754344138721,1.4840157852202487,76.5029239676895,"{""geodesic"":false,""type"":""Polygon"",""coordinates"":[[[76.5029239676895,30.85754344138721],[76.56413404734096,30.85754344138721],[76.56413404734096,30.91715118754127],[76.5029239676895,30.91715118754127],[76.5029239676895,30.85754344138721]]]}"
22_44,76.62534412699242,1932.7260382980821,1929.8030996641057,1925.6206145970277,30.91715118754127,30.85754344138721,2.5837219686943,76.56413404734096,"{""geodesic"":false,""type"":""Polygon"",""coordinates"":[[[76.56413404734096,30.85754344138721],[76.62534412699242,30.85754344138721],[76.62534412699242,30.91715118754127],[76.56413404734096,30.91715118754127],[76.56413404734096,30.85754344138721]]]}"
22_45,76.68655420664388,1930.2413459606876,1926.0341426925563,1918.3830324940743,30.91715118754127,30.85754344138721,3.8554979293122296,76.62534412699242,"{""geodesic"":false,""type"":""Polygon"",""coordinates"":[[[76.62534412699242,30.85754344138721],[76.68655420664388,30.85754344138721],[76.68655420664388,30.91715118754127],[76.62534412699242,30.91715118754127],[76.62534412699242,30.85754344138721]]]}"
22_46,76.74776428629534,1924.8990031324083,1921.1730410232556,1917.3761984952991,30.91715118754127,30.85754344138721,2.891965356624257,76.68655420664388,"{""geodesic"":false,""type"":""Polygon"",""coordinates"":[[[76.68655420664388,30.85754344138721],[76.74776428629534,30.85754344138721],[76.74776428629534,30.91715118754127],[76.68655420664388,30.91715118754127],[76.68655420664388,30.85754344138721]]]}"
22_47,76.8089743659468,1919.8558574232122,1917.3343423228505,1913.948271672899,30.91715118754127,30.85754344138721,2.1097362292896995,76.74776428629534,"{""geodesic"":false,""type"":""Polygon"",""coordinates"":[[[76.74776428629534,30.85754344138721],[76.8089743659468,30.85754344138721],[76.8089743659468,30.91715118754127],[76.74776428629534,30.91715118754127],[76.74776428629534,30.85754344138721]]]}"
23_8,74.42178125953983,1942.3773664176388,1942.3773664176388,1942.3773664176388,30.97675893369533,30.917151187541272,0.0,74.36057117988837,"{""geodesic"":false,""type"":""Polygon"",""coordinates"":[[[74.36057117988837,30.917151187541272],[74.42178125953983,30.917151187541272],[74.42178125953983,30.97675893369533],[74.36057117988837,30.97675893369533],[74.36057117988837,30.917151187541272]]]}"
23_9,74.4829913391913,1943.0315274764291,1939.5414201954447,1935.6309537118414,30.97675893369533,30.917151187541272,2.613022451601116,74.42178125953984,"{""geodesic"":false,""type"":""Polygon"",""coordinates"":[[[74.42178125953984,30.917151187541272],[74.4829913391913,30.917151187541272],[74.4829913391913,30.97675893369533],[74.42178125953984,30.97675893369533],[74.42178125953984,30.917151187541272]]]}"
23_10,74.54420141884276,1940.4230294182908,1936.9838136803205,1934.2859023870483,30.97675893369533,30.917151187541272,2.29727376830369,74.4829913391913,"{""geodesic"":false,""type"":""Polygon"",""coordinates"":[[[74.4829913391913,30.917151187541272],[74.54420141884276,30.917151187541272],[74.54420141884276,30.97675893369533],[74.4829913391913,30.97675893369533],[74.4829913391913,30.917151187541272]]]}"
23_11,74.60541149849422,1938.3843275896552,1936.363499551386,1934.2859023870483,30.97675893369533,30.917151187541272,1.3117062293816992,74.54420141884276,"{""geodesic"":false,""type"":""Polygon"",""coordinates"":[[[74.54420141884276,30.917151187541272],[74.60541149849422,30.917151187541272],[74.60541149849422,30.97675893369533],[74.54420141884276,30.97675893369533],[74.54420141884276,30.917151187541272]]]}"
23_12,74.66662157814568,1938.761749591477,1938.1838607822863,1937.610030981488,30.97675893369533,30.917151187541272,0.44433742250466834,74.60541149849422,"{""geodesic"":false,""type"":""Polygon"",""coordinates"":[[[74.60541149849422,30.917151187541272],[74.66662157814568,30.917151187541272],[74.66662157814568,30.97675893369533],[74.60541149849422,30.97675893369533],[74.60541149849422,30.917151187541272]]]}"
23_13,74.72783165779714,1939.7133288697626,1938.9264867815064,1938.546951519731,30.97675893369533,30.917151187541272,0.47026036538312416,74.66662157814568,"{""geodesic"":false,""type"":""Polygon"",""coordinates"":[[[74.66662157814568,30.917151187541272],[74.72783165779714,30.917151187541272],[74.72783165779714,30.97675893369533],[74.66662157814568,30.97675893369533],[74.66662157814568,30.917151187541272]]]}"
23_14,74.7890417374486,1939.7133288697626,1938.5840656307623,1937.4515020762096,30.97675893369533,30.917151187541272,0.8622156390979836,74.72783165779714,"{""geodesic"":false,""type"":""Polygon"",""coordinates"":[[[74.72783165779714,30.917151187541272],[74.7890417374486,30.917151187541272],[74.7890417374486,30.97675893369533],[74.72783165779714,30.97675893369533],[74.72783165779714,30.917151187541272]]]}"
23_15,74.85025181710006,1940.24531640782,1938.573405681036,1937.4515020762096,30.97675893369533,30.917151187541272,1.1783457131353516,74.7890417374486,"{""geodesic"":false,""type"":""Polygon"",""coordinates"":[[[74.7890417374486,30.917151187541272],[74.85025181710006,30.917151187541272],[74.85025181710006,30.97675893369533],[74.7890417374486,30.97675893369533],[74.7890417374486,30.917151187541272]]]}"
23_16,74.91146189675152,1940.24531640782,1938.9123037871332,1937.60386897404,30.97675893369533,30.917151187541272,0.9414620694552333,74.85025181710006,"{""geodesic"":false,""type"":""Polygon"",""coordinates"":[[[74.85025181710006,30.917151187541272],[74.91146189675152,30.917151187541272],[74.91146189675152,30.97675893369533],[74.85025181710006,30.97675893369533],[74.85025181710006,30.917151187541272]]]}"
23_17,74.97267197640298,1939.0770972564217,1938.8056235347815,1938.0516745687028,30.97675893369533,30.917151187541272,0.378577168929814,74.91146189675152,"{""geodesic"":false,""type"":""Polygon"",""coordinates"":[[[74.91146189675152,30.917151187541272],[74.97267197640298,30.917151187541272],[74.97267197640298,30.97675893369533],[74.91146189675152,30.97675893369533],[74.91146189675152,30.917151187541272]]]}"
23_18,75.03388205605444,1938.245260531582,1937.9762426041473,1937.6657523960475,30.97675893369533,30.917151187541272,0.22888945910156663,74.97267197640298,"{""geodesic"":false,""type"":""Polygon"",""coordinates"":[[[74.97267197640298,30.917151187541272],[75.03388205605444,30.917151187541272],[75.03388205605444,30.97675893369533],[74.97267197640298,30.97675893369533],[74.97267197640298,30.917151187541272]]]}"
23_19,75.0950921357059,1937.7700579742602,1937.498270836526,1937.3638538933515,30.97675893369533,30.917151187541272,0.1694731047895738,75.03388205605444,"{""geodesic"":false,""type"":""Polygon"",""coordinates"":[[[75.03388205605444,30.917151187541272],[75.0950921357059,30.917151187541272],[75.0950921357059,30.97675893369533],[75.03388205605444,30.97675893369533],[75.03388205605444,30.917151187541272]]]}"
23_20,75.15630221535736,1939.4306921353098,1938.8447100576602,1937.3638538933515,30.97675893369533,30.917151187541272,0.7642606447750507,75.0950921357059,"{""geodesic"":false,""type"":""Polygon"",""coordinates"":[[[75.0950921357059,30.917151187541272],[75.15630221535736,30.917151187541272],[75.15630221535736,30.97675893369533],[75.0950921357059,30.97675893369533],[75.0950921357059,30.917151187541272]]]}"
23_21,75.21751229500882,1939.4799260464786,1938.8551333298672,1938.2827063045336,30.97675893369533,30.917151187541272,0.4261990567576525,75.15630221535736,"{""geodesic"":false,""type"":""Polygon"",""coordinates"":[[[75.15630221535736,30.917151187541272],[75.21751229500882,30.917151187541272],[75.21751229500882,30.97675893369533],[75.15630221535736,30.97675893369533],[75.15630221535736,30.917151187541272]]]}"
23_22,75.27872237466028,1939.4799260464786,1938.5947179293164,1937.6781956917896,30.97675893369533,30.917151187541272,0.7404847985921429,75.21751229500882,"{""geodesic"":false,""type"":""Polygon"",""coordinates"":[[[75.21751229500882,30.917151187541272],[75.27872237466028,30.917151187541272],[75.27872237466028,30.97675893369533],[75.21751229500882,30.97675893369533],[75.21751229500882,30.917151187541272]]]}"
23_23,75.33993245431174,1936.9137494626916,1936.474648015953,1935.2077517047169,30.97675893369533,30.917151187541272,0.6540921584888821,75.27872237466028,"{""geodesic"":false,""type"":""Polygon"",""coordinates"":[[[75.27872237466028,30.917151187541272],[75.33993245431174,30.917151187541272],[75.33993245431174,30.97675893369533],[75.27872237466028,30.97675893369533],[75.27872237466028,30.917151187541272]]]}"
23_24,75.4011425339632,1937.4716479266708,1935.9657298667112,1935.0503920347155,30.97675893369533,30.917151187541272,0.9600716565352931,75.33993245431174,"{""geodesic"":false,""type"":""Polygon"",""coordinates"":[[[75.33993245431174,30.917151187541272],[75.4011425339632,30.917151187541272],[75.4011425339632,30.97675893369533],[75.33993245431174,30.97675893369533],[75.33993245431174,30.917151187541272]]]}"
23_25,75.46235261361466,1938.787229394386,1936.7209356098956,1935.0503920347155,30.97675893369533,30.917151187541272,1.384055846186027,75.4011425339632,"{""geodesic"":false,""type"":""Polygon"",""coordinates"":[[[75.4011425339632,30.917151187541272],[75.46235261361466,30.917151187541272],[75.46235261361466,30.97675893369533],[75.4011425339632,30.97675893369533],[75.4011425339632,30.917151187541272]]]}"
23_26,75.52356269326613,1939.3314983189584,1938.6798907450323,1938.3225752990545,30.97675893369533,30.917151187541272,0.37650099072418625,75.46235261361467,"{""geodesic"":false,""type"":""Polygon"",""coordinates"":[[[75.46235261361467,30.917151187541272],[75.52356269326613,30.917151187541272],[75.52356269326613,30.97675893369533],[75.46235261361467,30.97675893369533],[75.46235261361467,30.917151187541272]]]}"
23_27,75.58477277291759,1940.133774698858,1939.4166366309366,1938.5381042694864,30.97675893369533,30.917151187541272,0.5642189242066384,75.52356269326613,"{""geodesic"":false,""type"":""Polygon"",""coordinates"":[[[75.52356269326613,30.917151187541272],[75.58477277291759,30.917151187541272],[75.58477277291759,30.97675893369533],[75.52356269326613,30.97675893369533],[75.52356269326613,30.917151187541272]]]}"
23_28,75.64598285256905,1940.1864123546677,1939.6074951380126,1938.8139182520954,30.97675893369533,30.917151187541272,0.525090229208213,75.58477277291759,"{""geodesic"":false,""type"":""Polygon"",""coordinates"":[[[75.58477277291759,30.917151187541272],[75.64598285256905,30.917151187541272],[75.64598285256905,30.97675893369533],[75.58477277291759,30.97675893369533],[75.58477277291759,30.917151187541272]]]}"
23_29,75.70719293222051,1939.867125115176,1939.2345446653314,1938.5135019796312,30.97675893369533,30.917151187541272,0.5589552406566591,75.64598285256905,"{""geodesic"":false,""type"":""Polygon"",""coordinates"":[[[75.64598285256905,30.917151187541272],[75.70719293222051,30.917151187541272],[75.70719293222051,30.97675893369533],[75.64598285256905,30.97675893369533],[75.64598285256905,30.917151187541272]]]}"
23_30,75.76840301187197,1941.1090379432226,1940.1148488442423,1938.5135019796312,30.97675893369533,30.917151187541272,0.9402320137616325,75.70719293222051,"{""geodesic"":false,""type"":""Polygon"",""coordinates"":[[[75.70719293222051,30.917151187541272],[75.76840301187197,30.917151187541272],[75.76840301187197,30.97675893369533],[75.70719293222051,30.97675893369533],[75.70719293222051,30.917151187541272]]]}"
23_31,75.82961309152343,1942.375151697283,1941.0567661406224,1936.746472328302,30.97675893369533,30.917151187541272,1.7980335714323334,75.76840301187197,"{""geodesic"":false,""type"":""Polygon"",""coordinates"":[[[75.76840301187197,30.917151187541272],[75.82961309152343,30.917151187541272],[75.82961309152343,30.97675893369533],[75.76840301187197,30.97675893369533],[75.76840301187197,30.917151187541272]]]}"
23_32,75.89082317117489,1939.4431290989742,1937.4562361262097,1936.1201305413601,30.97675893369533,30.917151187541272,1.2502465818873332,75.82961309152343,"{""geodesic"":false,""type"":""Polygon"",""coordinates"":[[[75.82961309152343,30.917151187541272],[75.89082317117489,30.917151187541272],[75.89082317117489,30.97675893369533],[75.82961309152343,30.97675893369533],[75.82961309152343,30.917151187541272]]]}"
23_33,75.95203325082635,1937.286293155804,1936.0163775352587,1934.7623631437034,30.97675893369533,30.917151187541272,0.9426634965940069,75.89082317117489,"{""geodesic"":false,""type"":""Polygon"",""coordinates"":[[[75.89082317117489,30.917151187541272],[75.95203325082635,30.917151187541272],[75.95203325082635,30.97675893369533],[75.89082317117489,30.97675893369533],[75.89082317117489,30.917151187541272]]]}"
23_34,76.0132433304778,1937.9528780243522,1936.581380575679,1934.3864039442258,30.97675893369533,30.917151187541272,1.244786053176683,75.95203325082635,"{""geodesic"":false,""type"":""Polygon"",""coordinates"":[[[75.95203325082635,30.917151187541272],[76.0132433304778,30.917151187541272],[76.0132433304778,30.97675893369533],[75.95203325082635,30.97675893369533],[75.95203325082635,30.917151187541272]]]}"
23_35,76.07445341012927,1936.9125520025427,1933.7047232747834,1930.8427956928901,30.97675893369533,30.917151187541272,2.2004822751505295,76.0132433304778,"{""geodesic"":false,""type"":""Polygon"",""coordinates"":[[[76.0132433304778,30.917151187541272],[76.07445341012927,30.917151187541272],[76.07445341012927,30.97675893369533],[76.0132433304778,30.97675893369533],[76.0132433304778,30.917151187541272]]]}"
23_36,76.13566348978073,1933.030733222858,1931.6036581381195,1930.2647932729246,30.97675893369533,30.917151187541272,1.0558441207344582,76.07445341012927,"{""geodesic"":false,""type"":""Polygon"",""coordinates"":[[[76.07445341012927,30.917151187541272],[76.13566348978073,30.917151187541272],[76.13566348978073,30.97675893369533],[76.07445341012927,30.97675893369533],[76.07445341012927,30.917151187541272]]]}"
23_37,76.19687356943219,1932.4616837994668,1930.8725965535227,1928.9118308623922,30.97675893369533,30.917151187541272,1.2703613782188345,76.13566348978073,"{""geodesic"":false,""type"":""Polygon"",""coordinates"":[[[76.13566348978073,30.917151187541272],[76.19687356943219,30.917151187541272],[76.19687356943219,30.97675893369533],[76.13566348978073,30.97675893369533],[76.13566348978073,30.917151187541272]]]}"
23_38,76.25808364908364,1931.7522558374988,1929.9874178821813,1928.430947995956,30.97675893369533,30.917151187541272,1.350583168186926,76.19687356943219,"{""geodesic"":false,""type"":""Polygon"",""coordinates"":[[[76.19687356943219,30.917151187541272],[76.25808364908364,30.917151187541272],[76.25808364908364,30.97675893369533],[76.19687356943219,30.97675893369533],[76.19687356943219,30.917151187541272]]]}"
23_39,76.3192937287351,1931.7522558374988,1928.6677496985126,1926.2660841063187,30.97675893369533,30.917151187541272,1.9369451785296095,76.25808364908364,"{""geodesic"":false,""type"":""Polygon"",""coordinates"":[[[76.25808364908364,30.917151187541272],[76.3192937287351,30.917151187541272],[76.3192937287351,30.97675893369533],[76.25808364908364,30.97675893369533],[76.25808364908364,30.917151187541272]]]}"
23_40,76.38050380838656,1927.3322766365438,1926.6174231552134,1926.2389007689342,30.97675893369533,30.917151187541272,0.44872492982934736,76.3192937287351,"{""geodesic"":false,""type"":""Polygon"",""coordinates"":[[[76.3192937287351,30.917151187541272],[76.38050380838656,30.917151187541272],[76.38050380838656,30.97675893369533],[76.3192937287351,30.97675893369533],[76.3192937287351,30.917151187541272]]]}"
23_41,76.44171388803802,1927.4724896992172,1927.069052180768,1926.2389007689342,30.97675893369533,30.917151187541272,0.569379039330292,76.38050380838656,"{""geodesic"":false,""type"":""Polygon"",""coordinates"":[[[76.38050380838656,30.917151187541272],[76.44171388803802,30.917151187541272],[76.44171388803802,30.97675893369533],[76.38050380838656,30.97675893369533],[76.38050380838656,30.917151187541272]]]}"
23_42,76.5029239676895,1930.1869545796412,1928.6708585627352,1927.4492771462653,30.97675893369533,30.917151187541272,0.9496363351196739,76.44171388803804,"{""geodesic"":false,""type"":""Polygon"",""coordinates"":[[[76.44171388803804,30.917151187541272],[76.5029239676895,30.917151187541272],[76.5029239676895,30.97675893369533],[76.44171388803804,30.97675893369533],[76.44171388803804,30.917151187541272]]]}"
23_43,76.56413404734096,1930.1869545796412,1928.6515132039451,1926.5051208811167,30.97675893369533,30.917151187541272,1.3256272516519254,76.5029239676895,"{""geodesic"":false,""type"":""Polygon"",""coordinates"":[[[76.5029239676895,30.917151187541272],[76.56413404734096,30.917151187541272],[76.56413404734096,30.97675893369533],[76.5029239676895,30.97675893369533],[76.5029239676895,30.917151187541272]]]}"
23_44,76.62534412699242,1928.5642698636984,1924.451116751346,1920.8667681783259,30.97675893369533,30.917151187541272,2.8210055985262397,76.56413404734096,"{""geodesic"":false,""type"":""Polygon"",""coordinates"":[[[76.56413404734096,30.917151187541272],[76.62534412699242,30.917151187541272],[76.62534412699242,30.97675893369533],[76.56413404734096,30.97675893369533],[76.56413404734096,30.917151187541272]]]}"
23_45,76.68655420664388,1925.6206145970277,1920.217824808255,1916.2218827321387,30.97675893369533,30.917151187541272,2.9957806848686195,76.62534412699242,"{""geodesic"":false,""type"":""Polygon"",""coordinates"":[[[76.62534412699242,30.917151187541272],[76.68655420664388,30.917151187541272],[76.68655420664388,30.97675893369533],[76.62534412699242,30.97675893369533],[76.62534412699242,30.917151187541272]]]}"
23_46,76.74776428629534,1918.3830324940743,1917.3314104382664,1916.2218827321387,30.97675893369533,30.917151187541272,0.7671286271439045,76.68655420664388,"{""geodesic"":false,""type"":""Polygon"",""coordinates"":[[[76.68655420664388,30.917151187541272],[76.74776428629534,30.917151187541272],[76.74776428629534,30.97675893369533],[76.68655420664388,30.97675893369533],[76.68655420664388,30.917151187541272]]]}"
23_47,76.8089743659468,1917.5820216552502,1917.4123504532088,1917.3761984952991,30.97675893369533,30.917151187541272,0.0841720871175309,76.74776428629534,"{""geodesic"":false,""type"":""Polygon"",""coordinates"":[[[76.74776428629534,30.917151187541272],[76.8089743659468,30.917151187541272],[76.8089743659468,30.97675893369533],[76.74776428629534,30.97675893369533],[76.74776428629534,30.917151187541272]]]}"
24_10,74.54420141884276,1940.4230294182908,1939.51364982273,1937.4096426579792,31.036366679849387,30.97675893369533,1.3872304995184315,74.4829913391913,"{""geodesic"":false,""type"":""Polygon"",""coordinates"":[[[74.4829913391913,30.97675893369533],[74.54420141884276,30.97675893369533],[74.54420141884276,31.036366679849387],[74.4829913391913,31.036366679849387],[74.4829913391913,30.97675893369533]]]}"
24_11,74.60541149849422,1940.2762857560483,1937.459535431038,1936.7612731385095,31.036366679849387,30.97675893369533,1.2739013476530683,74.54420141884276,"{""geodesic"":false,""type"":""Polygon"",""coordinates"":[[[74.54420141884276,30.97675893369533],[74.60541149849422,30.97675893369533],[74.60541149849422,31.036366679849387],[74.54420141884276,31.036366679849387],[74.54420141884276,30.97675893369533]]]}"
24_12,74.66662157814568,1939.080901487182,1938.2385993088326,1937.6816270941529,31.036366679849387,30.97675893369533,0.5212929786064806,74.60541149849422,"{""geodesic"":false,""type"":""Polygon"",""coordinates"":[[[74.60541149849422,30.97675893369533],[74.66662157814568,30.97675893369533],[74.66662157814568,31.036366679849387],[74.60541149849422,31.036366679849387],[74.60541149849422,30.97675893369533]]]}"
24_13,74.72783165779714,1941.8322268855684,1940.2340553297763,1938.761749591477,31.036366679849387,30.97675893369533,1.1962095477478512,74.66662157814568,"{""geodesic"":false,""type"":""Polygon"",""coordinates"":[[[74.66662157814568,30.97675893369533],[74.72783165779714,30.97675893369533],[74.72783165779714,31.036366679849387],[74.66662157814568,31.036366679849387],[74.66662157814568,30.97675893369533]]]}"
24_14,74.7890417374486,1941.8322268855684,1940.2749853417486,1939.2718668272662,31.036366679849387,30.97675893369533,0.8627200330595584,74.72783165779714,"{""geodesic"":false,""type"":""Polygon"",""coordinates"":[[[74.72783165779714,30.97675893369533],[74.7890417374486,30.97675893369533],[74.7890417374486,31.036366679849387],[74.72783165779714,31.036366679849387],[74.72783165779714,30.97675893369533]]]}"
24_15,74.85025181710006,1940.246569366211,1939.9165117462505,1939.341826936035,31.036366679849387,30.97675893369533,0.40933969994767144,74.7890417374486,"{""geodesic"":false,""type"":""Polygon"",""coordinates"":[[[74.7890417374486,30.97675893369533],[74.85025181710006,30.97675893369533],[74.85025181710006,31.036366679849387],[74.7890417374486,31.036366679849387],[74.7890417374486,30.97675893369533]]]}"
24_16,74.91146189675152,1940.24531640782,1939.326764263578,1938.7408330108085,31.036366679849387,30.97675893369533,0.5504103965165857,74.85025181710006,"{""geodesic"":false,""type"":""Polygon"",""coordinates"":[[[74.85025181710006,30.97675893369533],[74.91146189675152,30.97675893369533],[74.91146189675152,31.036366679849387],[74.85025181710006,31.036366679849387],[74.85025181710006,30.97675893369533]]]}"
24_17,74.97267197640298,1939.1830909997768,1938.278339258666,1937.6376377871975,31.036366679849387,30.97675893369533,0.5234254561647101,74.91146189675152,"{""geodesic"":false,""type"":""Polygon"",""coordinates"":[[[74.91146189675152,30.97675893369533],[74.97267197640298,30.97675893369533],[74.97267197640298,31.036366679849387],[74.91146189675152,31.036366679849387],[74.91146189675152,30.97675893369533]]]}"
24_18,75.03388205605444,1938.245260531582,1937.7822791260621,1937.6376377871975,31.036366679849387,30.97675893369533,0.24336083811263487,74.97267197640298,"{""geodesic"":false,""type"":""Polygon"",""coordinates"":[[[74.97267197640298,30.97675893369533],[75.03388205605444,30.97675893369533],[75.03388205605444,31.036366679849387],[74.97267197640298,31.036366679849387],[74.97267197640298,30.97675893369533]]]}"
24_19,75.0950921357059,1937.8030340081657,1937.5236274899319,1937.3638538933515,31.036366679849387,30.97675893369533,0.18004659994275343,75.03388205605444,"{""geodesic"":false,""type"":""Polygon"",""coordinates"":[[[75.03388205605444,30.97675893369533],[75.0950921357059,30.97675893369533],[75.0950921357059,31.036366679849387],[75.03388205605444,31.036366679849387],[75.03388205605444,30.97675893369533]]]}"
24_20,75.15630221535736,1939.5521508096442,1938.4390339024615,1937.3638538933515,31.036366679849387,30.97675893369533,0.7789026197637751,75.0950921357059,"{""geodesic"":false,""type"":""Polygon"",""coordinates"":[[[75.0950921357059,30.97675893369533],[75.15630221535736,30.97675893369533],[75.15630221535736,31.036366679849387],[75.0950921357059,31.036366679849387],[75.0950921357059,30.97675893369533]]]}"
24_21,75.21751229500882,1939.9240158226678,1939.5850013947877,1938.8936667752134,31.036366679849387,30.97675893369533,0.36908976265015786,75.15630221535736,"{""geodesic"":false,""type"":""Polygon"",""coordinates"":[[[75.15630221535736,30.97675893369533],[75.21751229500882,30.97675893369533],[75.21751229500882,31.036366679849387],[75.15630221535736,31.036366679849387],[75.15630221535736,30.97675893369533]]]}"
24_22,75.27872237466028,1939.9240158226678,1939.6240604114687,1939.3061929809824,31.036366679849387,30.97675893369533,0.22729188156962762,75.21751229500882,"{""geodesic"":false,""type"":""Polygon"",""coordinates"":[[[75.21751229500882,30.97675893369533],[75.27872237466028,30.97675893369533],[75.27872237466028,31.036366679849387],[75.21751229500882,31.036366679849387],[75.21751229500882,30.97675893369533]]]}"
24_23,75.33993245431174,1936.9646666984975,1936.8639143791943,1936.056571104525,31.036366679849387,30.97675893369533,0.36793769826388795,75.27872237466028,"{""geodesic"":false,""type"":""Polygon"",""coordinates"":[[[75.27872237466028,30.97675893369533],[75.33993245431174,30.97675893369533],[75.33993245431174,31.036366679849387],[75.27872237466028,31.036366679849387],[75.27872237466028,30.97675893369533]]]}"
24_24,75.4011425339632,1937.55158499456,1937.103451016984,1936.056571104525,31.036366679849387,30.97675893369533,0.6019259270762439,75.33993245431174,"{""geodesic"":false,""type"":""Polygon"",""coordinates"":[[[75.33993245431174,30.97675893369533],[75.4011425339632,30.97675893369533],[75.4011425339632,31.036366679849387],[75.33993245431174,31.036366679849387],[75.33993245431174,30.97675893369533]]]}"
24_25,75.46235261361466,1939.1488962194426,1937.5624689577885,1937.3198733933207,31.036366679849387,30.97675893369533,0.696704694528868,75.4011425339632,"{""geodesic"":false,""type"":""Polygon"",""coordinates"":[[[75.4011425339632,30.97675893369533],[75.46235261361466,30.97675893369533],[75.46235261361466,31.036366679849387],[75.4011425339632,31.036366679849387],[75.4011425339632,30.97675893369533]]]}"
24_26,75.52356269326613,1939.3314983189584,1938.8271379992607,1938.0273241069572,31.036366679849387,30.97675893369533,0.49978905051837524,75.46235261361467,"{""geodesic"":false,""type"":""Polygon"",""coordinates"":[[[75.46235261361467,30.97675893369533],[75.52356269326613,30.97675893369533],[75.52356269326613,31.036366679849387],[75.46235261361467,31.036366679849387],[75.46235261361467,30.97675893369533]]]}"
24_27,75.58477277291759,1939.3536691661445,1938.7080872767092,1938.0273241069572,31.036366679849387,30.97675893369533,0.5385733195459048,75.52356269326613,"{""geodesic"":false,""type"":""Polygon"",""coordinates"":[[[75.52356269326613,30.97675893369533],[75.58477277291759,30.97675893369533],[75.58477277291759,31.036366679849387],[75.52356269326613,31.036366679849387],[75.52356269326613,30.97675893369533]]]}"
24_28,75.64598285256905,1939.3536691661445,1938.1878988517317,1937.4875230061245,31.036366679849387,30.97675893369533,0.6794423857104057,75.58477277291759,"{""geodesic"":false,""type"":""Polygon"",""coordinates"":[[[75.58477277291759,30.97675893369533],[75.64598285256905,30.97675893369533],[75.64598285256905,31.036366679849387],[75.58477277291759,31.036366679849387],[75.58477277291759,30.97675893369533]]]}"
24_29,75.70719293222051,1938.8139182520954,1937.762310163087,1937.381512500767,31.036366679849387,30.97675893369533,0.6248315662428878,75.64598285256905,"{""geodesic"":false,""type"":""Polygon"",""coordinates"":[[[75.64598285256905,30.97675893369533],[75.70719293222051,30.97675893369533],[75.70719293222051,31.036366679849387],[75.64598285256905,31.036366679849387],[75.64598285256905,30.97675893369533]]]}"
24_30,75.76840301187197,1940.1914619577826,1939.2355504200823,1937.381512500767,31.036366679849387,30.97675893369533,1.1456252907369826,75.70719293222051,"{""geodesic"":false,""type"":""Polygon"",""coordinates"":[[[75.70719293222051,30.97675893369533],[75.76840301187197,30.97675893369533],[75.76840301187197,31.036366679849387],[75.70719293222051,31.036366679849387],[75.70719293222051,30.97675893369533]]]}"
24_31,75.82961309152343,1941.398665635436,1940.3019744344763,1936.0400038326961,31.036366679849387,30.97675893369533,2.123403773772122,75.76840301187197,"{""geodesic"":false,""type"":""Polygon"",""coordinates"":[[[75.76840301187197,30.97675893369533],[75.82961309152343,30.97675893369533],[75.82961309152343,31.036366679849387],[75.76840301187197,31.036366679849387],[75.76840301187197,30.97675893369533]]]}"
24_32,75.89082317117489,1936.8651562375833,1936.4294132039017,1936.0400038326961,31.036366679849387,30.97675893369533,0.3663884304976028,75.82961309152343,"{""geodesic"":false,""type"":""Polygon"",""coordinates"":[[[75.82961309152343,30.97675893369533],[75.89082317117489,30.97675893369533],[75.89082317117489,31.036366679849387],[75.82961309152343,31.036366679849387],[75.82961309152343,30.97675893369533]]]}"
24_33,75.95203325082635,1936.8651562375833,1935.9441858081564,1934.7623631437034,31.036366679849387,30.97675893369533,0.754364728184597,75.89082317117489,"{""geodesic"":false,""type"":""Polygon"",""coordinates"":[[[75.89082317117489,30.97675893369533],[75.95203325082635,30.97675893369533],[75.95203325082635,31.036366679849387],[75.89082317117489,31.036366679849387],[75.89082317117489,30.97675893369533]]]}"
24_34,76.0132433304778,1936.058919909902,1935.397767996597,1933.3967244068451,31.036366679849387,30.97675893369533,0.9834548674514497,75.95203325082635,"{""geodesic"":false,""type"":""Polygon"",""coordinates"":[[[75.95203325082635,30.97675893369533],[76.0132433304778,30.97675893369533],[76.0132433304778,31.036366679849387],[75.95203325082635,31.036366679849387],[75.95203325082635,30.97675893369533]]]}"
24_35,76.07445341012927,1934.3864039442258,1932.63643746709,1930.8427956928901,31.036366679849387,30.97675893369533,1.3448686559287102,76.0132433304778,"{""geodesic"":false,""type"":""Polygon"",""coordinates"":[[[76.0132433304778,30.97675893369533],[76.07445341012927,30.97675893369533],[76.07445341012927,31.036366679849387],[76.0132433304778,31.036366679849387],[76.0132433304778,30.97675893369533]]]}"
24_36,76.13566348978073,1932.6595862173283,1931.9813370785891,1930.2647932729246,31.036366679849387,30.97675893369533,0.8431927855825065,76.07445341012927,"{""geodesic"":false,""type"":""Polygon"",""coordinates"":[[[76.07445341012927,30.97675893369533],[76.13566348978073,30.97675893369533],[76.13566348978073,31.036366679849387],[76.07445341012927,31.036366679849387],[76.07445341012927,30.97675893369533]]]}"
24_37,76.19687356943219,1930.799621446808,1930.1507156770867,1928.9118308623922,31.036366679849387,30.97675893369533,0.7859732098600564,76.13566348978073,"{""geodesic"":false,""type"":""Polygon"",""coordinates"":[[[76.13566348978073,30.97675893369533],[76.19687356943219,30.97675893369533],[76.19687356943219,31.036366679849387],[76.13566348978073,31.036366679849387],[76.13566348978073,30.97675893369533]]]}"
24_38,76.25808364908364,1929.1145234064356,1927.9217205032965,1926.6801441167154,31.036366679849387,30.97675893369533,0.9588909747076569,76.19687356943219,"{""geodesic"":false,""type"":""Polygon"",""coordinates"":[[[76.19687356943219,30.97675893369533],[76.25808364908364,30.97675893369533],[76.25808364908364,31.036366679849387],[76.19687356943219,31.036366679849387],[76.19687356943219,30.97675893369533]]]}"
24_39,76.3192937287351,1928.430947995956,1926.824095685358,1926.2660841063187,31.036366679849387,30.97675893369533,0.7240011309190683,76.25808364908364,"{""geodesic"":false,""type"":""Polygon"",""coordinates"":[[[76.25808364908364,30.97675893369533],[76.3192937287351,30.97675893369533],[76.3192937287351,31.036366679849387],[76.25808364908364,31.036366679849387],[76.25808364908364,30.97675893369533]]]}"
24_40,76.38050380838656,1926.3342563964204,1926.1879369043854,1925.896844888885,31.036366679849387,30.97675893369533,0.1694011052449425,76.3192937287351,"{""geodesic"":false,""type"":""Polygon"",""coordinates"":[[[76.3192937287351,30.97675893369533],[76.38050380838656,30.97675893369533],[76.38050380838656,31.036366679849387],[76.3192937287351,31.036366679849387],[76.3192937287351,30.97675893369533]]]}"
24_41,76.44171388803802,1927.4492771462653,1926.5057793174444,1925.896844888885,31.036366679849387,30.97675893369533,0.5769065993299801,76.38050380838656,"{""geodesic"":false,""type"":""Polygon"",""coordinates"":[[[76.38050380838656,30.97675893369533],[76.44171388803802,30.97675893369533],[76.44171388803802,31.036366679849387],[76.38050380838656,31.036366679849387],[76.38050380838656,30.97675893369533]]]}"
24_42,76.5029239676895,1928.9597076136429,1926.5424615240388,1924.8804540794047,31.036366679849387,30.97675893369533,1.4903697962244553,76.44171388803804,"{""geodesic"":false,""type"":""Polygon"",""coordinates"":[[[76.44171388803804,30.97675893369533],[76.5029239676895,30.97675893369533],[76.5029239676895,31.036366679849387],[76.44171388803804,31.036366679849387],[76.44171388803804,30.97675893369533]]]}"
24_43,76.56413404734096,1928.9597076136429,1925.230655085499,1923.6920777853893,31.036366679849387,30.97675893369533,1.9744971087299312,76.5029239676895,"{""geodesic"":false,""type"":""Polygon"",""coordinates"":[[[76.5029239676895,30.97675893369533],[76.56413404734096,30.97675893369533],[76.56413404734096,31.036366679849387],[76.5029239676895,31.036366679849387],[76.5029239676895,30.97675893369533]]]}"
24_44,76.62534412699242,1926.5051208811167,1922.0061028555513,1920.790917180545,31.036366679849387,30.97675893369533,2.35532929215608,76.56413404734096,"{""geodesic"":false,""type"":""Polygon"",""coordinates"":[[[76.56413404734096,30.97675893369533],[76.62534412699242,30.97675893369533],[76.62534412699242,31.036366679849387],[76.56413404734096,31.036366679849387],[76.56413404734096,30.97675893369533]]]}"
24_45,76.68655420664388,1920.8667681783259,1918.9753249046985,1916.2218827321387,31.036366679849387,30.97675893369533,1.8925697647073447,76.62534412699242,"{""geodesic"":false,""type"":""Polygon"",""coordinates"":[[[76.62534412699242,30.97675893369533],[76.68655420664388,30.97675893369533],[76.68655420664388,31.036366679849387],[76.62534412699242,31.036366679849387],[76.62534412699242,30.97675893369533]]]}"
25_11,74.60541149849422,1944.6539340914428,1943.6177868567036,1936.7612731385095,31.095974426003444,31.036366679849387,2.9161714562018664,74.54420141884276,"{""geodesic"":false,""type"":""Polygon"",""coordinates"":[[[74.54420141884276,31.036366679849387],[74.60541149849422,31.036366679849387],[74.60541149849422,31.095974426003444],[74.54420141884276,31.095974426003444],[74.54420141884276,31.036366679849387]]]}"
25_12,74.66662157814568,1947.7337326186382,1946.844746946197,1937.6816270941529,31.095974426003444,31.036366679849387,4.087716361453739,74.60541149849422,"{""geodesic"":false,""type"":""Polygon"",""coordinates"":[[[74.60541149849422,31.036366679849387],[74.66662157814568,31.036366679849387],[74.66662157814568,31.095974426003444],[74.60541149849422,31.095974426003444],[74.60541149849422,31.036366679849387]]]}"
25_13,74.72783165779714,1947.7337326186382,1945.9157791754346,1939.080901487182,31.095974426003444,31.036366679849387,3.210585145574858,74.66662157814568,"{""geodesic"":false,""type"":""Polygon"",""coordinates"":[[[74.66662157814568,31.036366679849387],[74.72783165779714,31.036366679849387],[74.72783165779714,31.095974426003444],[74.66662157814568,31.095974426003444],[74.66662157814568,31.036366679849387]]]}"
25_14,74.7890417374486,1947.5099240323934,1944.1837359007861,1940.2868365604202,31.095974426003444,31.036366679849387,2.4327277718285276,74.72783165779714,"{""geodesic"":false,""type"":""Polygon"",""coordinates"":[[[74.72783165779714,31.036366679849387],[74.7890417374486,31.036366679849387],[74.7890417374486,31.095974426003444],[74.72783165779714,31.095974426003444],[74.72783165779714,31.036366679849387]]]}"
25_15,74.85025181710006,1945.2851392310986,1942.2810828826534,1939.5358578980993,31.095974426003444,31.036366679849387,2.103226769802819,74.7890417374486,"{""geodesic"":false,""type"":""Polygon"",""coordinates"":[[[74.7890417374486,31.036366679849387],[74.85025181710006,31.036366679849387],[74.85025181710006,31.095974426003444],[74.7890417374486,31.095974426003444],[74.7890417374486,31.036366679849387]]]}"
25_16,74.91146189675152,1944.4081121128681,1941.6823080350327,1939.1830909997768,31.095974426003444,31.036366679849387,1.9015671000102419,74.85025181710006,"{""geodesic"":false,""type"":""Polygon"",""coordinates"":[[[74.85025181710006,31.036366679849387],[74.91146189675152,31.036366679849387],[74.91146189675152,31.095974426003444],[74.85025181710006,31.095974426003444],[74.85025181710006,31.036366679849387]]]}"
25_17,74.97267197640298,1943.3963515175535,1940.3012975704871,1937.803028132716,31.095974426003444,31.036366679849387,1.8964112920010137,74.91146189675152,"{""geodesic"":false,""type"":""Polygon"",""coordinates"":[[[74.91146189675152,31.036366679849387],[74.97267197640298,31.036366679849387],[74.97267197640298,31.095974426003444],[74.91146189675152,31.095974426003444],[74.91146189675152,31.036366679849387]]]}"
25_18,75.03388205605444,1938.0634805665238,1937.0273956512383,1935.3763676981566,31.095974426003444,31.036366679849387,0.9125297936845852,74.97267197640298,"{""geodesic"":false,""type"":""Polygon"",""coordinates"":[[[74.97267197640298,31.036366679849387],[75.03388205605444,31.036366679849387],[75.03388205605444,31.095974426003444],[74.97267197640298,31.095974426003444],[74.97267197640298,31.036366679849387]]]}"
25_19,75.0950921357059,1938.1969488771072,1936.8939441758434,1935.3763676981566,31.095974426003444,31.036366679849387,0.8913529130467607,75.03388205605444,"{""geodesic"":false,""type"":""Polygon"",""coordinates"":[[[75.03388205605444,31.036366679849387],[75.0950921357059,31.036366679849387],[75.0950921357059,31.095974426003444],[75.03388205605444,31.095974426003444],[75.03388205605444,31.036366679849387]]]}"
25_20,75.15630221535736,1938.2554305376266,1937.2200552070767,1935.9089618877044,31.095974426003444,31.036366679849387,0.7783393368649804,75.0950921357059,"{""geodesic"":false,""type"":""Polygon"",""coordinates"":[[[75.0950921357059,31.036366679849387],[75.15630221535736,31.036366679849387],[75.15630221535736,31.095974426003444],[75.0950921357059,31.095974426003444],[75.0950921357059,31.036366679849387]]]}"
25_21,75.21751229500882,1939.9240158226678,1938.0546486683463,1936.406276868745,31.095974426003444,31.036366679849387,1.2293439232346846,75.15630221535736,"{""geodesic"":false,""type"":""Polygon"",""coordinates"":[[[75.15630221535736,31.036366679849387],[75.21751229500882,31.036366679849387],[75.21751229500882,31.095974426003444],[75.15630221535736,31.095974426003444],[75.15630221535736,31.036366679849387]]]}"
25_22,75.27872237466028,1939.6394398544562,1939.0523252601308,1936.406276868745,31.095974426003444,31.036366679849387,1.1769826875196718,75.21751229500882,"{""geodesic"":false,""type"":""Polygon"",""coordinates"":[[[75.21751229500882,31.036366679849387],[75.27872237466028,31.036366679849387],[75.27872237466028,31.095974426003444],[75.21751229500882,31.095974426003444],[75.21751229500882,31.036366679849387]]]}"
25_23,75.33993245431174,1939.8568522170742,1937.9713701079095,1936.9646666984975,31.095974426003444,31.036366679849387,0.9877333019147875,75.27872237466028,"{""geodesic"":false,""type"":""Polygon"",""coordinates"":[[[75.27872237466028,31.036366679849387],[75.33993245431174,31.036366679849387],[75.33993245431174,31.095974426003444],[75.27872237466028,31.095974426003444],[75.27872237466028,31.036366679849387]]]}"
25_24,75.4011425339632,1939.8568522170742,1937.946430602528,1936.811732923703,31.095974426003444,31.036366679849387,1.0892037115398223,75.33993245431174,"{""geodesic"":false,""type"":""Polygon"",""coordinates"":[[[75.33993245431174,31.036366679849387],[75.4011425339632,31.036366679849387],[75.4011425339632,31.095974426003444],[75.33993245431174,31.095974426003444],[75.33993245431174,31.036366679849387]]]}"
25_25,75.46235261361466,1939.2167709580553,1938.0370256725212,1937.3198733933207,31.095974426003444,31.036366679849387,0.715523661106204,75.4011425339632,"{""geodesic"":false,""type"":""Polygon"",""coordinates"":[[[75.4011425339632,31.036366679849387],[75.46235261361466,31.036366679849387],[75.46235261361466,31.095974426003444],[75.4011425339632,31.095974426003444],[75.4011425339632,31.036366679849387]]]}"
25_26,75.52356269326613,1939.2828113938688,1938.2894977929127,1937.6335050302223,31.095974426003444,31.036366679849387,0.585236706739031,75.46235261361467,"{""geodesic"":false,""type"":""Polygon"",""coordinates"":[[[75.46235261361467,31.036366679849387],[75.52356269326613,31.036366679849387],[75.52356269326613,31.095974426003444],[75.46235261361467,31.095974426003444],[75.46235261361467,31.036366679849387]]]}"
25_27,75.58477277291759,1939.2828113938688,1938.8780603658763,1937.6684542817547,31.095974426003444,31.036366679849387,0.5630968027326917,75.52356269326613,"{""geodesic"":false,""type"":""Polygon"",""coordinates"":[[[75.52356269326613,31.036366679849387],[75.58477277291759,31.036366679849387],[75.58477277291759,31.095974426003444],[75.52356269326613,31.095974426003444],[75.52356269326613,31.036366679849387]]]}"
25_28,75.64598285256905,1939.009437740289,1937.5048464419942,1935.9718957993493,31.095974426003444,31.036366679849387,0.9781409985828293,75.58477277291759,"{""geodesic"":false,""type"":""Polygon"",""coordinates"":[[[75.58477277291759,31.036366679849387],[75.64598285256905,31.036366679849387],[75.64598285256905,31.095974426003444],[75.58477277291759,31.095974426003444],[75.58477277291759,31.036366679849387]]]}"
25_29,75.70719293222051,1937.4875230061245,1936.853130974216,1935.9718957993493,31.095974426003444,31.036366679849387,0.5474666698589836,75.64598285256905,"{""geodesic"":false,""type"":""Polygon"",""coordinates"":[[[75.64598285256905,31.036366679849387],[75.70719293222051,31.036366679849387],[75.70719293222051,31.095974426003444],[75.64598285256905,31.095974426003444],[75.64598285256905,31.036366679849387]]]}"
25_30,75.76840301187197,1939.9876431276896,1938.2918525174798,1936.756668965956,31.095974426003444,31.036366679849387,1.0795983878214108,75.70719293222051,"{""geodesic"":false,""type"":""Polygon"",""coordinates"":[[[75.70719293222051,31.036366679849387],[75.76840301187197,31.036366679849387],[75.76840301187197,31.095974426003444],[75.70719293222051,31.095974426003444],[75.70719293222051,31.036366679849387]]]}"
25_31,75.82961309152343,1941.398665635436,1938.7658925966318,1934.2072541163864,31.095974426003444,31.036366679849387,2.1465889705530996,75.76840301187197,"{""geodesic"":false,""type"":""Polygon"",""coordinates"":[[[75.76840301187197,31.036366679849387],[75.82961309152343,31.036366679849387],[75.82961309152343,31.095974426003444],[75.76840301187197,31.095974426003444],[75.76840301187197,31.036366679849387]]]}"
25_32,75.89082317117489,1936.9829312215222,1936.0200758368055,1934.2072541163864,31.095974426003444,31.036366679849387,1.0958356102888338,75.82961309152343,"{""geodesic"":false,""type"":""Polygon"",""coordinates"":[[[75.82961309152343,31.036366679849387],[75.89082317117489,31.036366679849387],[75.89082317117489,31.095974426003444],[75.82961309152343,31.095974426003444],[75.82961309152343,31.036366679849387]]]}"
25_33,75.95203325082635,1936.0645115161083,1935.1062838885932,1934.0130288775977,31.095974426003444,31.036366679849387,0.8250391199489306,75.89082317117489,"{""geodesic"":false,""type"":""Polygon"",""coordinates"":[[[75.89082317117489,31.036366679849387],[75.95203325082635,31.036366679849387],[75.95203325082635,31.095974426003444],[75.89082317117489,31.095974426003444],[75.89082317117489,31.036366679849387]]]}"
25_34,76.0132433304778,1936.058919909902,1934.2180151602174,1932.9548562289476,31.095974426003444,31.036366679849387,0.9924156081315015,75.95203325082635,"{""geodesic"":false,""type"":""Polygon"",""coordinates"":[[[75.95203325082635,31.036366679849387],[76.0132433304778,31.036366679849387],[76.0132433304778,31.095974426003444],[75.95203325082635,31.095974426003444],[75.95203325082635,31.036366679849387]]]}"
25_35,76.07445341012927,1933.728032605125,1932.7347465569733,1931.9770107763488,31.095974426003444,31.036366679849387,0.7052701977289427,76.0132433304778,"{""geodesic"":false,""type"":""Polygon"",""coordinates"":[[[76.0132433304778,31.036366679849387],[76.07445341012927,31.036366679849387],[76.07445341012927,31.095974426003444],[76.0132433304778,31.095974426003444],[76.0132433304778,31.036366679849387]]]}"
25_36,76.13566348978073,1932.6595862173283,1931.5411182858254,1931.1555148810146,31.095974426003444,31.036366679849387,0.4920317874959678,76.07445341012927,"{""geodesic"":false,""type"":""Polygon"",""coordinates"":[[[76.07445341012927,31.036366679849387],[76.13566348978073,31.036366679849387],[76.13566348978073,31.095974426003444],[76.07445341012927,31.095974426003444],[76.07445341012927,31.036366679849387]]]}"
25_37,76.19687356943219,1932.1830359410537,1931.8639528209826,1929.1145234064356,31.095974426003444,31.036366679849387,0.9771668563617564,76.13566348978073,"{""geodesic"":false,""type"":""Polygon"",""coordinates"":[[[76.13566348978073,31.036366679849387],[76.19687356943219,31.036366679849387],[76.19687356943219,31.095974426003444],[76.13566348978073,31.095974426003444],[76.13566348978073,31.036366679849387]]]}"
25_38,76.25808364908364,1931.7561326078792,1930.93893368769,1926.6801441167154,31.095974426003444,31.036366679849387,1.7019943140900349,76.19687356943219,"{""geodesic"":false,""type"":""Polygon"",""coordinates"":[[[76.19687356943219,31.036366679849387],[76.25808364908364,31.036366679849387],[76.25808364908364,31.095974426003444],[76.19687356943219,31.095974426003444],[76.19687356943219,31.036366679849387]]]}"
25_39,76.3192937287351,1930.9562661587877,1929.196388999768,1926.7811370441761,31.095974426003444,31.036366679849387,1.3021677528898588,76.25808364908364,"{""geodesic"":false,""type"":""Polygon"",""coordinates"":[[[76.25808364908364,31.036366679849387],[76.3192937287351,31.036366679849387],[76.3192937287351,31.095974426003444],[76.25808364908364,31.095974426003444],[76.25808364908364,31.036366679849387]]]}"
25_40,76.38050380838656,1928.6713587211132,1927.9066569864117,1925.896844888885,31.095974426003444,31.036366679849387,0.9772092800907312,76.3192937287351,"{""geodesic"":false,""type"":""Polygon"",""coordinates"":[[[76.3192937287351,31.036366679849387],[76.38050380838656,31.036366679849387],[76.38050380838656,31.095974426003444],[76.3192937287351,31.095974426003444],[76.3192937287351,31.036366679849387]]]}"
25_41,76.44171388803802,1927.2299467406385,1926.3859182076712,1924.2475984005182,31.095974426003444,31.036366679849387,0.9378568321208256,76.38050380838656,"{""geodesic"":false,""type"":""Polygon"",""coordinates"":[[[76.38050380838656,31.036366679849387],[76.44171388803802,31.036366679849387],[76.44171388803802,31.095974426003444],[76.38050380838656,31.095974426003444],[76.38050380838656,31.036366679849387]]]}"
25_42,76.5029239676895,1926.6265614838842,1923.1372722894387,1921.753390621289,31.095974426003444,31.036366679849387,1.8021445901496524,76.44171388803804,"{""geodesic"":false,""type"":""Polygon"",""coordinates"":[[[76.44171388803804,31.036366679849387],[76.5029239676895,31.036366679849387],[76.5029239676895,31.095974426003444],[76.44171388803804,31.095974426003444],[76.44171388803804,31.036366679849387]]]}"
25_43,76.56413404734096,1924.8804540794047,1920.6410562366689,1918.424901888332,31.095974426003444,31.036366679849387,2.2283668458651515,76.5029239676895,"{""geodesic"":false,""type"":""Polygon"",""coordinates"":[[[76.5029239676895,31.036366679849387],[76.56413404734096,31.036366679849387],[76.56413404734096,31.095974426003444],[76.5029239676895,31.095974426003444],[76.5029239676895,31.036366679849387]]]}"
25_44,76.62534412699242,1920.790917180545,1918.6095478465618,1916.66458641672,31.095974426003444,31.036366679849387,1.355813335515161,76.56413404734096,"{""geodesic"":false,""type"":""Polygon"",""coordinates"":[[[76.56413404734096,31.036366679849387],[76.62534412699242,31.036366679849387],[76.62534412699242,31.095974426003444],[76.56413404734096,31.095974426003444],[76.56413404734096,31.036366679849387]]]}"
26_10,74.54420141884276,1943.8649578670402,1943.559760003035,1943.5511223276385,31.1555821721575,31.095974426003444,0.1569177693172989,74.4829913391913,"{""geodesic"":false,""type"":""Polygon"",""coordinates"":[[[74.4829913391913,31.095974426003444],[74.54420141884276,31.095974426003444],[74.54420141884276,31.1555821721575],[74.4829913391913,31.1555821721575],[74.4829913391913,31.095974426003444]]]}"
26_11,74.60541149849422,1946.5752454066317,1943.1092028306643,1942.414228112133,31.1555821721575,31.095974426003444,1.3036331939376653,74.54420141884276,"{""geodesic"":false,""type"":""Polygon"",""coordinates"":[[[74.54420141884276,31.095974426003444],[74.60541149849422,31.095974426003444],[74.60541149849422,31.1555821721575],[74.54420141884276,31.1555821721575],[74.54420141884276,31.095974426003444]]]}"
26_12,74.66662157814568,1947.7337326186382,1944.6784095854243,1943.0930362410688,31.1555821721575,31.095974426003444,1.8612628483258762,74.60541149849422,"{""geodesic"":false,""type"":""Polygon"",""coordinates"":[[[74.60541149849422,31.095974426003444],[74.66662157814568,31.095974426003444],[74.66662157814568,31.1555821721575],[74.60541149849422,31.1555821721575],[74.60541149849422,31.095974426003444]]]}"
26_13,74.72783165779714,1947.7337326186382,1946.0818957629717,1944.0921754592187,31.1555821721575,31.095974426003444,1.6186602196710382,74.66662157814568,"{""geodesic"":false,""type"":""Polygon"",""coordinates"":[[[74.66662157814568,31.095974426003444],[74.72783165779714,31.095974426003444],[74.72783165779714,31.1555821721575],[74.66662157814568,31.1555821721575],[74.66662157814568,31.095974426003444]]]}"
26_14,74.7890417374486,1947.8514601892075,1946.8939711367805,1944.7523250852837,31.1555821721575,31.095974426003444,1.187102929035346,74.72783165779714,"{""geodesic"":false,""type"":""Polygon"",""coordinates"":[[[74.72783165779714,31.095974426003444],[74.7890417374486,31.095974426003444],[74.7890417374486,31.1555821721575],[74.72783165779714,31.1555821721575],[74.72783165779714,31.095974426003444]]]}"
26_15,74.85025181710006,1947.8514601892075,1946.1200055897796,1944.4081121128681,31.1555821721575,31.095974426003444,1.277432654433712,74.7890417374486,"{""geodesic"":false,""type"":""Polygon"",""coordinates"":[[[74.7890417374486,31.095974426003444],[74.85025181710006,31.095974426003444],[74.85025181710006,31.1555821721575],[74.7890417374486,31.1555821721575],[74.7890417374486,31.095974426003444]]]}"
26_16,74.91146189675152,1946.253855738459,1944.549325814373,1943.3963515175535,31.1555821721575,31.095974426003444,1.0248423811431138,74.85025181710006,"{""geodesic"":false,""type"":""Polygon"",""coordinates"":[[[74.85025181710006,31.095974426003444],[74.91146189675152,31.095974426003444],[74.91146189675152,31.1555821721575],[74.85025181710006,31.1555821721575],[74.85025181710006,31.095974426003444]]]}"
26_17,74.97267197640298,1944.7452239561724,1940.290230978712,1935.972537632432,31.1555821721575,31.095974426003444,2.9717605700785246,74.91146189675152,"{""geodesic"":false,""type"":""Polygon"",""coordinates"":[[[74.91146189675152,31.095974426003444],[74.97267197640298,31.095974426003444],[74.97267197640298,31.1555821721575],[74.91146189675152,31.1555821721575],[74.91146189675152,31.095974426003444]]]}"
26_18,75.03388205605444,1938.0634805665238,1936.883524528341,1935.972537632432,31.1555821721575,31.095974426003444,0.8065058059227505,74.97267197640298,"{""geodesic"":false,""type"":""Polygon"",""coordinates"":[[[74.97267197640298,31.095974426003444],[75.03388205605444,31.095974426003444],[75.03388205605444,31.1555821721575],[74.97267197640298,31.1555821721575],[74.97267197640298,31.095974426003444]]]}"
26_19,75.0950921357059,1938.6113016262461,1937.8149499917963,1936.2648419266282,31.1555821721575,31.095974426003444,0.9360170723307953,75.03388205605444,"{""geodesic"":false,""type"":""Polygon"",""coordinates"":[[[75.03388205605444,31.095974426003444],[75.0950921357059,31.095974426003444],[75.0950921357059,31.1555821721575],[75.03388205605444,31.1555821721575],[75.03388205605444,31.095974426003444]]]}"
26_20,75.15630221535736,1938.6113016262461,1936.7015071456983,1935.9089618877044,31.1555821721575,31.095974426003444,0.8809213116080723,75.0950921357059,"{""geodesic"":false,""type"":""Polygon"",""coordinates"":[[[75.0950921357059,31.095974426003444],[75.15630221535736,31.095974426003444],[75.15630221535736,31.1555821721575],[75.0950921357059,31.1555821721575],[75.0950921357059,31.095974426003444]]]}"
26_21,75.21751229500882,1937.925223913952,1937.2655621015097,1936.406276868745,31.1555821721575,31.095974426003444,0.5583910899564515,75.15630221535736,"{""geodesic"":false,""type"":""Polygon"",""coordinates"":[[[75.15630221535736,31.095974426003444],[75.21751229500882,31.095974426003444],[75.21751229500882,31.1555821721575],[75.15630221535736,31.1555821721575],[75.15630221535736,31.095974426003444]]]}"
26_22,75.27872237466028,1938.7201860568068,1938.0524311085999,1936.406276868745,31.1555821721575,31.095974426003444,0.8441890966430208,75.21751229500882,"{""geodesic"":false,""type"":""Polygon"",""coordinates"":[[[75.21751229500882,31.095974426003444],[75.27872237466028,31.095974426003444],[75.27872237466028,31.1555821721575],[75.21751229500882,31.1555821721575],[75.21751229500882,31.095974426003444]]]}"
26_23,75.33993245431174,1940.4762628685444,1938.9652515560392,1937.9091723661822,31.1555821721575,31.095974426003444,0.9516111865785619,75.27872237466028,"{""geodesic"":false,""type"":""Polygon"",""coordinates"":[[[75.27872237466028,31.095974426003444],[75.33993245431174,31.095974426003444],[75.33993245431174,31.1555821721575],[75.27872237466028,31.1555821721575],[75.27872237466028,31.095974426003444]]]}"
26_24,75.4011425339632,1940.4762628685444,1939.8794179320741,1939.2167709580553,31.1555821721575,31.095974426003444,0.45589741796945477,75.33993245431174,"{""geodesic"":false,""type"":""Polygon"",""coordinates"":[[[75.33993245431174,31.095974426003444],[75.4011425339632,31.095974426003444],[75.4011425339632,31.1555821721575],[75.33993245431174,31.1555821721575],[75.33993245431174,31.095974426003444]]]}"
26_25,75.46235261361466,1941.0767551984682,1939.8863600074296,1938.5709376463183,31.1555821721575,31.095974426003444,0.9558807041993134,75.4011425339632,"{""geodesic"":false,""type"":""Polygon"",""coordinates"":[[[75.4011425339632,31.095974426003444],[75.46235261361466,31.095974426003444],[75.46235261361466,31.1555821721575],[75.4011425339632,31.1555821721575],[75.4011425339632,31.095974426003444]]]}"
26_26,75.52356269326613,1941.0767551984682,1939.648282636908,1938.5709376463183,31.1555821721575,31.095974426003444,1.0101313302306785,75.46235261361467,"{""geodesic"":false,""type"":""Polygon"",""coordinates"":[[[75.46235261361467,31.095974426003444],[75.52356269326613,31.095974426003444],[75.52356269326613,31.1555821721575],[75.46235261361467,31.1555821721575],[75.46235261361467,31.095974426003444]]]}"
26_27,75.58477277291759,1939.9925237206571,1938.3230083265382,1937.5639985801374,31.1555821721575,31.095974426003444,0.9834250981127243,75.52356269326613,"{""geodesic"":false,""type"":""Polygon"",""coordinates"":[[[75.52356269326613,31.095974426003444],[75.58477277291759,31.095974426003444],[75.58477277291759,31.1555821721575],[75.52356269326613,31.1555821721575],[75.52356269326613,31.095974426003444]]]}"
26_28,75.64598285256905,1937.6684542817547,1935.8909214474054,1934.8526617133373,31.1555821721575,31.095974426003444,1.1066084722095624,75.58477277291759,"{""geodesic"":false,""type"":""Polygon"",""coordinates"":[[[75.58477277291759,31.095974426003444],[75.64598285256905,31.095974426003444],[75.64598285256905,31.1555821721575],[75.58477277291759,31.1555821721575],[75.58477277291759,31.095974426003444]]]}"
26_29,75.70719293222051,1936.756668965956,1935.8653953243108,1934.8526617133373,31.1555821721575,31.095974426003444,0.7045933061806774,75.64598285256905,"{""geodesic"":false,""type"":""Polygon"",""coordinates"":[[[75.64598285256905,31.095974426003444],[75.70719293222051,31.095974426003444],[75.70719293222051,31.1555821721575],[75.64598285256905,31.1555821721575],[75.64598285256905,31.095974426003444]]]}"
26_30,75.76840301187197,1938.4485479518337,1937.3921102547517,1936.3143413926512,31.1555821721575,31.095974426003444,0.7965026793848493,75.70719293222051,"{""geodesic"":false,""type"":""Polygon"",""coordinates"":[[[75.70719293222051,31.095974426003444],[75.76840301187197,31.095974426003444],[75.76840301187197,31.1555821721575],[75.70719293222051,31.1555821721575],[75.70719293222051,31.095974426003444]]]}"
26_31,75.82961309152343,1938.4485479518337,1936.3595287121059,1933.4201889189358,31.1555821721575,31.095974426003444,1.7823438367188427,75.76840301187197,"{""geodesic"":false,""type"":""Polygon"",""coordinates"":[[[75.76840301187197,31.095974426003444],[75.82961309152343,31.095974426003444],[75.82961309152343,31.1555821721575],[75.76840301187197,31.1555821721575],[75.76840301187197,31.095974426003444]]]}"
26_32,75.89082317117489,1935.608951487658,1934.354545013214,1933.4201889189358,31.1555821721575,31.095974426003444,0.7840771097334507,75.82961309152343,"{""geodesic"":false,""type"":""Polygon"",""coordinates"":[[[75.82961309152343,31.095974426003444],[75.89082317117489,31.095974426003444],[75.89082317117489,31.1555821721575],[75.82961309152343,31.1555821721575],[75.82961309152343,31.095974426003444]]]}"
26_33,75.95203325082635,1935.608951487658,1934.5778280390844,1934.0130288775977,31.1555821721575,31.095974426003444,0.5974245494923839,75.89082317117489,"{""geodesic"":false,""type"":""Polygon"",""coordinates"":[[[75.89082317117489,31.095974426003444],[75.95203325082635,31.095974426003444],[75.95203325082635,31.1555821721575],[75.89082317117489,31.1555821721575],[75.89082317117489,31.095974426003444]]]}"
26_34,76.0132433304778,1934.8670696393306,1933.9529500530025,1932.2407352432028,31.1555821721575,31.095974426003444,0.9276411986825978,75.95203325082635,"{""geodesic"":false,""type"":""Polygon"",""coordinates"":[[[75.95203325082635,31.095974426003444],[76.0132433304778,31.095974426003444],[76.0132433304778,31.1555821721575],[75.95203325082635,31.1555821721575],[75.95203325082635,31.095974426003444]]]}"
26_35,76.07445341012927,1933.1367112044768,1932.5981065019287,1932.073181141706,31.1555821721575,31.095974426003444,0.4529303531386866,76.0132433304778,"{""geodesic"":false,""type"":""Polygon"",""coordinates"":[[[76.0132433304778,31.095974426003444],[76.07445341012927,31.095974426003444],[76.07445341012927,31.1555821721575],[76.0132433304778,31.1555821721575],[76.0132433304778,31.095974426003444]]]}"
26_36,76.13566348978073,1933.1367112044768,1931.5216429708637,1930.3518203968733,31.1555821721575,31.095974426003444,0.8593870292168462,76.07445341012927,"{""geodesic"":false,""type"":""Polygon"",""coordinates"":[[[76.07445341012927,31.095974426003444],[76.13566348978073,31.095974426003444],[76.13566348978073,31.1555821721575],[76.07445341012927,31.1555821721575],[76.07445341012927,31.095974426003444]]]}"
26_37,76.19687356943219,1931.3907614142804,1930.6255773681157,1928.87473587896,31.1555821721575,31.095974426003444,0.9943275624864566,76.13566348978073,"{""geodesic"":false,""type"":""Polygon"",""coordinates"":[[[76.13566348978073,31.095974426003444],[76.19687356943219,31.095974426003444],[76.19687356943219,31.1555821721575],[76.13566348978073,31.1555821721575],[76.13566348978073,31.095974426003444]]]}"
26_38,76.25808364908364,1931.2108012551603,1930.3500419702627,1928.87473587896,31.1555821721575,31.095974426003444,0.9123794790834939,76.19687356943219,"{""geodesic"":false,""type"":""Polygon"",""coordinates"":[[[76.19687356943219,31.095974426003444],[76.25808364908364,31.095974426003444],[76.25808364908364,31.1555821721575],[76.19687356943219,31.1555821721575],[76.19687356943219,31.095974426003444]]]}"
26_39,76.3192937287351,1930.9562661587877,1929.289930555315,1926.5173983570128,31.1555821721575,31.095974426003444,1.4618951972095844,76.25808364908364,"{""geodesic"":false,""type"":""Polygon"",""coordinates"":[[[76.25808364908364,31.095974426003444],[76.3192937287351,31.095974426003444],[76.3192937287351,31.1555821721575],[76.25808364908364,31.1555821721575],[76.25808364908364,31.095974426003444]]]}"
26_40,76.38050380838656,1927.8990824416105,1926.21695880497,1922.8118094131646,31.1555821721575,31.095974426003444,1.877925726499065,76.3192937287351,"{""geodesic"":false,""type"":""Polygon"",""coordinates"":[[[76.3192937287351,31.095974426003444],[76.38050380838656,31.095974426003444],[76.38050380838656,31.1555821721575],[76.3192937287351,31.1555821721575],[76.3192937287351,31.095974426003444]]]}"
26_41,76.44171388803802,1926.3384789261052,1923.609434812097,1921.8198470186996,31.1555821721575,31.095974426003444,1.698651482175857,76.38050380838656,"{""geodesic"":false,""type"":""Polygon"",""coordinates"":[[[76.38050380838656,31.095974426003444],[76.44171388803802,31.095974426003444],[76.44171388803802,31.1555821721575],[76.38050380838656,31.1555821721575],[76.38050380838656,31.095974426003444]]]}"
26_42,76.5029239676895,1924.2475984005182,1922.3151769911176,1920.6065180538815,31.1555821721575,31.095974426003444,1.0921588828126532,76.44171388803804,"{""geodesic"":false,""type"":""Polygon"",""coordinates"":[[[76.44171388803804,31.095974426003444],[76.5029239676895,31.095974426003444],[76.5029239676895,31.1555821721575],[76.44171388803804,31.1555821721575],[76.44171388803804,31.095974426003444]]]}"
26_43,76.56413404734096,1921.8769357837214,1919.7232781104453,1917.2511221223028,31.1555821721575,31.095974426003444,1.8083926071250576,76.5029239676895,"{""geodesic"":false,""type"":""Polygon"",""coordinates"":[[[76.5029239676895,31.095974426003444],[76.56413404734096,31.095974426003444],[76.56413404734096,31.1555821721575],[76.5029239676895,31.1555821721575],[76.5029239676895,31.095974426003444]]]}"
26_44,76.62534412699242,1918.424901888332,1917.0505740008257,1916.4396894567942,31.1555821721575,31.095974426003444,0.7693570219357714,76.56413404734096,"{""geodesic"":false,""type"":""Polygon"",""coordinates"":[[[76.56413404734096,31.095974426003444],[76.62534412699242,31.095974426003444],[76.62534412699242,31.1555821721575],[76.56413404734096,31.1555821721575],[76.56413404734096,31.095974426003444]]]}"
26_45,76.68655420664388,1916.66458641672,1916.5521379367572,1916.4396894567942,31.1555821721575,31.095974426003444,0.11244848002144978,76.62534412699242,"{""geodesic"":false,""type"":""Polygon"",""coordinates"":[[[76.62534412699242,31.095974426003444],[76.68655420664388,31.095974426003444],[76.68655420664388,31.1555821721575],[76.62534412699242,31.1555821721575],[76.62534412699242,31.095974426003444]]]}"
27_10,74.54420141884276,1943.5511223276385,1943.053665310971,1942.8490376019868,31.21518991831156,31.1555821721575,0.3510423627255988,74.4829913391913,"{""geodesic"":false,""type"":""Polygon"",""coordinates"":[[[74.4829913391913,31.1555821721575],[74.54420141884276,31.1555821721575],[74.54420141884276,31.21518991831156],[74.4829913391913,31.21518991831156],[74.4829913391913,31.1555821721575]]]}"
27_11,74.60541149849422,1944.6211254417417,1942.8795093103363,1942.414228112133,31.21518991831156,31.1555821721575,0.7624079887187996,74.54420141884276,"{""geodesic"":false,""type"":""Polygon"",""coordinates"":[[[74.54420141884276,31.1555821721575],[74.60541149849422,31.1555821721575],[74.60541149849422,31.21518991831156],[74.54420141884276,31.21518991831156],[74.54420141884276,31.1555821721575]]]}"
27_12,74.66662157814568,1944.683867010031,1944.2974569966195,1943.0930362410688,31.21518991831156,31.1555821721575,0.6372745584099327,74.60541149849422,"{""geodesic"":false,""type"":""Polygon"",""coordinates"":[[[74.60541149849422,31.1555821721575],[74.66662157814568,31.1555821721575],[74.66662157814568,31.21518991831156],[74.60541149849422,31.21518991831156],[74.60541149849422,31.1555821721575]]]}"
27_13,74.72783165779714,1944.7523250852837,1944.271547847582,1943.799960699815,31.21518991831156,31.1555821721575,0.4003327263861744,74.66662157814568,"{""geodesic"":false,""type"":""Polygon"",""coordinates"":[[[74.66662157814568,31.1555821721575],[74.72783165779714,31.1555821721575],[74.72783165779714,31.21518991831156],[74.66662157814568,31.21518991831156],[74.66662157814568,31.1555821721575]]]}"
27_14,74.7890417374486,1947.8514601892075,1944.466782149661,1943.4780613146374,31.21518991831156,31.1555821721575,1.8522707624708898,74.72783165779714,"{""geodesic"":false,""type"":""Polygon"",""coordinates"":[[[74.72783165779714,31.1555821721575],[74.7890417374486,31.1555821721575],[74.7890417374486,31.21518991831156],[74.72783165779714,31.21518991831156],[74.72783165779714,31.1555821721575]]]}"
27_15,74.85025181710006,1947.8514601892075,1944.4678238215263,1943.3052478683096,31.21518991831156,31.1555821721575,1.9130393267693433,74.7890417374486,"{""geodesic"":false,""type"":""Polygon"",""coordinates"":[[[74.7890417374486,31.1555821721575],[74.85025181710006,31.1555821721575],[74.85025181710006,31.21518991831156],[74.7890417374486,31.21518991831156],[74.7890417374486,31.1555821721575]]]}"
27_16,74.91146189675152,1946.253855738459,1944.0301558235087,1943.3052478683096,31.21518991831156,31.1555821721575,1.1383291515146452,74.85025181710006,"{""geodesic"":false,""type"":""Polygon"",""coordinates"":[[[74.85025181710006,31.1555821721575],[74.91146189675152,31.1555821721575],[74.91146189675152,31.21518991831156],[74.85025181710006,31.21518991831156],[74.85025181710006,31.1555821721575]]]}"
27_17,74.97267197640298,1944.7452239561724,1939.8231742465014,1935.972537632432,31.21518991831156,31.1555821721575,3.076496052488602,74.91146189675152,"{""geodesic"":false,""type"":""Polygon"",""coordinates"":[[[74.91146189675152,31.1555821721575],[74.97267197640298,31.1555821721575],[74.97267197640298,31.21518991831156],[74.91146189675152,31.21518991831156],[74.91146189675152,31.1555821721575]]]}"
27_18,75.03388205605444,1937.950172937627,1936.8546529121786,1935.9119080873786,31.21518991831156,31.1555821721575,0.8336510681795185,74.97267197640298,"{""geodesic"":false,""type"":""Polygon"",""coordinates"":[[[74.97267197640298,31.1555821721575],[75.03388205605444,31.1555821721575],[75.03388205605444,31.21518991831156],[74.97267197640298,31.21518991831156],[74.97267197640298,31.1555821721575]]]}"
27_19,75.0950921357059,1938.6113016262461,1936.4650434199934,1935.9119080873786,31.21518991831156,31.1555821721575,1.1133311139199764,75.03388205605444,"{""geodesic"":false,""type"":""Polygon"",""coordinates"":[[[75.03388205605444,31.1555821721575],[75.0950921357059,31.1555821721575],[75.0950921357059,31.21518991831156],[75.03388205605444,31.21518991831156],[75.03388205605444,31.1555821721575]]]}"
27_20,75.15630221535736,1938.6113016262461,1937.4904213385732,1935.99675247118,31.21518991831156,31.1555821721575,0.9044590681659027,75.0950921357059,"{""geodesic"":false,""type"":""Polygon"",""coordinates"":[[[75.0950921357059,31.1555821721575],[75.15630221535736,31.1555821721575],[75.15630221535736,31.21518991831156],[75.0950921357059,31.21518991831156],[75.0950921357059,31.1555821721575]]]}"
27_21,75.21751229500882,1939.7839644994745,1938.7308388558185,1937.532811043294,31.21518991831156,31.1555821721575,0.8512949772132489,75.15630221535736,"{""geodesic"":false,""type"":""Polygon"",""coordinates"":[[[75.15630221535736,31.1555821721575],[75.21751229500882,31.1555821721575],[75.21751229500882,31.21518991831156],[75.15630221535736,31.21518991831156],[75.15630221535736,31.1555821721575]]]}"
27_22,75.27872237466028,1941.1540312412833,1940.044135767223,1937.925223913952,31.21518991831156,31.1555821721575,1.3386659662273808,75.21751229500882,"{""geodesic"":false,""type"":""Polygon"",""coordinates"":[[[75.21751229500882,31.1555821721575],[75.27872237466028,31.1555821721575],[75.27872237466028,31.21518991831156],[75.21751229500882,31.21518991831156],[75.21751229500882,31.1555821721575]]]}"
27_23,75.33993245431174,1942.1926000376245,1941.119268012635,1939.203608347635,31.21518991831156,31.1555821721575,1.1282036087457616,75.27872237466028,"{""geodesic"":false,""type"":""Polygon"",""coordinates"":[[[75.27872237466028,31.1555821721575],[75.33993245431174,31.1555821721575],[75.33993245431174,31.21518991831156],[75.27872237466028,31.21518991831156],[75.27872237466028,31.1555821721575]]]}"
27_24,75.4011425339632,1942.1926000376245,1941.6503074950017,1940.0754649468809,31.21518991831156,31.1555821721575,0.9513950519342087,75.33993245431174,"{""geodesic"":false,""type"":""Polygon"",""coordinates"":[[[75.33993245431174,31.1555821721575],[75.4011425339632,31.1555821721575],[75.4011425339632,31.21518991831156],[75.33993245431174,31.21518991831156],[75.33993245431174,31.1555821721575]]]}"
27_25,75.46235261361466,1942.1208931915683,1941.6290727551018,1940.0754649468809,31.21518991831156,31.1555821721575,0.7110491440517509,75.4011425339632,"{""geodesic"":false,""type"":""Polygon"",""coordinates"":[[[75.4011425339632,31.1555821721575],[75.46235261361466,31.1555821721575],[75.46235261361466,31.21518991831156],[75.4011425339632,31.21518991831156],[75.4011425339632,31.1555821721575]]]}"
27_26,75.52356269326613,1941.8920924598228,1941.2616095567362,1939.9925237206571,31.21518991831156,31.1555821721575,0.6978732077820725,75.46235261361467,"{""geodesic"":false,""type"":""Polygon"",""coordinates"":[[[75.46235261361467,31.1555821721575],[75.52356269326613,31.1555821721575],[75.52356269326613,31.21518991831156],[75.46235261361467,31.21518991831156],[75.46235261361467,31.1555821721575]]]}"
27_27,75.58477277291759,1940.5677962790678,1939.057042967954,1937.5639985801374,31.21518991831156,31.1555821721575,1.2136471969835338,75.52356269326613,"{""geodesic"":false,""type"":""Polygon"",""coordinates"":[[[75.52356269326613,31.1555821721575],[75.58477277291759,31.1555821721575],[75.58477277291759,31.21518991831156],[75.52356269326613,31.21518991831156],[75.52356269326613,31.1555821721575]]]}"
27_28,75.64598285256905,1938.336868833888,1935.8695796421966,1934.8526617133373,31.21518991831156,31.1555821721575,1.3067133611934167,75.58477277291759,"{""geodesic"":false,""type"":""Polygon"",""coordinates"":[[[75.58477277291759,31.1555821721575],[75.64598285256905,31.1555821721575],[75.64598285256905,31.21518991831156],[75.58477277291759,31.21518991831156],[75.58477277291759,31.1555821721575]]]}"
27_29,75.70719293222051,1936.377958579072,1935.7969528016527,1934.8526617133373,31.21518991831156,31.1555821721575,0.6164892292949505,75.64598285256905,"{""geodesic"":false,""type"":""Polygon"",""coordinates"":[[[75.64598285256905,31.1555821721575],[75.70719293222051,31.1555821721575],[75.70719293222051,31.21518991831156],[75.64598285256905,31.21518991831156],[75.64598285256905,31.1555821721575]]]}"
27_30,75.76840301187197,1937.439537884384,1937.0245590322947,1936.3143413926512,31.21518991831156,31.1555821721575,0.4889200852343882,75.70719293222051,"{""geodesic"":false,""type"":""Polygon"",""coordinates"":[[[75.70719293222051,31.1555821721575],[75.76840301187197,31.1555821721575],[75.76840301187197,31.21518991831156],[75.70719293222051,31.21518991831156],[75.70719293222051,31.1555821721575]]]}"
27_31,75.82961309152343,1937.439537884384,1935.6508644536193,1933.3085092706933,31.21518991831156,31.1555821721575,1.6619852556114907,75.76840301187197,"{""geodesic"":false,""type"":""Polygon"",""coordinates"":[[[75.76840301187197,31.1555821721575],[75.82961309152343,31.1555821721575],[75.82961309152343,31.21518991831156],[75.76840301187197,31.21518991831156],[75.76840301187197,31.1555821721575]]]}"
27_32,75.89082317117489,1935.608951487658,1934.0274693420456,1933.3085092706933,31.21518991831156,31.1555821721575,0.9381167645505116,75.82961309152343,"{""geodesic"":false,""type"":""Polygon"",""coordinates"":[[[75.82961309152343,31.1555821721575],[75.89082317117489,31.1555821721575],[75.89082317117489,31.21518991831156],[75.82961309152343,31.21518991831156],[75.82961309152343,31.1555821721575]]]}"
27_33,75.95203325082635,1935.608951487658,1934.3000258698507,1933.8108858773844,31.21518991831156,31.1555821721575,0.6444890568389728,75.89082317117489,"{""geodesic"":false,""type"":""Polygon"",""coordinates"":[[[75.89082317117489,31.1555821721575],[75.95203325082635,31.1555821721575],[75.95203325082635,31.21518991831156],[75.89082317117489,31.21518991831156],[75.89082317117489,31.1555821721575]]]}"
27_34,76.0132433304778,1934.8670696393306,1933.3243096917802,1931.5775462373467,31.21518991831156,31.1555821721575,1.186549684053711,75.95203325082635,"{""geodesic"":false,""type"":""Polygon"",""coordinates"":[[[75.95203325082635,31.1555821721575],[76.0132433304778,31.1555821721575],[76.0132433304778,31.21518991831156],[75.95203325082635,31.21518991831156],[75.95203325082635,31.1555821721575]]]}"
27_35,76.07445341012927,1933.1367112044768,1931.9439281501895,1931.5775462373467,31.21518991831156,31.1555821721575,0.606088368555313,76.0132433304778,"{""geodesic"":false,""type"":""Polygon"",""coordinates"":[[[76.0132433304778,31.1555821721575],[76.07445341012927,31.1555821721575],[76.07445341012927,31.21518991831156],[76.0132433304778,31.21518991831156],[76.0132433304778,31.1555821721575]]]}"
27_36,76.13566348978073,1933.1367112044768,1931.1882734232834,1929.6840363815516,31.21518991831156,31.1555821721575,1.095115692564455,76.07445341012927,"{""geodesic"":false,""type"":""Polygon"",""coordinates"":[[[76.07445341012927,31.1555821721575],[76.13566348978073,31.1555821721575],[76.13566348978073,31.21518991831156],[76.07445341012927,31.21518991831156],[76.07445341012927,31.1555821721575]]]}"
27_37,76.19687356943219,1930.3518203968733,1929.4204913600595,1928.352898183782,31.21518991831156,31.1555821721575,0.7633239387631828,76.13566348978073,"{""geodesic"":false,""type"":""Polygon"",""coordinates"":[[[76.13566348978073,31.1555821721575],[76.19687356943219,31.1555821721575],[76.19687356943219,31.21518991831156],[76.13566348978073,31.21518991831156],[76.13566348978073,31.1555821721575]]]}"
27_38,76.25808364908364,1930.1027929048935,1929.1356762236478,1928.352898183782,31.21518991831156,31.1555821721575,0.6473747702404998,76.19687356943219,"{""geodesic"":false,""type"":""Polygon"",""coordinates"":[[[76.19687356943219,31.1555821721575],[76.25808364908364,31.1555821721575],[76.25808364908364,31.21518991831156],[76.19687356943219,31.21518991831156],[76.19687356943219,31.1555821721575]]]}"
27_39,76.3192937287351,1930.1027929048935,1928.6492147134436,1925.095472711354,31.21518991831156,31.1555821721575,1.819444813339778,76.25808364908364,"{""geodesic"":false,""type"":""Polygon"",""coordinates"":[[[76.25808364908364,31.1555821721575],[76.3192937287351,31.1555821721575],[76.3192937287351,31.21518991831156],[76.25808364908364,31.21518991831156],[76.25808364908364,31.1555821721575]]]}"
27_40,76.38050380838656,1926.5173983570128,1925.0422071727382,1922.8118094131646,31.21518991831156,31.1555821721575,1.3229428829076033,76.3192937287351,"{""geodesic"":false,""type"":""Polygon"",""coordinates"":[[[76.3192937287351,31.1555821721575],[76.38050380838656,31.1555821721575],[76.38050380838656,31.21518991831156],[76.3192937287351,31.21518991831156],[76.3192937287351,31.1555821721575]]]}"
27_41,76.44171388803802,1924.930709364688,1923.8878554433286,1921.8198470186996,31.21518991831156,31.1555821721575,1.2206767069818967,76.38050380838656,"{""geodesic"":false,""type"":""Polygon"",""coordinates"":[[[76.38050380838656,31.1555821721575],[76.44171388803802,31.1555821721575],[76.44171388803802,31.21518991831156],[76.38050380838656,31.21518991831156],[76.38050380838656,31.1555821721575]]]}"
27_42,76.5029239676895,1924.2888540787958,1923.1769215936997,1920.5488227706114,31.21518991831156,31.1555821721575,1.5216089413129317,76.44171388803804,"{""geodesic"":false,""type"":""Polygon"",""coordinates"":[[[76.44171388803804,31.1555821721575],[76.5029239676895,31.1555821721575],[76.5029239676895,31.21518991831156],[76.44171388803804,31.21518991831156],[76.44171388803804,31.1555821721575]]]}"
27_43,76.56413404734096,1920.6065180538815,1918.6542319230055,1916.0220206240742,31.21518991831156,31.1555821721575,2.0179984672909876,76.5029239676895,"{""geodesic"":false,""type"":""Polygon"",""coordinates"":[[[76.5029239676895,31.1555821721575],[76.56413404734096,31.1555821721575],[76.56413404734096,31.21518991831156],[76.5029239676895,31.21518991831156],[76.5029239676895,31.1555821721575]]]}"
27_44,76.62534412699242,1917.2511221223028,1916.3121293393933,1916.0220206240742,31.21518991831156,31.1555821721575,0.46704209043914546,76.56413404734096,"{""geodesic"":false,""type"":""Polygon"",""coordinates"":[[[76.56413404734096,31.1555821721575],[76.62534412699242,31.1555821721575],[76.62534412699242,31.21518991831156],[76.56413404734096,31.21518991831156],[76.56413404734096,31.1555821721575]]]}"
27_45,76.68655420664388,1917.0641889326268,1916.6612313694825,1916.2219906762466,31.21518991831156,31.1555821721575,0.3569454133755133,76.62534412699242,"{""geodesic"":false,""type"":""Polygon"",""coordinates"":[[[76.62534412699242,31.1555821721575],[76.68655420664388,31.1555821721575],[76.68655420664388,31.21518991831156],[76.62534412699242,31.21518991831156],[76.62534412699242,31.1555821721575]]]}"
28_10,74.54420141884276,1945.0406924614574,1944.312879047632,1942.8490376019868,31.27479766446562,31.215189918311562,0.8950726256965051,74.4829913391913,"{""geodesic"":false,""type"":""Polygon"",""coordinates"":[[[74.4829913391913,31.215189918311562],[74.54420141884276,31.215189918311562],[74.54420141884276,31.27479766446562],[74.4829913391913,31.27479766446562],[74.4829913391913,31.215189918311562]]]}"
28_11,74.60541149849422,1945.0406924614574,1943.681623957038,1942.8490376019868,31.27479766446562,31.215189918311562,0.845013021948601,74.54420141884276,"{""geodesic"":false,""type"":""Polygon"",""coordinates"":[[[74.54420141884276,31.215189918311562],[74.60541149849422,31.215189918311562],[74.60541149849422,31.27479766446562],[74.54420141884276,31.27479766446562],[74.54420141884276,31.215189918311562]]]}"
28_12,74.66662157814568,1946.0405395026512,1944.9388551063319,1944.509825527151,31.27479766446562,31.215189918311562,0.6575988878771117,74.60541149849422,"{""geodesic"":false,""type"":""Polygon"",""coordinates"":[[[74.60541149849422,31.215189918311562],[74.66662157814568,31.215189918311562],[74.66662157814568,31.27479766446562],[74.60541149849422,31.27479766446562],[74.60541149849422,31.215189918311562]]]}"
28_13,74.72783165779714,1946.0405395026512,1945.7857848319613,1943.799960699815,31.27479766446562,31.215189918311562,0.7941835389345572,74.66662157814568,"{""geodesic"":false,""type"":""Polygon"",""coordinates"":[[[74.66662157814568,31.215189918311562],[74.72783165779714,31.215189918311562],[74.72783165779714,31.27479766446562],[74.66662157814568,31.27479766446562],[74.66662157814568,31.215189918311562]]]}"
28_14,74.7890417374486,1945.6661658315822,1944.6369918596195,1943.017477729505,31.27479766446562,31.215189918311562,0.9548290679773856,74.72783165779714,"{""geodesic"":false,""type"":""Polygon"",""coordinates"":[[[74.72783165779714,31.215189918311562],[74.7890417374486,31.215189918311562],[74.7890417374486,31.27479766446562],[74.72783165779714,31.27479766446562],[74.72783165779714,31.215189918311562]]]}"
28_15,74.85025181710006,1943.4939317140381,1942.2262073159725,1938.3505505166333,31.27479766446562,31.215189918311562,1.857873352996261,74.7890417374486,"{""geodesic"":false,""type"":""Polygon"",""coordinates"":[[[74.7890417374486,31.215189918311562],[74.85025181710006,31.215189918311562],[74.85025181710006,31.27479766446562],[74.7890417374486,31.27479766446562],[74.7890417374486,31.215189918311562]]]}"
28_16,74.91146189675152,1943.712809393837,1939.1729973121776,1934.9498074901123,31.27479766446562,31.215189918311562,3.0228879137066214,74.85025181710006,"{""geodesic"":false,""type"":""Polygon"",""coordinates"":[[[74.85025181710006,31.215189918311562],[74.91146189675152,31.215189918311562],[74.91146189675152,31.27479766446562],[74.85025181710006,31.27479766446562],[74.85025181710006,31.215189918311562]]]}"
28_17,74.97267197640298,1943.712809393837,1937.3623134533793,1932.6986757676382,31.27479766446562,31.215189918311562,3.1378735392971056,74.91146189675152,"{""geodesic"":false,""type"":""Polygon"",""coordinates"":[[[74.91146189675152,31.215189918311562],[74.97267197640298,31.215189918311562],[74.97267197640298,31.27479766446562],[74.91146189675152,31.27479766446562],[74.91146189675152,31.215189918311562]]]}"
28_18,75.03388205605444,1937.950172937627,1936.2071887421182,1932.6986757676382,31.27479766446562,31.215189918311562,1.9681554879362677,74.97267197640298,"{""geodesic"":false,""type"":""Polygon"",""coordinates"":[[[74.97267197640298,31.215189918311562],[75.03388205605444,31.215189918311562],[75.03388205605444,31.27479766446562],[74.97267197640298,31.27479766446562],[74.97267197640298,31.215189918311562]]]}"
28_19,75.0950921357059,1937.8160279771198,1936.640833933265,1933.4335411727475,31.27479766446562,31.215189918311562,1.5282582754883467,75.03388205605444,"{""geodesic"":false,""type"":""Polygon"",""coordinates"":[[[75.03388205605444,31.215189918311562],[75.0950921357059,31.215189918311562],[75.0950921357059,31.27479766446562],[75.03388205605444,31.27479766446562],[75.03388205605444,31.215189918311562]]]}"
28_20,75.15630221535736,1938.5079060450944,1936.1130554679337,1933.989213219007,31.27479766446562,31.215189918311562,1.3859383359901698,75.0950921357059,"{""geodesic"":false,""type"":""Polygon"",""coordinates"":[[[75.0950921357059,31.215189918311562],[75.15630221535736,31.215189918311562],[75.15630221535736,31.27479766446562],[75.0950921357059,31.27479766446562],[75.0950921357059,31.215189918311562]]]}"
28_21,75.21751229500882,1939.935896879801,1938.2584102074786,1936.8633211269184,31.27479766446562,31.215189918311562,1.0685638177493608,75.15630221535736,"{""geodesic"":false,""type"":""Polygon"",""coordinates"":[[[75.15630221535736,31.215189918311562],[75.21751229500882,31.215189918311562],[75.21751229500882,31.27479766446562],[75.15630221535736,31.27479766446562],[75.15630221535736,31.215189918311562]]]}"
28_22,75.27872237466028,1941.1540312412833,1939.6720343825596,1936.8861456381298,31.27479766446562,31.215189918311562,1.4242598025766127,75.21751229500882,"{""geodesic"":false,""type"":""Polygon"",""coordinates"":[[[75.21751229500882,31.215189918311562],[75.27872237466028,31.215189918311562],[75.27872237466028,31.27479766446562],[75.21751229500882,31.27479766446562],[75.21751229500882,31.215189918311562]]]}"
28_23,75.33993245431174,1942.5489083095615,1941.5610336751577,1938.1550944138155,31.27479766446562,31.215189918311562,1.591880639920505,75.27872237466028,"{""geodesic"":false,""type"":""Polygon"",""coordinates"":[[[75.27872237466028,31.215189918311562],[75.33993245431174,31.215189918311562],[75.33993245431174,31.27479766446562],[75.27872237466028,31.27479766446562],[75.27872237466028,31.215189918311562]]]}"
28_24,75.4011425339632,1942.1926000376245,1941.5670982966712,1939.7073844568708,31.27479766446562,31.215189918311562,0.873478849802178,75.33993245431174,"{""geodesic"":false,""type"":""Polygon"",""coordinates"":[[[75.33993245431174,31.215189918311562],[75.4011425339632,31.215189918311562],[75.4011425339632,31.27479766446562],[75.33993245431174,31.27479766446562],[75.33993245431174,31.215189918311562]]]}"
28_25,75.46235261361466,1945.5145690784,1942.2049059701123,1941.2883959920412,31.27479766446562,31.215189918311562,1.2641787592085267,75.4011425339632,"{""geodesic"":false,""type"":""Polygon"",""coordinates"":[[[75.4011425339632,31.215189918311562],[75.46235261361466,31.215189918311562],[75.46235261361466,31.27479766446562],[75.4011425339632,31.27479766446562],[75.4011425339632,31.215189918311562]]]}"
28_26,75.52356269326613,1945.5145690784,1942.7520526657472,1940.5677962790678,31.27479766446562,31.215189918311562,1.510225838014849,75.46235261361467,"{""geodesic"":false,""type"":""Polygon"",""coordinates"":[[[75.46235261361467,31.215189918311562],[75.52356269326613,31.215189918311562],[75.52356269326613,31.27479766446562],[75.46235261361467,31.27479766446562],[75.46235261361467,31.215189918311562]]]}"
28_27,75.58477277291759,1943.1038654663475,1941.161719047111,1938.336868833888,31.27479766446562,31.215189918311562,1.54545735572865,75.52356269326613,"{""geodesic"":false,""type"":""Polygon"",""coordinates"":[[[75.52356269326613,31.215189918311562],[75.58477277291759,31.215189918311562],[75.58477277291759,31.27479766446562],[75.52356269326613,31.27479766446562],[75.52356269326613,31.215189918311562]]]}"
28_28,75.64598285256905,1941.4430105161036,1937.7699368881306,1935.6443352936478,31.27479766446562,31.215189918311562,1.9467754099825412,75.58477277291759,"{""geodesic"":false,""type"":""Polygon"",""coordinates"":[[[75.58477277291759,31.215189918311562],[75.64598285256905,31.215189918311562],[75.64598285256905,31.27479766446562],[75.58477277291759,31.27479766446562],[75.58477277291759,31.215189918311562]]]}"
28_29,75.70719293222051,1940.3023101543781,1937.8615005842728,1935.6443352936478,31.27479766446562,31.215189918311562,1.4824287462975732,75.64598285256905,"{""geodesic"":false,""type"":""Polygon"",""coordinates"":[[[75.64598285256905,31.215189918311562],[75.70719293222051,31.215189918311562],[75.70719293222051,31.27479766446562],[75.64598285256905,31.27479766446562],[75.64598285256905,31.215189918311562]]]}"
28_30,75.76840301187197,1938.2499266740808,1937.3497384919515,1935.4254608282495,31.27479766446562,31.215189918311562,0.946901319851928,75.70719293222051,"{""geodesic"":false,""type"":""Polygon"",""coordinates"":[[[75.70719293222051,31.215189918311562],[75.76840301187197,31.215189918311562],[75.76840301187197,31.27479766446562],[75.70719293222051,31.27479766446562],[75.70719293222051,31.215189918311562]]]}"
28_31,75.82961309152343,1937.6113052448438,1934.6205084321632,1931.1874003082078,31.27479766446562,31.215189918311562,2.16295246257108,75.76840301187197,"{""geodesic"":false,""type"":""Polygon"",""coordinates"":[[[75.76840301187197,31.215189918311562],[75.82961309152343,31.215189918311562],[75.82961309152343,31.27479766446562],[75.76840301187197,31.27479766446562],[75.76840301187197,31.215189918311562]]]}"
28_32,75.89082317117489,1934.5674337372172,1932.7875043743409,1931.805874405152,31.27479766446562,31.215189918311562,0.8504558895213822,75.82961309152343,"{""geodesic"":false,""type"":""Polygon"",""coordinates"":[[[75.82961309152343,31.215189918311562],[75.89082317117489,31.215189918311562],[75.89082317117489,31.27479766446562],[75.82961309152343,31.27479766446562],[75.82961309152343,31.215189918311562]]]}"
28_33,75.95203325082635,1934.5674337372172,1933.068467216709,1932.524422257664,31.27479766446562,31.215189918311562,0.6594860754159323,75.89082317117489,"{""geodesic"":false,""type"":""Polygon"",""coordinates"":[[[75.89082317117489,31.215189918311562],[75.95203325082635,31.215189918311562],[75.95203325082635,31.27479766446562],[75.89082317117489,31.27479766446562],[75.89082317117489,31.215189918311562]]]}"
28_34,76.0132433304778,1933.7087196451023,1932.791356262391,1930.6821674727298,31.27479766446562,31.215189918311562,1.1562253473481623,75.95203325082635,"{""geodesic"":false,""type"":""Polygon"",""coordinates"":[[[75.95203325082635,31.215189918311562],[76.0132433304778,31.215189918311562],[76.0132433304778,31.27479766446562],[75.95203325082635,31.27479766446562],[75.95203325082635,31.215189918311562]]]}"
28_35,76.07445341012927,1932.3552705175,1931.1253238803163,1928.8209443924152,31.27479766446562,31.215189918311562,1.1273830454334104,76.0132433304778,"{""geodesic"":false,""type"":""Polygon"",""coordinates"":[[[76.0132433304778,31.215189918311562],[76.07445341012927,31.215189918311562],[76.07445341012927,31.27479766446562],[76.0132433304778,31.27479766446562],[76.0132433304778,31.215189918311562]]]}"
28_36,76.13566348978073,1931.746966308413,1929.978621780468,1925.3228218288912,31.27479766446562,31.215189918311562,1.9339852444884291,76.07445341012927,"{""geodesic"":false,""type"":""Polygon"",""coordinates"":[[[76.07445341012927,31.215189918311562],[76.13566348978073,31.215189918311562],[76.13566348978073,31.27479766446562],[76.07445341012927,31.27479766446562],[76.07445341012927,31.215189918311562]]]}"
28_37,76.19687356943219,1929.6840363815516,1927.6871702218154,1924.3770519678733,31.27479766446562,31.215189918311562,1.8950103635696445,76.13566348978073,"{""geodesic"":false,""type"":""Polygon"",""coordinates"":[[[76.13566348978073,31.215189918311562],[76.19687356943219,31.215189918311562],[76.19687356943219,31.27479766446562],[76.13566348978073,31.27479766446562],[76.13566348978073,31.215189918311562]]]}"
28_38,76.25808364908364,1929.3980921217687,1926.4982212571167,1924.3770519678733,31.27479766446562,31.215189918311562,1.7846622967923438,76.19687356943219,"{""geodesic"":false,""type"":""Polygon"",""coordinates"":[[[76.19687356943219,31.215189918311562],[76.25808364908364,31.215189918311562],[76.25808364908364,31.27479766446562],[76.19687356943219,31.27479766446562],[76.19687356943219,31.215189918311562]]]}"
28_39,76.3192937287351,1929.3980921217687,1925.8194369518699,1923.719926699167,31.27479766446562,31.215189918311562,1.7345462830004736,76.25808364908364,"{""geodesic"":false,""type"":""Polygon"",""coordinates"":[[[76.25808364908364,31.215189918311562],[76.3192937287351,31.215189918311562],[76.3192937287351,31.27479766446562],[76.25808364908364,31.27479766446562],[76.25808364908364,31.215189918311562]]]}"
28_40,76.38050380838656,1925.095472711354,1923.871493387457,1923.667443312932,31.27479766446562,31.215189918311562,0.6280217100814223,76.3192937287351,"{""geodesic"":false,""type"":""Polygon"",""coordinates"":[[[76.3192937287351,31.215189918311562],[76.38050380838656,31.215189918311562],[76.38050380838656,31.27479766446562],[76.3192937287351,31.27479766446562],[76.3192937287351,31.215189918311562]]]}"
28_41,76.44171388803802,1924.930709364688,1923.8902479027959,1923.191695824554,31.27479766446562,31.215189918311562,0.5572464028066653,76.38050380838656,"{""geodesic"":false,""type"":""Polygon"",""coordinates"":[[[76.38050380838656,31.215189918311562],[76.44171388803802,31.215189918311562],[76.44171388803802,31.27479766446562],[76.38050380838656,31.27479766446562],[76.38050380838656,31.215189918311562]]]}"
28_42,76.5029239676895,1924.225428154089,1922.3507474203236,1918.789608601126,31.27479766446562,31.215189918311562,2.055255295508376,76.44171388803804,"{""geodesic"":false,""type"":""Polygon"",""coordinates"":[[[76.44171388803804,31.215189918311562],[76.5029239676895,31.215189918311562],[76.5029239676895,31.27479766446562],[76.44171388803804,31.27479766446562],[76.44171388803804,31.215189918311562]]]}"
28_43,76.56413404734096,1920.5488227706114,1917.154232195283,1906.1327621046848,31.27479766446562,31.215189918311562,4.77670844889458,76.5029239676895,"{""geodesic"":false,""type"":""Polygon"",""coordinates"":[[[76.5029239676895,31.215189918311562],[76.56413404734096,31.215189918311562],[76.56413404734096,31.27479766446562],[76.5029239676895,31.27479766446562],[76.5029239676895,31.215189918311562]]]}"
28_44,76.62534412699242,1929.6942043710505,1914.6034442003815,1906.1327621046848,31.27479766446562,31.215189918311562,6.962358975455417,76.56413404734096,"{""geodesic"":false,""type"":""Polygon"",""coordinates"":[[[76.56413404734096,31.215189918311562],[76.62534412699242,31.215189918311562],[76.62534412699242,31.27479766446562],[76.56413404734096,31.27479766446562],[76.56413404734096,31.215189918311562]]]}"
28_45,76.68655420664388,1929.6942043710505,1916.3588948961242,1912.7372523409883,31.27479766446562,31.215189918311562,6.794657242288213,76.62534412699242,"{""geodesic"":false,""type"":""Polygon"",""coordinates"":[[[76.62534412699242,31.215189918311562],[76.68655420664388,31.215189918311562],[76.68655420664388,31.27479766446562],[76.62534412699242,31.27479766446562],[76.62534412699242,31.215189918311562]]]}"
29_11,74.60541149849422,1949.0193515087503,1946.1496906320265,1944.509825527151,31.334405410619677,31.27479766446562,1.7013618151152543,74.54420141884276,"{""geodesic"":false,""type"":""Polygon"",""coordinates"":[[[74.54420141884276,31.27479766446562],[74.60541149849422,31.27479766446562],[74.60541149849422,31.334405410619677],[74.54420141884276,31.334405410619677],[74.54420141884276,31.27479766446562]]]}"
29_12,74.66662157814568,1946.164918372419,1945.4367103733698,1944.509825527151,31.334405410619677,31.27479766446562,0.6377495900315512,74.60541149849422,"{""geodesic"":false,""type"":""Polygon"",""coordinates"":[[[74.60541149849422,31.27479766446562],[74.66662157814568,31.27479766446562],[74.66662157814568,31.334405410619677],[74.60541149849422,31.334405410619677],[74.60541149849422,31.27479766446562]]]}"
29_13,74.72783165779714,1945.9239722598345,1945.7387085698845,1945.5903749480403,31.334405410619677,31.27479766446562,0.11872076879413078,74.66662157814568,"{""geodesic"":false,""type"":""Polygon"",""coordinates"":[[[74.66662157814568,31.27479766446562],[74.72783165779714,31.27479766446562],[74.72783165779714,31.334405410619677],[74.66662157814568,31.334405410619677],[74.66662157814568,31.27479766446562]]]}"
29_14,74.7890417374486,1945.7371139406823,1943.3352816949061,1939.8840263405884,31.334405410619677,31.27479766446562,2.0826449376964162,74.72783165779714,"{""geodesic"":false,""type"":""Polygon"",""coordinates"":[[[74.72783165779714,31.27479766446562],[74.7890417374486,31.27479766446562],[74.7890417374486,31.334405410619677],[74.72783165779714,31.334405410619677],[74.72783165779714,31.27479766446562]]]}"
29_15,74.85025181710006,1943.291430401929,1940.2702364050792,1936.483867427676,31.334405410619677,31.27479766446562,2.4970325465063503,74.7890417374486,"{""geodesic"":false,""type"":""Polygon"",""coordinates"":[[[74.7890417374486,31.27479766446562],[74.85025181710006,31.27479766446562],[74.85025181710006,31.334405410619677],[74.7890417374486,31.334405410619677],[74.7890417374486,31.27479766446562]]]}"
29_16,74.91146189675152,1938.3505505166333,1936.1046664828682,1934.9498074901123,31.334405410619677,31.27479766446562,1.2960073819465443,74.85025181710006,"{""geodesic"":false,""type"":""Polygon"",""coordinates"":[[[74.85025181710006,31.27479766446562],[74.91146189675152,31.27479766446562],[74.91146189675152,31.334405410619677],[74.85025181710006,31.334405410619677],[74.85025181710006,31.27479766446562]]]}"
29_17,74.97267197640298,1935.4886530432218,1933.8751251142783,1932.1206077590641,31.334405410619677,31.27479766446562,1.1720816771724347,74.91146189675152,"{""geodesic"":false,""type"":""Polygon"",""coordinates"":[[[74.91146189675152,31.27479766446562],[74.97267197640298,31.27479766446562],[74.97267197640298,31.334405410619677],[74.91146189675152,31.334405410619677],[74.91146189675152,31.27479766446562]]]}"
29_18,75.03388205605444,1933.4335411727475,1932.6948746514704,1932.1206077590641,31.334405410619677,31.27479766446562,0.46556115188735037,74.97267197640298,"{""geodesic"":false,""type"":""Polygon"",""coordinates"":[[[74.97267197640298,31.27479766446562],[75.03388205605444,31.27479766446562],[75.03388205605444,31.334405410619677],[74.97267197640298,31.334405410619677],[74.97267197640298,31.27479766446562]]]}"
29_19,75.0950921357059,1934.2713176549814,1933.7812280684948,1932.7145345821261,31.334405410619677,31.27479766446562,0.5945362383943984,75.03388205605444,"{""geodesic"":false,""type"":""Polygon"",""coordinates"":[[[75.03388205605444,31.27479766446562],[75.0950921357059,31.27479766446562],[75.0950921357059,31.334405410619677],[75.03388205605444,31.334405410619677],[75.03388205605444,31.27479766446562]]]}"
29_20,75.15630221535736,1937.8310999898306,1936.7557354392693,1933.989213219007,31.334405410619677,31.27479766446562,1.557215032212271,75.0950921357059,"{""geodesic"":false,""type"":""Polygon"",""coordinates"":[[[75.0950921357059,31.27479766446562],[75.15630221535736,31.27479766446562],[75.15630221535736,31.334405410619677],[75.0950921357059,31.334405410619677],[75.0950921357059,31.27479766446562]]]}"
29_21,75.21751229500882,1938.3393704925343,1937.4799999909885,1936.1852305168557,31.334405410619677,31.27479766446562,0.7968824926192392,75.15630221535736,"{""geodesic"":false,""type"":""Polygon"",""coordinates"":[[[75.15630221535736,31.27479766446562],[75.21751229500882,31.27479766446562],[75.21751229500882,31.334405410619677],[75.15630221535736,31.334405410619677],[75.15630221535736,31.27479766446562]]]}"
29_22,75.27872237466028,1938.3393704925343,1936.6053251982125,1935.7335370764686,31.334405410619677,31.27479766446562,0.9863558172833035,75.21751229500882,"{""geodesic"":false,""type"":""Polygon"",""coordinates"":[[[75.21751229500882,31.27479766446562],[75.27872237466028,31.27479766446562],[75.27872237466028,31.334405410619677],[75.21751229500882,31.334405410619677],[75.21751229500882,31.27479766446562]]]}"
29_23,75.33993245431174,1939.7073844568708,1937.7809881017433,1936.6669564308313,31.334405410619677,31.27479766446562,1.1917185389737495,75.27872237466028,"{""geodesic"":false,""type"":""Polygon"",""coordinates"":[[[75.27872237466028,31.27479766446562],[75.33993245431174,31.27479766446562],[75.33993245431174,31.334405410619677],[75.27872237466028,31.334405410619677],[75.27872237466028,31.27479766446562]]]}"
29_24,75.4011425339632,1941.2883959920412,1939.6799982534744,1936.6669564308313,31.334405410619677,31.27479766446562,1.753686872336939,75.33993245431174,"{""geodesic"":false,""type"":""Polygon"",""coordinates"":[[[75.33993245431174,31.27479766446562],[75.4011425339632,31.27479766446562],[75.4011425339632,31.334405410619677],[75.33993245431174,31.334405410619677],[75.33993245431174,31.27479766446562]]]}"
29_25,75.46235261361466,1945.5145690784,1942.9233804588148,1940.52108460519,31.334405410619677,31.27479766446562,1.7508278374202308,75.4011425339632,"{""geodesic"":false,""type"":""Polygon"",""coordinates"":[[[75.4011425339632,31.27479766446562],[75.46235261361466,31.27479766446562],[75.46235261361466,31.334405410619677],[75.4011425339632,31.334405410619677],[75.4011425339632,31.27479766446562]]]}"
29_26,75.52356269326613,1945.5145690784,1944.4781002467248,1943.1038654663475,31.334405410619677,31.27479766446562,1.0242319981673322,75.46235261361467,"{""geodesic"":false,""type"":""Polygon"",""coordinates"":[[[75.46235261361467,31.27479766446562],[75.52356269326613,31.27479766446562],[75.52356269326613,31.334405410619677],[75.46235261361467,31.334405410619677],[75.46235261361467,31.27479766446562]]]}"
29_27,75.58477277291759,1943.179551619062,1941.936296996473,1940.7647464027646,31.334405410619677,31.27479766446562,1.0470955964561364,75.52356269326613,"{""geodesic"":false,""type"":""Polygon"",""coordinates"":[[[75.52356269326613,31.27479766446562],[75.58477277291759,31.27479766446562],[75.58477277291759,31.334405410619677],[75.52356269326613,31.334405410619677],[75.52356269326613,31.27479766446562]]]}"
29_28,75.64598285256905,1941.4430105161036,1939.5704144517356,1938.8186109609903,31.334405410619677,31.27479766446562,0.8596664458309056,75.58477277291759,"{""geodesic"":false,""type"":""Polygon"",""coordinates"":[[[75.58477277291759,31.27479766446562],[75.64598285256905,31.27479766446562],[75.64598285256905,31.334405410619677],[75.58477277291759,31.334405410619677],[75.58477277291759,31.27479766446562]]]}"
29_29,75.70719293222051,1940.3023101543781,1938.7312389190838,1935.3287921135063,31.334405410619677,31.27479766446562,1.8945311393934394,75.64598285256905,"{""geodesic"":false,""type"":""Polygon"",""coordinates"":[[[75.64598285256905,31.27479766446562],[75.70719293222051,31.27479766446562],[75.70719293222051,31.334405410619677],[75.64598285256905,31.334405410619677],[75.64598285256905,31.27479766446562]]]}"
29_30,75.76840301187197,1938.2499266740808,1935.168788859588,1933.0236578432866,31.334405410619677,31.27479766446562,1.852636073698877,75.70719293222051,"{""geodesic"":false,""type"":""Polygon"",""coordinates"":[[[75.70719293222051,31.27479766446562],[75.76840301187197,31.27479766446562],[75.76840301187197,31.334405410619677],[75.70719293222051,31.334405410619677],[75.70719293222051,31.27479766446562]]]}"
29_31,75.82961309152343,1935.4254608282495,1932.0098313681187,1931.1874003082078,31.334405410619677,31.27479766446562,1.5263354222284529,75.76840301187197,"{""geodesic"":false,""type"":""Polygon"",""coordinates"":[[[75.76840301187197,31.27479766446562],[75.82961309152343,31.27479766446562],[75.82961309152343,31.334405410619677],[75.76840301187197,31.334405410619677],[75.76840301187197,31.27479766446562]]]}"
29_32,75.89082317117489,1935.0838525665124,1933.3682233934576,1931.805874405152,31.334405410619677,31.27479766446562,1.3466455605341152,75.82961309152343,"{""geodesic"":false,""type"":""Polygon"",""coordinates"":[[[75.82961309152343,31.27479766446562],[75.89082317117489,31.27479766446562],[75.89082317117489,31.334405410619677],[75.82961309152343,31.334405410619677],[75.82961309152343,31.27479766446562]]]}"
29_33,75.95203325082635,1935.0838525665124,1933.1408326943501,1932.524422257664,31.334405410619677,31.27479766446562,1.0099256737298907,75.89082317117489,"{""geodesic"":false,""type"":""Polygon"",""coordinates"":[[[75.89082317117489,31.27479766446562],[75.95203325082635,31.27479766446562],[75.95203325082635,31.334405410619677],[75.89082317117489,31.334405410619677],[75.89082317117489,31.27479766446562]]]}"
29_34,76.0132433304778,1932.9796319736713,1930.4598715649495,1929.5873719509505,31.334405410619677,31.27479766446562,1.2877484321197281,75.95203325082635,"{""geodesic"":false,""type"":""Polygon"",""coordinates"":[[[75.95203325082635,31.27479766446562],[76.0132433304778,31.27479766446562],[76.0132433304778,31.334405410619677],[75.95203325082635,31.334405410619677],[75.95203325082635,31.27479766446562]]]}"
29_35,76.07445341012927,1930.6821674727298,1929.1560953800022,1927.5898978084856,31.334405410619677,31.27479766446562,1.1268776026614125,76.0132433304778,"{""geodesic"":false,""type"":""Polygon"",""coordinates"":[[[76.0132433304778,31.27479766446562],[76.07445341012927,31.27479766446562],[76.07445341012927,31.334405410619677],[76.0132433304778,31.334405410619677],[76.0132433304778,31.27479766446562]]]}"
29_36,76.13566348978073,1928.8209443924152,1927.5768727470097,1925.1304693557624,31.334405410619677,31.27479766446562,1.3873277931861734,76.07445341012927,"{""geodesic"":false,""type"":""Polygon"",""coordinates"":[[[76.07445341012927,31.27479766446562],[76.13566348978073,31.27479766446562],[76.13566348978073,31.334405410619677],[76.07445341012927,31.334405410619677],[76.07445341012927,31.27479766446562]]]}"
29_37,76.19687356943219,1925.3228218288912,1925.060082651776,1924.3770519678733,31.334405410619677,31.27479766446562,0.3536043404863448,76.13566348978073,"{""geodesic"":false,""type"":""Polygon"",""coordinates"":[[[76.13566348978073,31.27479766446562],[76.19687356943219,31.27479766446562],[76.19687356943219,31.334405410619677],[76.13566348978073,31.334405410619677],[76.13566348978073,31.27479766446562]]]}"
29_38,76.25808364908364,1925.6106911033812,1925.0266810388055,1924.3756695882946,31.334405410619677,31.27479766446562,0.5071190799302532,76.19687356943219,"{""geodesic"":false,""type"":""Polygon"",""coordinates"":[[[76.19687356943219,31.27479766446562],[76.25808364908364,31.27479766446562],[76.25808364908364,31.334405410619677],[76.19687356943219,31.334405410619677],[76.19687356943219,31.27479766446562]]]}"
29_39,76.3192937287351,1925.6106911033812,1924.819810797106,1922.7115063073643,31.334405410619677,31.27479766446562,0.9851998828983444,76.25808364908364,"{""geodesic"":false,""type"":""Polygon"",""coordinates"":[[[76.25808364908364,31.27479766446562],[76.3192937287351,31.27479766446562],[76.3192937287351,31.334405410619677],[76.25808364908364,31.334405410619677],[76.25808364908364,31.27479766446562]]]}"
29_40,76.38050380838656,1924.7720882823648,1923.5995952315486,1922.7115063073643,31.334405410619677,31.27479766446562,0.8252271033827718,76.3192937287351,"{""geodesic"":false,""type"":""Polygon"",""coordinates"":[[[76.3192937287351,31.27479766446562],[76.38050380838656,31.27479766446562],[76.38050380838656,31.334405410619677],[76.3192937287351,31.334405410619677],[76.3192937287351,31.27479766446562]]]}"
29_41,76.44171388803802,1923.6857799477646,1922.9589025098976,1922.3365958545414,31.334405410619677,31.27479766446562,0.49389720658359343,76.38050380838656,"{""geodesic"":false,""type"":""Polygon"",""coordinates"":[[[76.38050380838656,31.27479766446562],[76.44171388803802,31.27479766446562],[76.44171388803802,31.334405410619677],[76.38050380838656,31.334405410619677],[76.38050380838656,31.27479766446562]]]}"
29_42,76.5029239676895,1923.191695824554,1921.0977058381625,1918.789608601126,31.334405410619677,31.27479766446562,1.549260226630837,76.44171388803804,"{""geodesic"":false,""type"":""Polygon"",""coordinates"":[[[76.44171388803804,31.27479766446562],[76.5029239676895,31.27479766446562],[76.5029239676895,31.334405410619677],[76.44171388803804,31.334405410619677],[76.44171388803804,31.27479766446562]]]}"
29_43,76.56413404734096,1918.789608601126,1913.879625046472,1906.1327621046848,31.334405410619677,31.27479766446562,6.32842324821217,76.5029239676895,"{""geodesic"":false,""type"":""Polygon"",""coordinates"":[[[76.5029239676895,31.27479766446562],[76.56413404734096,31.27479766446562],[76.56413404734096,31.334405410619677],[76.5029239676895,31.334405410619677],[76.5029239676895,31.27479766446562]]]}"
29_44,76.62534412699242,1929.6942043710505,1908.0561451468373,1906.1327621046848,31.334405410619677,31.27479766446562,11.780721133191417,76.56413404734096,"{""geodesic"":false,""type"":""Polygon"",""coordinates"":[[[76.56413404734096,31.27479766446562],[76.62534412699242,31.27479766446562],[76.62534412699242,31.334405410619677],[76.56413404734096,31.334405410619677],[76.56413404734096,31.27479766446562]]]}"
30_11,74.60541149849422,1949.8228533945767,1948.9917188812867,1945.4697702662554,31.394013156773735,31.334405410619677,1.6387334756332694,74.54420141884276,"{""geodesic"":false,""type"":""Polygon"",""coordinates"":[[[74.54420141884276,31.334405410619677],[74.60541149849422,31.334405410619677],[74.60541149849422,31.394013156773735],[74.54420141884276,31.394013156773735],[74.54420141884276,31.334405410619677]]]}"
30_12,74.66662157814568,1946.164918372419,1945.3824616017696,1944.1883510285345,31.394013156773735,31.334405410619677,0.7354214424198529,74.60541149849422,"{""geodesic"":false,""type"":""Polygon"",""coordinates"":[[[74.60541149849422,31.334405410619677],[74.66662157814568,31.334405410619677],[74.66662157814568,31.394013156773735],[74.60541149849422,31.394013156773735],[74.60541149849422,31.334405410619677]]]}"
30_13,74.72783165779714,1945.7371139406823,1945.063574441519,1944.1883510285345,31.394013156773735,31.334405410619677,0.6317576639224419,74.66662157814568,"{""geodesic"":false,""type"":""Polygon"",""coordinates"":[[[74.66662157814568,31.334405410619677],[74.72783165779714,31.334405410619677],[74.72783165779714,31.394013156773735],[74.66662157814568,31.394013156773735],[74.66662157814568,31.334405410619677]]]}"
30_14,74.7890417374486,1945.7371139406823,1943.3467081840868,1939.0863721870887,31.394013156773735,31.334405410619677,2.5581614976098748,74.72783165779714,"{""geodesic"":false,""type"":""Polygon"",""coordinates"":[[[74.72783165779714,31.334405410619677],[74.7890417374486,31.334405410619677],[74.7890417374486,31.394013156773735],[74.72783165779714,31.394013156773735],[74.72783165779714,31.334405410619677]]]}"
30_15,74.85025181710006,1939.8840263405884,1938.240050748386,1935.9692693551124,31.394013156773735,31.334405410619677,1.6635208763738276,74.7890417374486,"{""geodesic"":false,""type"":""Polygon"",""coordinates"":[[[74.7890417374486,31.334405410619677],[74.85025181710006,31.334405410619677],[74.85025181710006,31.394013156773735],[74.7890417374486,31.394013156773735],[74.7890417374486,31.334405410619677]]]}"
30_16,74.91146189675152,1936.483867427676,1935.6610463440295,1935.3150331676998,31.394013156773735,31.334405410619677,0.4548761688138719,74.85025181710006,"{""geodesic"":false,""type"":""Polygon"",""coordinates"":[[[74.85025181710006,31.334405410619677],[74.91146189675152,31.334405410619677],[74.91146189675152,31.394013156773735],[74.85025181710006,31.394013156773735],[74.85025181710006,31.334405410619677]]]}"
30_17,74.97267197640298,1935.4886530432218,1933.5737302352877,1932.1089622641184,31.394013156773735,31.334405410619677,1.358485927045118,74.91146189675152,"{""geodesic"":false,""type"":""Polygon"",""coordinates"":[[[74.91146189675152,31.334405410619677],[74.97267197640298,31.334405410619677],[74.97267197640298,31.394013156773735],[74.91146189675152,31.394013156773735],[74.91146189675152,31.334405410619677]]]}"
30_18,75.03388205605444,1932.7145345821261,1931.7517637490598,1930.6245726167547,31.394013156773735,31.334405410619677,0.7717300901967115,74.97267197640298,"{""geodesic"":false,""type"":""Polygon"",""coordinates"":[[[74.97267197640298,31.334405410619677],[75.03388205605444,31.334405410619677],[75.03388205605444,31.394013156773735],[74.97267197640298,31.394013156773735],[74.97267197640298,31.334405410619677]]]}"
30_19,75.0950921357059,1934.2713176549814,1932.4916571831345,1930.6245726167547,31.394013156773735,31.334405410619677,1.29532805408019,75.03388205605444,"{""geodesic"":false,""type"":""Polygon"",""coordinates"":[[[75.03388205605444,31.334405410619677],[75.0950921357059,31.334405410619677],[75.0950921357059,31.394013156773735],[75.03388205605444,31.394013156773735],[75.03388205605444,31.334405410619677]]]}"
30_20,75.15630221535736,1937.6326541449814,1937.219594004907,1932.677019685824,31.394013156773735,31.334405410619677,1.9155859783052833,75.0950921357059,"{""geodesic"":false,""type"":""Polygon"",""coordinates"":[[[75.0950921357059,31.334405410619677],[75.15630221535736,31.334405410619677],[75.15630221535736,31.394013156773735],[75.0950921357059,31.394013156773735],[75.0950921357059,31.334405410619677]]]}"
30_21,75.21751229500882,1937.3767228389472,1936.5546392162923,1935.8107504488557,31.394013156773735,31.334405410619677,0.6251950399236731,75.15630221535736,"{""geodesic"":false,""type"":""Polygon"",""coordinates"":[[[75.15630221535736,31.334405410619677],[75.21751229500882,31.334405410619677],[75.21751229500882,31.394013156773735],[75.15630221535736,31.394013156773735],[75.15630221535736,31.334405410619677]]]}"
30_22,75.27872237466028,1936.1852305168557,1935.7808251852882,1935.731768562272,31.394013156773735,31.334405410619677,0.18743218621157817,75.21751229500882,"{""geodesic"":false,""type"":""Polygon"",""coordinates"":[[[75.21751229500882,31.334405410619677],[75.27872237466028,31.334405410619677],[75.27872237466028,31.394013156773735],[75.21751229500882,31.394013156773735],[75.21751229500882,31.334405410619677]]]}"
30_23,75.33993245431174,1936.9887719058238,1936.2393055908763,1935.7415571568708,31.394013156773735,31.334405410619677,0.46430951461680775,75.27872237466028,"{""geodesic"":false,""type"":""Polygon"",""coordinates"":[[[75.27872237466028,31.334405410619677],[75.33993245431174,31.334405410619677],[75.33993245431174,31.394013156773735],[75.27872237466028,31.394013156773735],[75.27872237466028,31.334405410619677]]]}"
30_24,75.4011425339632,1940.52108460519,1938.0803958373826,1936.6440577861028,31.394013156773735,31.334405410619677,1.6300530581874582,75.33993245431174,"{""geodesic"":false,""type"":""Polygon"",""coordinates"":[[[75.33993245431174,31.334405410619677],[75.4011425339632,31.334405410619677],[75.4011425339632,31.394013156773735],[75.33993245431174,31.394013156773735],[75.33993245431174,31.334405410619677]]]}"
30_25,75.46235261361466,1944.6983389220634,1941.0600319094397,1938.8865379670447,31.394013156773735,31.334405410619677,1.9413790560198714,75.4011425339632,"{""geodesic"":false,""type"":""Polygon"",""coordinates"":[[[75.4011425339632,31.334405410619677],[75.46235261361466,31.334405410619677],[75.46235261361466,31.394013156773735],[75.4011425339632,31.394013156773735],[75.4011425339632,31.334405410619677]]]}"
30_26,75.52356269326613,1944.6983389220634,1942.8051374691,1941.997590059312,31.394013156773735,31.334405410619677,1.0340972357365354,75.46235261361467,"{""geodesic"":false,""type"":""Polygon"",""coordinates"":[[[75.46235261361467,31.334405410619677],[75.52356269326613,31.334405410619677],[75.52356269326613,31.394013156773735],[75.46235261361467,31.394013156773735],[75.46235261361467,31.334405410619677]]]}"
30_27,75.58477277291759,1943.179551619062,1941.0944275898887,1940.0637974433666,31.394013156773735,31.334405410619677,1.1907725501496635,75.52356269326613,"{""geodesic"":false,""type"":""Polygon"",""coordinates"":[[[75.52356269326613,31.334405410619677],[75.58477277291759,31.334405410619677],[75.58477277291759,31.394013156773735],[75.52356269326613,31.394013156773735],[75.52356269326613,31.334405410619677]]]}"
30_28,75.64598285256905,1940.8298651161583,1940.2464348327028,1939.536525721936,31.394013156773735,31.334405410619677,0.5009410484917668,75.58477277291759,"{""geodesic"":false,""type"":""Polygon"",""coordinates"":[[[75.58477277291759,31.334405410619677],[75.64598285256905,31.334405410619677],[75.64598285256905,31.394013156773735],[75.58477277291759,31.394013156773735],[75.58477277291759,31.334405410619677]]]}"
30_29,75.70719293222051,1940.8298651161583,1938.9800449446734,1935.3287921135063,31.394013156773735,31.334405410619677,2.1147098672477216,75.64598285256905,"{""geodesic"":false,""type"":""Polygon"",""coordinates"":[[[75.64598285256905,31.334405410619677],[75.70719293222051,31.334405410619677],[75.70719293222051,31.394013156773735],[75.64598285256905,31.394013156773735],[75.64598285256905,31.334405410619677]]]}"
30_30,75.76840301187197,1937.227663711981,1935.0201575625047,1933.0236578432866,31.394013156773735,31.334405410619677,1.5097004375473917,75.70719293222051,"{""geodesic"":false,""type"":""Polygon"",""coordinates"":[[[75.70719293222051,31.334405410619677],[75.76840301187197,31.334405410619677],[75.76840301187197,31.394013156773735],[75.70719293222051,31.394013156773735],[75.70719293222051,31.334405410619677]]]}"
30_31,75.82961309152343,1936.1324688756272,1934.4116430693055,1931.8816123743288,31.394013156773735,31.334405410619677,1.3741415170082567,75.76840301187197,"{""geodesic"":false,""type"":""Polygon"",""coordinates"":[[[75.76840301187197,31.334405410619677],[75.82961309152343,31.334405410619677],[75.82961309152343,31.394013156773735],[75.76840301187197,31.394013156773735],[75.76840301187197,31.334405410619677]]]}"
30_32,75.89082317117489,1936.1324688756272,1935.6622195031775,1934.4629087863368,31.394013156773735,31.334405410619677,0.6613911031911087,75.82961309152343,"{""geodesic"":false,""type"":""Polygon"",""coordinates"":[[[75.82961309152343,31.334405410619677],[75.89082317117489,31.334405410619677],[75.89082317117489,31.394013156773735],[75.82961309152343,31.394013156773735],[75.82961309152343,31.334405410619677]]]}"
30_33,75.95203325082635,1935.885250830635,1933.6920526868648,1932.8449518999723,31.394013156773735,31.334405410619677,1.3149346713726897,75.89082317117489,"{""geodesic"":false,""type"":""Polygon"",""coordinates"":[[[75.89082317117489,31.334405410619677],[75.95203325082635,31.334405410619677],[75.95203325082635,31.394013156773735],[75.89082317117489,31.394013156773735],[75.89082317117489,31.334405410619677]]]}"
30_34,76.0132433304778,1932.9921914715003,1929.9967635711305,1928.5500221303787,31.394013156773735,31.334405410619677,1.6358520271658743,75.95203325082635,"{""geodesic"":false,""type"":""Polygon"",""coordinates"":[[[75.95203325082635,31.334405410619677],[76.0132433304778,31.334405410619677],[76.0132433304778,31.394013156773735],[75.95203325082635,31.394013156773735],[75.95203325082635,31.334405410619677]]]}"
30_35,76.07445341012927,1929.5873719509505,1928.129017077662,1927.4377717318628,31.394013156773735,31.334405410619677,0.861280322910954,76.0132433304778,"{""geodesic"":false,""type"":""Polygon"",""coordinates"":[[[76.0132433304778,31.334405410619677],[76.07445341012927,31.334405410619677],[76.07445341012927,31.394013156773735],[76.0132433304778,31.394013156773735],[76.0132433304778,31.334405410619677]]]}"
30_36,76.13566348978073,1927.5898978084856,1926.4586703449852,1923.5061513082824,31.394013156773735,31.334405410619677,1.42448120244896,76.07445341012927,"{""geodesic"":false,""type"":""Polygon"",""coordinates"":[[[76.07445341012927,31.334405410619677],[76.13566348978073,31.334405410619677],[76.13566348978073,31.394013156773735],[76.07445341012927,31.394013156773735],[76.07445341012927,31.334405410619677]]]}"
30_37,76.19687356943219,1925.1304693557624,1924.712539552897,1923.5061513082824,31.394013156773735,31.334405410619677,0.7211053263560572,76.13566348978073,"{""geodesic"":false,""type"":""Polygon"",""coordinates"":[[[76.13566348978073,31.334405410619677],[76.19687356943219,31.334405410619677],[76.19687356943219,31.394013156773735],[76.13566348978073,31.394013156773735],[76.13566348978073,31.334405410619677]]]}"
30_39,76.3192937287351,1924.3756695882946,1923.601567487382,1922.7115063073643,31.394013156773735,31.334405410619677,0.7052256546720604,76.25808364908364,"{""geodesic"":false,""type"":""Polygon"",""coordinates"":[[[76.25808364908364,31.334405410619677],[76.3192937287351,31.334405410619677],[76.3192937287351,31.394013156773735],[76.25808364908364,31.394013156773735],[76.25808364908364,31.334405410619677]]]}"
30_40,76.38050380838656,1922.852870774013,1922.539264570318,1921.8981729291138,31.394013156773735,31.334405410619677,0.3932879256143023,76.3192937287351,"{""geodesic"":false,""type"":""Polygon"",""coordinates"":[[[76.3192937287351,31.334405410619677],[76.38050380838656,31.334405410619677],[76.38050380838656,31.394013156773735],[76.3192937287351,31.394013156773735],[76.3192937287351,31.334405410619677]]]}"
30_41,76.44171388803802,1922.8295118865562,1922.13886204497,1918.770967318042,31.394013156773735,31.334405410619677,1.5864165383020061,76.38050380838656,"{""geodesic"":false,""type"":""Polygon"",""coordinates"":[[[76.38050380838656,31.334405410619677],[76.44171388803802,31.334405410619677],[76.44171388803802,31.394013156773735],[76.38050380838656,31.394013156773735],[76.38050380838656,31.334405410619677]]]}"
31_11,74.60541149849422,1953.0667296391787,1951.0312212319284,1949.247568022142,31.453620902927792,31.394013156773735,1.6812588473962302,74.54420141884276,"{""geodesic"":false,""type"":""Polygon"",""coordinates"":[[[74.54420141884276,31.394013156773735],[74.60541149849422,31.394013156773735],[74.60541149849422,31.453620902927792],[74.54420141884276,31.453620902927792],[74.54420141884276,31.394013156773735]]]}"
31_12,74.66662157814568,1949.641053228977,1948.37541339607,1944.1883510285345,31.453620902927792,31.394013156773735,1.937127663998539,74.60541149849422,"{""geodesic"":false,""type"":""Polygon"",""coordinates"":[[[74.60541149849422,31.394013156773735],[74.66662157814568,31.394013156773735],[74.66662157814568,31.453620902927792],[74.60541149849422,31.453620902927792],[74.60541149849422,31.394013156773735]]]}"
31_13,74.72783165779714,1947.2597273584952,1945.6816446098876,1944.1883510285345,31.453620902927792,31.394013156773735,1.098887821130489,74.66662157814568,"{""geodesic"":false,""type"":""Polygon"",""coordinates"":[[[74.66662157814568,31.394013156773735],[74.72783165779714,31.394013156773735],[74.72783165779714,31.453620902927792],[74.66662157814568,31.453620902927792],[74.66662157814568,31.394013156773735]]]}"
31_14,74.7890417374486,1945.3278625430642,1941.677610096284,1937.1901730541742,31.453620902927792,31.394013156773735,3.0603444003306204,74.72783165779714,"{""geodesic"":false,""type"":""Polygon"",""coordinates"":[[[74.72783165779714,31.394013156773735],[74.7890417374486,31.394013156773735],[74.7890417374486,31.453620902927792],[74.72783165779714,31.453620902927792],[74.72783165779714,31.394013156773735]]]}"
31_15,74.85025181710006,1939.0863721870887,1937.544864098871,1935.9692693551124,31.453620902927792,31.394013156773735,0.9604399344004096,74.7890417374486,"{""geodesic"":false,""type"":""Polygon"",""coordinates"":[[[74.7890417374486,31.394013156773735],[74.85025181710006,31.394013156773735],[74.85025181710006,31.453620902927792],[74.7890417374486,31.453620902927792],[74.7890417374486,31.394013156773735]]]}"
31_16,74.91146189675152,1938.266087229399,1937.4477235011786,1935.3150331676998,31.453620902927792,31.394013156773735,1.0004455190505672,74.85025181710006,"{""geodesic"":false,""type"":""Polygon"",""coordinates"":[[[74.85025181710006,31.394013156773735],[74.91146189675152,31.394013156773735],[74.91146189675152,31.453620902927792],[74.85025181710006,31.453620902927792],[74.85025181710006,31.394013156773735]]]}"
31_17,74.97267197640298,1938.1353315404253,1936.2354918276092,1932.1089622641184,31.453620902927792,31.394013156773735,1.8691628343074744,74.91146189675152,"{""geodesic"":false,""type"":""Polygon"",""coordinates"":[[[74.91146189675152,31.394013156773735],[74.97267197640298,31.394013156773735],[74.97267197640298,31.453620902927792],[74.91146189675152,31.453620902927792],[74.91146189675152,31.394013156773735]]]}"
31_18,75.03388205605444,1936.6316255102042,1934.5691629413848,1930.6245726167547,31.453620902927792,31.394013156773735,2.195497882981079,74.97267197640298,"{""geodesic"":false,""type"":""Polygon"",""coordinates"":[[[74.97267197640298,31.394013156773735],[75.03388205605444,31.394013156773735],[75.03388205605444,31.453620902927792],[74.97267197640298,31.453620902927792],[74.97267197640298,31.394013156773735]]]}"
31_19,75.0950921357059,1936.5349106891274,1933.4386529204976,1930.6245726167547,31.453620902927792,31.394013156773735,1.871353474166626,75.03388205605444,"{""geodesic"":false,""type"":""Polygon"",""coordinates"":[[[75.03388205605444,31.394013156773735],[75.0950921357059,31.394013156773735],[75.0950921357059,31.453620902927792],[75.03388205605444,31.453620902927792],[75.03388205605444,31.394013156773735]]]}"
31_20,75.15630221535736,1937.6326541449814,1934.291556728395,1932.657213944206,31.453620902927792,31.394013156773735,1.6380222575267913,75.0950921357059,"{""geodesic"":false,""type"":""Polygon"",""coordinates"":[[[75.0950921357059,31.394013156773735],[75.15630221535736,31.394013156773735],[75.15630221535736,31.453620902927792],[75.0950921357059,31.453620902927792],[75.0950921357059,31.394013156773735]]]}"
31_21,75.21751229500882,1937.006614482892,1935.5734951694037,1933.8639286885068,31.453620902927792,31.394013156773735,1.0137200733013385,75.15630221535736,"{""geodesic"":false,""type"":""Polygon"",""coordinates"":[[[75.15630221535736,31.394013156773735],[75.21751229500882,31.394013156773735],[75.21751229500882,31.453620902927792],[75.15630221535736,31.453620902927792],[75.15630221535736,31.394013156773735]]]}"
31_22,75.27872237466028,1936.422704328979,1936.2968368283002,1934.9584846545197,31.453620902927792,31.394013156773735,0.5203098089895071,75.21751229500882,"{""geodesic"":false,""type"":""Polygon"",""coordinates"":[[[75.21751229500882,31.394013156773735],[75.27872237466028,31.394013156773735],[75.27872237466028,31.453620902927792],[75.21751229500882,31.453620902927792],[75.21751229500882,31.394013156773735]]]}"
31_23,75.33993245431174,1936.7466215561521,1936.2607498313923,1935.712508575628,31.453620902927792,31.394013156773735,0.40235397949300644,75.27872237466028,"{""geodesic"":false,""type"":""Polygon"",""coordinates"":[[[75.27872237466028,31.394013156773735],[75.33993245431174,31.394013156773735],[75.33993245431174,31.453620902927792],[75.27872237466028,31.453620902927792],[75.27872237466028,31.394013156773735]]]}"
31_24,75.4011425339632,1938.8865379670447,1937.133668947946,1935.712508575628,31.453620902927792,31.394013156773735,1.1375851663798975,75.33993245431174,"{""geodesic"":false,""type"":""Polygon"",""coordinates"":[[[75.33993245431174,31.394013156773735],[75.4011425339632,31.394013156773735],[75.4011425339632,31.453620902927792],[75.33993245431174,31.453620902927792],[75.33993245431174,31.394013156773735]]]}"
31_25,75.46235261361466,1942.388870563517,1939.4581572950356,1936.39134243468,31.453620902927792,31.394013156773735,1.9317069235664264,75.4011425339632,"{""geodesic"":false,""type"":""Polygon"",""coordinates"":[[[75.4011425339632,31.394013156773735],[75.46235261361466,31.394013156773735],[75.46235261361466,31.453620902927792],[75.4011425339632,31.453620902927792],[75.4011425339632,31.394013156773735]]]}"
31_26,75.52356269326613,1942.388870563517,1941.354400796549,1939.1873632449792,31.453620902927792,31.394013156773735,1.1612493845774954,75.46235261361467,"{""geodesic"":false,""type"":""Polygon"",""coordinates"":[[[75.46235261361467,31.394013156773735],[75.52356269326613,31.394013156773735],[75.52356269326613,31.453620902927792],[75.46235261361467,31.453620902927792],[75.46235261361467,31.394013156773735]]]}"
31_27,75.58477277291759,1941.997590059312,1939.4491791950109,1937.628147466066,31.453620902927792,31.394013156773735,1.4064527226398398,75.52356269326613,"{""geodesic"":false,""type"":""Polygon"",""coordinates"":[[[75.52356269326613,31.394013156773735],[75.58477277291759,31.394013156773735],[75.58477277291759,31.453620902927792],[75.52356269326613,31.453620902927792],[75.52356269326613,31.394013156773735]]]}"
31_28,75.64598285256905,1940.8298651161583,1939.0342378586533,1937.5084571041361,31.453620902927792,31.394013156773735,1.1024159266117846,75.58477277291759,"{""geodesic"":false,""type"":""Polygon"",""coordinates"":[[[75.58477277291759,31.394013156773735],[75.64598285256905,31.394013156773735],[75.64598285256905,31.453620902927792],[75.58477277291759,31.453620902927792],[75.58477277291759,31.394013156773735]]]}"
31_29,75.70719293222051,1940.8298651161583,1937.0446771742975,1934.120841945138,31.453620902927792,31.394013156773735,2.308993577758652,75.64598285256905,"{""geodesic"":false,""type"":""Polygon"",""coordinates"":[[[75.64598285256905,31.394013156773735],[75.70719293222051,31.394013156773735],[75.70719293222051,31.453620902927792],[75.64598285256905,31.453620902927792],[75.64598285256905,31.394013156773735]]]}"
31_30,75.76840301187197,1937.227663711981,1934.355589768888,1933.039883092441,31.453620902927792,31.394013156773735,1.259527715993038,75.70719293222051,"{""geodesic"":false,""type"":""Polygon"",""coordinates"":[[[75.70719293222051,31.394013156773735],[75.76840301187197,31.394013156773735],[75.76840301187197,31.453620902927792],[75.70719293222051,31.453620902927792],[75.70719293222051,31.394013156773735]]]}"
31_31,75.82961309152343,1936.1324688756272,1933.666854064804,1930.6787749463513,31.453620902927792,31.394013156773735,1.6206798446367277,75.76840301187197,"{""geodesic"":false,""type"":""Polygon"",""coordinates"":[[[75.76840301187197,31.394013156773735],[75.82961309152343,31.394013156773735],[75.82961309152343,31.453620902927792],[75.76840301187197,31.453620902927792],[75.76840301187197,31.394013156773735]]]}"
31_32,75.89082317117489,1936.1324688756272,1933.479889968693,1930.5542273227002,31.453620902927792,31.394013156773735,2.239425622530647,75.82961309152343,"{""geodesic"":false,""type"":""Polygon"",""coordinates"":[[[75.82961309152343,31.394013156773735],[75.89082317117489,31.394013156773735],[75.89082317117489,31.453620902927792],[75.82961309152343,31.453620902927792],[75.82961309152343,31.394013156773735]]]}"
31_33,75.95203325082635,1935.885250830635,1932.1431188651545,1928.8769105160452,31.453620902927792,31.394013156773735,2.2671230881177644,75.89082317117489,"{""geodesic"":false,""type"":""Polygon"",""coordinates"":[[[75.89082317117489,31.394013156773735],[75.95203325082635,31.394013156773735],[75.95203325082635,31.453620902927792],[75.89082317117489,31.453620902927792],[75.89082317117489,31.394013156773735]]]}"
31_34,76.0132433304778,1932.4192136429024,1930.1458128116142,1927.3183747156554,31.453620902927792,31.394013156773735,1.591962857832588,75.95203325082635,"{""geodesic"":false,""type"":""Polygon"",""coordinates"":[[[75.95203325082635,31.394013156773735],[76.0132433304778,31.394013156773735],[76.0132433304778,31.453620902927792],[75.95203325082635,31.453620902927792],[75.95203325082635,31.394013156773735]]]}"
31_35,76.07445341012927,1929.4180568409834,1928.2205391596567,1926.5612031841317,31.453620902927792,31.394013156773735,0.9185406573964838,76.0132433304778,"{""geodesic"":false,""type"":""Polygon"",""coordinates"":[[[76.0132433304778,31.394013156773735],[76.07445341012927,31.394013156773735],[76.07445341012927,31.453620902927792],[76.0132433304778,31.453620902927792],[76.0132433304778,31.394013156773735]]]}"
31_36,76.13566348978073,1927.8430310426406,1924.7822151426587,1920.5609386010617,31.453620902927792,31.394013156773735,2.427134347746331,76.07445341012927,"{""geodesic"":false,""type"":""Polygon"",""coordinates"":[[[76.07445341012927,31.394013156773735],[76.13566348978073,31.394013156773735],[76.13566348978073,31.453620902927792],[76.07445341012927,31.453620902927792],[76.07445341012927,31.394013156773735]]]}"
31_37,76.19687356943219,1923.5061513082824,1920.8754758804735,1920.5609386010617,31.453620902927792,31.394013156773735,1.472606353742935,76.13566348978073,"{""geodesic"":false,""type"":""Polygon"",""coordinates"":[[[76.13566348978073,31.394013156773735],[76.19687356943219,31.394013156773735],[76.19687356943219,31.453620902927792],[76.13566348978073,31.453620902927792],[76.13566348978073,31.394013156773735]]]}"
31_39,76.3192937287351,1922.852870774013,1919.9106363753594,1919.8405831753919,31.453620902927792,31.394013156773735,1.5061437992849613,76.25808364908364,"{""geodesic"":false,""type"":""Polygon"",""coordinates"":[[[76.25808364908364,31.394013156773735],[76.3192937287351,31.394013156773735],[76.3192937287351,31.453620902927792],[76.25808364908364,31.453620902927792],[76.25808364908364,31.394013156773735]]]}"
31_40,76.38050380838656,1922.852870774013,1919.186526133967,1918.3710222326254,31.453620902927792,31.394013156773735,1.7483271985410938,76.3192937287351,"{""geodesic"":false,""type"":""Polygon"",""coordinates"":[[[76.3192937287351,31.394013156773735],[76.38050380838656,31.394013156773735],[76.38050380838656,31.453620902927792],[76.3192937287351,31.453620902927792],[76.3192937287351,31.394013156773735]]]}"
31_41,76.44171388803802,1921.8981729291138,1918.549909946866,1918.3710222326254,31.453620902927792,31.394013156773735,1.5769225670369897,76.38050380838656,"{""geodesic"":false,""type"":""Polygon"",""coordinates"":[[[76.38050380838656,31.394013156773735],[76.44171388803802,31.394013156773735],[76.44171388803802,31.453620902927792],[76.38050380838656,31.453620902927792],[76.38050380838656,31.394013156773735]]]}"
32_12,74.66662157814568,1949.688423000147,1948.8672371917621,1947.2597273584952,31.513228649081853,31.453620902927796,1.1292625839581638,74.60541149849422,"{""geodesic"":false,""type"":""Polygon"",""coordinates"":[[[74.60541149849422,31.453620902927796],[74.66662157814568,31.453620902927796],[74.66662157814568,31.513228649081853],[74.60541149849422,31.513228649081853],[74.60541149849422,31.453620902927796]]]}"
32_13,74.72783165779714,1947.5752983049936,1946.0284670284937,1944.510624464366,31.513228649081853,31.453620902927796,1.3000395261404878,74.66662157814568,"{""geodesic"":false,""type"":""Polygon"",""coordinates"":[[[74.66662157814568,31.453620902927796],[74.72783165779714,31.453620902927796],[74.72783165779714,31.513228649081853],[74.66662157814568,31.513228649081853],[74.66662157814568,31.453620902927796]]]}"
32_14,74.7890417374486,1945.2500591882872,1941.2965400394787,1937.3609931187161,31.513228649081853,31.453620902927796,2.6653290169530566,74.72783165779714,"{""geodesic"":false,""type"":""Polygon"",""coordinates"":[[[74.72783165779714,31.453620902927796],[74.7890417374486,31.453620902927796],[74.7890417374486,31.513228649081853],[74.72783165779714,31.513228649081853],[74.72783165779714,31.453620902927796]]]}"
32_15,74.85025181710006,1941.0323449594953,1938.8360594338435,1937.3609931187161,31.513228649081853,31.453620902927796,1.4883827349461671,74.7890417374486,"{""geodesic"":false,""type"":""Polygon"",""coordinates"":[[[74.7890417374486,31.453620902927796],[74.85025181710006,31.453620902927796],[74.85025181710006,31.513228649081853],[74.7890417374486,31.513228649081853],[74.7890417374486,31.453620902927796]]]}"
32_16,74.91146189675152,1939.415860789214,1937.7181582142784,1937.0535987631208,31.513228649081853,31.453620902927796,0.9138652156096004,74.85025181710006,"{""geodesic"":false,""type"":""Polygon"",""coordinates"":[[[74.85025181710006,31.453620902927796],[74.91146189675152,31.453620902927796],[74.91146189675152,31.513228649081853],[74.85025181710006,31.513228649081853],[74.85025181710006,31.453620902927796]]]}"
32_17,74.97267197640298,1938.3142063208568,1937.9695824827659,1936.6316255102042,31.513228649081853,31.453620902927796,0.6181143910970073,74.91146189675152,"{""geodesic"":false,""type"":""Polygon"",""coordinates"":[[[74.91146189675152,31.453620902927796],[74.97267197640298,31.453620902927796],[74.97267197640298,31.513228649081853],[74.91146189675152,31.513228649081853],[74.91146189675152,31.453620902927796]]]}"
32_18,75.03388205605444,1938.1454639633332,1937.281724864709,1936.5349106891274,31.513228649081853,31.453620902927796,0.7640671240753443,74.97267197640298,"{""geodesic"":false,""type"":""Polygon"",""coordinates"":[[[74.97267197640298,31.453620902927796],[75.03388205605444,31.453620902927796],[75.03388205605444,31.513228649081853],[74.97267197640298,31.513228649081853],[74.97267197640298,31.453620902927796]]]}"
32_19,75.0950921357059,1938.1454639633332,1936.0309154319493,1934.964802315435,31.513228649081853,31.453620902927796,1.1543054780058573,75.03388205605444,"{""geodesic"":false,""type"":""Polygon"",""coordinates"":[[[75.03388205605444,31.453620902927796],[75.0950921357059,31.453620902927796],[75.0950921357059,31.513228649081853],[75.03388205605444,31.513228649081853],[75.03388205605444,31.453620902927796]]]}"
32_20,75.15630221535736,1935.94716285688,1934.2109327593628,1932.7902288585717,31.513228649081853,31.453620902927796,0.9674341554634227,75.0950921357059,"{""geodesic"":false,""type"":""Polygon"",""coordinates"":[[[75.0950921357059,31.453620902927796],[75.15630221535736,31.453620902927796],[75.15630221535736,31.513228649081853],[75.0950921357059,31.513228649081853],[75.0950921357059,31.453620902927796]]]}"
32_21,75.21751229500882,1934.9584846545197,1933.9247912428766,1932.7902288585717,31.513228649081853,31.453620902927796,0.7720440642128775,75.15630221535736,"{""geodesic"":false,""type"":""Polygon"",""coordinates"":[[[75.15630221535736,31.453620902927796],[75.21751229500882,31.453620902927796],[75.21751229500882,31.513228649081853],[75.15630221535736,31.513228649081853],[75.15630221535736,31.453620902927796]]]}"
32_22,75.27872237466028,1936.319722964161,1935.694140057882,1934.0821280035889,31.513228649081853,31.453620902927796,0.8585874297366718,75.21751229500882,"{""geodesic"":false,""type"":""Polygon"",""coordinates"":[[[75.21751229500882,31.453620902927796],[75.27872237466028,31.453620902927796],[75.27872237466028,31.513228649081853],[75.21751229500882,31.513228649081853],[75.21751229500882,31.453620902927796]]]}"
32_23,75.33993245431174,1936.7466215561521,1935.7961029552869,1934.7992257829785,31.513228649081853,31.453620902927796,0.6956288332712501,75.27872237466028,"{""geodesic"":false,""type"":""Polygon"",""coordinates"":[[[75.27872237466028,31.453620902927796],[75.33993245431174,31.453620902927796],[75.33993245431174,31.513228649081853],[75.27872237466028,31.513228649081853],[75.27872237466028,31.453620902927796]]]}"
32_24,75.4011425339632,1936.39134243468,1935.8852581772958,1935.5307059589684,31.513228649081853,31.453620902927796,0.32366156024481707,75.33993245431174,"{""geodesic"":false,""type"":""Polygon"",""coordinates"":[[[75.33993245431174,31.453620902927796],[75.4011425339632,31.453620902927796],[75.4011425339632,31.513228649081853],[75.33993245431174,31.513228649081853],[75.33993245431174,31.453620902927796]]]}"
32_25,75.46235261361466,1940.2004200270865,1936.563326727249,1935.4901846206387,31.513228649081853,31.453620902927796,1.5554845155152965,75.4011425339632,"{""geodesic"":false,""type"":""Polygon"",""coordinates"":[[[75.4011425339632,31.453620902927796],[75.46235261361466,31.453620902927796],[75.46235261361466,31.513228649081853],[75.4011425339632,31.513228649081853],[75.4011425339632,31.453620902927796]]]}"
32_26,75.52356269326613,1940.2004200270865,1938.4747660722953,1936.5093240100514,31.513228649081853,31.453620902927796,1.5272595430842162,75.46235261361467,"{""geodesic"":false,""type"":""Polygon"",""coordinates"":[[[75.46235261361467,31.453620902927796],[75.52356269326613,31.453620902927796],[75.52356269326613,31.513228649081853],[75.46235261361467,31.513228649081853],[75.46235261361467,31.453620902927796]]]}"
32_27,75.58477277291759,1939.1873632449792,1937.2851521730643,1935.878134529694,31.513228649081853,31.453620902927796,1.2566511560015994,75.52356269326613,"{""geodesic"":false,""type"":""Polygon"",""coordinates"":[[[75.52356269326613,31.453620902927796],[75.58477277291759,31.453620902927796],[75.58477277291759,31.513228649081853],[75.52356269326613,31.513228649081853],[75.52356269326613,31.453620902927796]]]}"
32_28,75.64598285256905,1938.4294832484113,1937.2115828038131,1934.2002621137908,31.513228649081853,31.453620902927796,1.385848372613741,75.58477277291759,"{""geodesic"":false,""type"":""Polygon"",""coordinates"":[[[75.58477277291759,31.453620902927796],[75.64598285256905,31.453620902927796],[75.64598285256905,31.513228649081853],[75.58477277291759,31.513228649081853],[75.58477277291759,31.453620902927796]]]}"
32_29,75.70719293222051,1937.5084571041361,1934.9587912201866,1932.4486892950422,31.513228649081853,31.453620902927796,1.8352750175184205,75.64598285256905,"{""geodesic"":false,""type"":""Polygon"",""coordinates"":[[[75.64598285256905,31.453620902927796],[75.70719293222051,31.453620902927796],[75.70719293222051,31.513228649081853],[75.64598285256905,31.513228649081853],[75.64598285256905,31.453620902927796]]]}"
32_30,75.76840301187197,1934.120841945138,1932.7542895158176,1931.7357119549545,31.513228649081853,31.453620902927796,0.873646122455587,75.70719293222051,"{""geodesic"":false,""type"":""Polygon"",""coordinates"":[[[75.70719293222051,31.453620902927796],[75.76840301187197,31.453620902927796],[75.76840301187197,31.513228649081853],[75.70719293222051,31.513228649081853],[75.70719293222051,31.453620902927796]]]}"
32_31,75.82961309152343,1933.039883092441,1931.2178051347298,1928.7231880980494,31.513228649081853,31.453620902927796,1.3062811864604804,75.76840301187197,"{""geodesic"":false,""type"":""Polygon"",""coordinates"":[[[75.76840301187197,31.453620902927796],[75.82961309152343,31.453620902927796],[75.82961309152343,31.513228649081853],[75.76840301187197,31.513228649081853],[75.76840301187197,31.453620902927796]]]}"
32_32,75.89082317117489,1930.6787749463513,1929.3098087485894,1926.6186353613834,31.513228649081853,31.453620902927796,1.65066835800607,75.82961309152343,"{""geodesic"":false,""type"":""Polygon"",""coordinates"":[[[75.82961309152343,31.453620902927796],[75.89082317117489,31.453620902927796],[75.89082317117489,31.513228649081853],[75.82961309152343,31.513228649081853],[75.82961309152343,31.453620902927796]]]}"
32_33,75.95203325082635,1930.5542273227002,1928.0262302568192,1926.424353761893,31.513228649081853,31.453620902927796,1.7049691714655348,75.89082317117489,"{""geodesic"":false,""type"":""Polygon"",""coordinates"":[[[75.89082317117489,31.453620902927796],[75.95203325082635,31.453620902927796],[75.95203325082635,31.513228649081853],[75.89082317117489,31.513228649081853],[75.89082317117489,31.453620902927796]]]}"
32_34,76.0132433304778,1928.8769105160452,1926.3786655177983,1923.355574060455,31.513228649081853,31.453620902927796,2.1134488635129247,75.95203325082635,"{""geodesic"":false,""type"":""Polygon"",""coordinates"":[[[75.95203325082635,31.453620902927796],[76.0132433304778,31.453620902927796],[76.0132433304778,31.513228649081853],[75.95203325082635,31.513228649081853],[75.95203325082635,31.453620902927796]]]}"
32_35,76.07445341012927,1927.3183747156554,1925.0358397662537,1922.2774970740627,31.513228649081853,31.453620902927796,2.1135868692814834,76.0132433304778,"{""geodesic"":false,""type"":""Polygon"",""coordinates"":[[[76.0132433304778,31.453620902927796],[76.07445341012927,31.453620902927796],[76.07445341012927,31.513228649081853],[76.0132433304778,31.513228649081853],[76.0132433304778,31.453620902927796]]]}"
32_36,76.13566348978073,1926.5612031841317,1923.3127973439969,1921.9580218597278,31.513228649081853,31.453620902927796,1.8297187719280836,76.07445341012927,"{""geodesic"":false,""type"":""Polygon"",""coordinates"":[[[76.07445341012927,31.453620902927796],[76.13566348978073,31.453620902927796],[76.13566348978073,31.513228649081853],[76.07445341012927,31.513228649081853],[76.07445341012927,31.453620902927796]]]}"
33_11,74.60541149849422,1958.2048666352432,1957.7962242721194,1952.8925159146336,31.57283639523591,31.513228649081853,2.6561753602620586,74.54420141884276,"{""geodesic"":false,""type"":""Polygon"",""coordinates"":[[[74.54420141884276,31.513228649081853],[74.60541149849422,31.513228649081853],[74.60541149849422,31.57283639523591],[74.54420141884276,31.57283639523591],[74.54420141884276,31.513228649081853]]]}"
33_12,74.66662157814568,1952.8925159146336,1950.9506058646768,1947.5752983049936,31.57283639523591,31.513228649081853,2.000307759921832,74.60541149849422,"{""geodesic"":false,""type"":""Polygon"",""coordinates"":[[[74.60541149849422,31.513228649081853],[74.66662157814568,31.513228649081853],[74.66662157814568,31.57283639523591],[74.60541149849422,31.57283639523591],[74.60541149849422,31.513228649081853]]]}"
33_13,74.72783165779714,1948.5598081539613,1946.809520050873,1945.2500591882872,31.57283639523591,31.513228649081853,1.354738449442872,74.66662157814568,"{""geodesic"":false,""type"":""Polygon"",""coordinates"":[[[74.66662157814568,31.513228649081853],[74.72783165779714,31.513228649081853],[74.72783165779714,31.57283639523591],[74.66662157814568,31.57283639523591],[74.66662157814568,31.513228649081853]]]}"
33_14,74.7890417374486,1945.6841108937072,1942.4968170113846,1941.0323449594953,31.57283639523591,31.513228649081853,1.873786284592115,74.72783165779714,"{""geodesic"":false,""type"":""Polygon"",""coordinates"":[[[74.72783165779714,31.513228649081853],[74.7890417374486,31.513228649081853],[74.7890417374486,31.57283639523591],[74.72783165779714,31.57283639523591],[74.72783165779714,31.513228649081853]]]}"
33_15,74.85025181710006,1942.253467520854,1941.1411059979653,1939.415860789214,31.57283639523591,31.513228649081853,1.1221444648679395,74.7890417374486,"{""geodesic"":false,""type"":""Polygon"",""coordinates"":[[[74.7890417374486,31.513228649081853],[74.85025181710006,31.513228649081853],[74.85025181710006,31.57283639523591],[74.7890417374486,31.57283639523591],[74.7890417374486,31.513228649081853]]]}"
33_16,74.91146189675152,1939.7546810816439,1939.020099482707,1937.0535987631208,31.57283639523591,31.513228649081853,1.0635512144511414,74.85025181710006,"{""geodesic"":false,""type"":""Polygon"",""coordinates"":[[[74.85025181710006,31.513228649081853],[74.91146189675152,31.513228649081853],[74.91146189675152,31.57283639523591],[74.85025181710006,31.57283639523591],[74.85025181710006,31.513228649081853]]]}"
33_17,74.97267197640298,1939.2503082694,1938.1631156702385,1937.0535987631208,31.57283639523591,31.513228649081853,0.6427445930392697,74.91146189675152,"{""geodesic"":false,""type"":""Polygon"",""coordinates"":[[[74.91146189675152,31.513228649081853],[74.97267197640298,31.513228649081853],[74.97267197640298,31.57283639523591],[74.91146189675152,31.57283639523591],[74.91146189675152,31.513228649081853]]]}"
33_18,75.03388205605444,1938.1454639633332,1937.739136335416,1936.9711129532702,31.57283639523591,31.513228649081853,0.47958611522041583,74.97267197640298,"{""geodesic"":false,""type"":""Polygon"",""coordinates"":[[[74.97267197640298,31.513228649081853],[75.03388205605444,31.513228649081853],[75.03388205605444,31.57283639523591],[74.97267197640298,31.57283639523591],[74.97267197640298,31.513228649081853]]]}"
33_19,75.0950921357059,1938.1454639633332,1936.1272796831074,1935.3643227494617,31.57283639523591,31.513228649081853,1.0581920213863119,75.03388205605444,"{""geodesic"":false,""type"":""Polygon"",""coordinates"":[[[75.03388205605444,31.513228649081853],[75.0950921357059,31.513228649081853],[75.0950921357059,31.57283639523591],[75.03388205605444,31.57283639523591],[75.03388205605444,31.513228649081853]]]}"
33_20,75.15630221535736,1935.94716285688,1933.4773478812747,1931.1834701545538,31.57283639523591,31.513228649081853,1.6011699121684526,75.0950921357059,"{""geodesic"":false,""type"":""Polygon"",""coordinates"":[[[75.0950921357059,31.513228649081853],[75.15630221535736,31.513228649081853],[75.15630221535736,31.57283639523591],[75.0950921357059,31.57283639523591],[75.0950921357059,31.513228649081853]]]}"
33_21,75.21751229500882,1934.0821280035889,1931.8433067134788,1931.1834701545538,31.57283639523591,31.513228649081853,1.2089260066814729,75.15630221535736,"{""geodesic"":false,""type"":""Polygon"",""coordinates"":[[[75.15630221535736,31.513228649081853],[75.21751229500882,31.513228649081853],[75.21751229500882,31.57283639523591],[75.15630221535736,31.57283639523591],[75.15630221535736,31.513228649081853]]]}"
33_22,75.27872237466028,1935.8559459625062,1933.8909461985584,1931.2117868683417,31.57283639523591,31.513228649081853,1.6621982119831493,75.21751229500882,"{""geodesic"":false,""type"":""Polygon"",""coordinates"":[[[75.21751229500882,31.513228649081853],[75.27872237466028,31.513228649081853],[75.27872237466028,31.57283639523591],[75.21751229500882,31.57283639523591],[75.21751229500882,31.513228649081853]]]}"
33_23,75.33993245431174,1936.4537130666624,1934.7698875565259,1934.0371165146644,31.57283639523591,31.513228649081853,0.8935845093883833,75.27872237466028,"{""geodesic"":false,""type"":""Polygon"",""coordinates"":[[[75.27872237466028,31.513228649081853],[75.33993245431174,31.513228649081853],[75.33993245431174,31.57283639523591],[75.27872237466028,31.57283639523591],[75.27872237466028,31.513228649081853]]]}"
33_24,75.4011425339632,1937.1781100807955,1936.491906616748,1935.5307059589684,31.57283639523591,31.513228649081853,0.6407105018818766,75.33993245431174,"{""geodesic"":false,""type"":""Polygon"",""coordinates"":[[[75.33993245431174,31.513228649081853],[75.4011425339632,31.513228649081853],[75.4011425339632,31.57283639523591],[75.33993245431174,31.57283639523591],[75.33993245431174,31.513228649081853]]]}"
33_25,75.46235261361466,1937.1781100807955,1935.0651701473469,1934.1831697251598,31.57283639523591,31.513228649081853,1.080579538117586,75.4011425339632,"{""geodesic"":false,""type"":""Polygon"",""coordinates"":[[[75.4011425339632,31.513228649081853],[75.46235261361466,31.513228649081853],[75.46235261361466,31.57283639523591],[75.4011425339632,31.57283639523591],[75.4011425339632,31.513228649081853]]]}"
33_26,75.52356269326613,1936.9766862816607,1935.2059032983623,1934.0191032995822,31.57283639523591,31.513228649081853,1.2134851050387037,75.46235261361467,"{""geodesic"":false,""type"":""Polygon"",""coordinates"":[[[75.46235261361467,31.513228649081853],[75.52356269326613,31.513228649081853],[75.52356269326613,31.57283639523591],[75.46235261361467,31.57283639523591],[75.46235261361467,31.513228649081853]]]}"
33_27,75.58477277291759,1936.5093240100514,1935.5569710343536,1934.0191032995822,31.57283639523591,31.513228649081853,0.9673871918538145,75.52356269326613,"{""geodesic"":false,""type"":""Polygon"",""coordinates"":[[[75.52356269326613,31.513228649081853],[75.58477277291759,31.513228649081853],[75.58477277291759,31.57283639523591],[75.52356269326613,31.57283639523591],[75.52356269326613,31.513228649081853]]]}"
33_28,75.64598285256905,1936.3871879692779,1935.579056829465,1933.658893672371,31.57283639523591,31.513228649081853,1.0219398611134498,75.58477277291759,"{""geodesic"":false,""type"":""Polygon"",""coordinates"":[[[75.58477277291759,31.513228649081853],[75.64598285256905,31.513228649081853],[75.64598285256905,31.57283639523591],[75.58477277291759,31.57283639523591],[75.58477277291759,31.513228649081853]]]}"
33_29,75.70719293222051,1934.2002621137908,1932.7019904769284,1930.3762878214345,31.57283639523591,31.513228649081853,1.4688177682835997,75.64598285256905,"{""geodesic"":false,""type"":""Polygon"",""coordinates"":[[[75.64598285256905,31.513228649081853],[75.70719293222051,31.513228649081853],[75.70719293222051,31.57283639523591],[75.64598285256905,31.57283639523591],[75.64598285256905,31.513228649081853]]]}"
33_30,75.76840301187197,1932.4486892950422,1930.3735408326966,1929.3579389767322,31.57283639523591,31.513228649081853,1.1962126370754786,75.70719293222051,"{""geodesic"":false,""type"":""Polygon"",""coordinates"":[[[75.70719293222051,31.513228649081853],[75.76840301187197,31.513228649081853],[75.76840301187197,31.57283639523591],[75.70719293222051,31.57283639523591],[75.70719293222051,31.513228649081853]]]}"
33_31,75.82961309152343,1931.7357119549545,1929.6289744668545,1926.2241272521053,31.57283639523591,31.513228649081853,1.8186712926234463,75.76840301187197,"{""geodesic"":false,""type"":""Polygon"",""coordinates"":[[[75.76840301187197,31.513228649081853],[75.82961309152343,31.513228649081853],[75.82961309152343,31.57283639523591],[75.76840301187197,31.57283639523591],[75.76840301187197,31.513228649081853]]]}"
33_32,75.89082317117489,1928.7231880980494,1926.0119156166384,1924.1622509479087,31.57283639523591,31.513228649081853,1.618591014569016,75.82961309152343,"{""geodesic"":false,""type"":""Polygon"",""coordinates"":[[[75.82961309152343,31.513228649081853],[75.89082317117489,31.513228649081853],[75.89082317117489,31.57283639523591],[75.82961309152343,31.57283639523591],[75.82961309152343,31.513228649081853]]]}"
33_33,75.95203325082635,1926.6186353613834,1924.5097205571208,1923.5069504731791,31.57283639523591,31.513228649081853,1.3650073804479517,75.89082317117489,"{""geodesic"":false,""type"":""Polygon"",""coordinates"":[[[75.89082317117489,31.513228649081853],[75.95203325082635,31.513228649081853],[75.95203325082635,31.57283639523591],[75.89082317117489,31.57283639523591],[75.89082317117489,31.513228649081853]]]}"
33_34,76.0132433304778,1926.424353761893,1921.169851916274,1918.586815674591,31.57283639523591,31.513228649081853,2.5521549716775414,75.95203325082635,"{""geodesic"":false,""type"":""Polygon"",""coordinates"":[[[75.95203325082635,31.513228649081853],[76.0132433304778,31.513228649081853],[76.0132433304778,31.57283639523591],[75.95203325082635,31.57283639523591],[75.95203325082635,31.513228649081853]]]}"
33_35,76.07445341012927,1923.355574060455,1919.8051897036444,1918.4951846916617,31.57283639523591,31.513228649081853,2.171723159899908,76.0132433304778,"{""geodesic"":false,""type"":""Polygon"",""coordinates"":[[[76.0132433304778,31.513228649081853],[76.07445341012927,31.513228649081853],[76.07445341012927,31.57283639523591],[76.0132433304778,31.57283639523591],[76.0132433304778,31.513228649081853]]]}"
33_36,76.13566348978073,1922.2774970740627,1920.5510179999321,1918.4951846916617,31.57283639523591,31.513228649081853,1.7126714875436932,76.07445341012927,"{""geodesic"":false,""type"":""Polygon"",""coordinates"":[[[76.07445341012927,31.513228649081853],[76.13566348978073,31.513228649081853],[76.13566348978073,31.57283639523591],[76.07445341012927,31.57283639523591],[76.07445341012927,31.513228649081853]]]}"
34_11,74.60541149849422,1958.2048666352432,1952.4526434647003,1946.7734337008083,31.632444141389968,31.57283639523591,4.128354054863678,74.54420141884276,"{""geodesic"":false,""type"":""Polygon"",""coordinates"":[[[74.54420141884276,31.57283639523591],[74.60541149849422,31.57283639523591],[74.60541149849422,31.632444141389968],[74.54420141884276,31.632444141389968],[74.54420141884276,31.57283639523591]]]}"
34_12,74.66662157814568,1953.0519208268367,1950.9532819064032,1945.3953736349715,31.632444141389968,31.57283639523591,3.089872131124878,74.60541149849422,"{""geodesic"":false,""type"":""Polygon"",""coordinates"":[[[74.60541149849422,31.57283639523591],[74.66662157814568,31.57283639523591],[74.66662157814568,31.632444141389968],[74.60541149849422,31.632444141389968],[74.60541149849422,31.57283639523591]]]}"
34_13,74.72783165779714,1950.2709378989457,1947.895081617754,1945.3953736349715,31.632444141389968,31.57283639523591,1.7137260339035236,74.66662157814568,"{""geodesic"":false,""type"":""Polygon"",""coordinates"":[[[74.66662157814568,31.57283639523591],[74.72783165779714,31.57283639523591],[74.72783165779714,31.632444141389968],[74.66662157814568,31.632444141389968],[74.66662157814568,31.57283639523591]]]}"
34_14,74.7890417374486,1946.9200056393477,1943.1553093512807,1941.088495960468,31.632444141389968,31.57283639523591,2.0459118470627775,74.72783165779714,"{""geodesic"":false,""type"":""Polygon"",""coordinates"":[[[74.72783165779714,31.57283639523591],[74.7890417374486,31.57283639523591],[74.7890417374486,31.632444141389968],[74.72783165779714,31.632444141389968],[74.72783165779714,31.57283639523591]]]}"
34_15,74.85025181710006,1942.7258852807852,1942.2248857140048,1939.7546810816439,31.632444141389968,31.57283639523591,1.1118678333896002,74.7890417374486,"{""geodesic"":false,""type"":""Polygon"",""coordinates"":[[[74.7890417374486,31.57283639523591],[74.85025181710006,31.57283639523591],[74.85025181710006,31.632444141389968],[74.7890417374486,31.632444141389968],[74.7890417374486,31.57283639523591]]]}"
34_16,74.91146189675152,1942.4379492920425,1941.3993557098117,1938.7008823140116,31.632444141389968,31.57283639523591,1.3361265727704474,74.85025181710006,"{""geodesic"":false,""type"":""Polygon"",""coordinates"":[[[74.85025181710006,31.57283639523591],[74.91146189675152,31.57283639523591],[74.91146189675152,31.632444141389968],[74.85025181710006,31.632444141389968],[74.85025181710006,31.57283639523591]]]}"
34_17,74.97267197640298,1941.7905373997066,1940.024064375718,1937.5704974867301,31.632444141389968,31.57283639523591,1.4371277265479248,74.91146189675152,"{""geodesic"":false,""type"":""Polygon"",""coordinates"":[[[74.91146189675152,31.57283639523591],[74.97267197640298,31.57283639523591],[74.97267197640298,31.632444141389968],[74.91146189675152,31.632444141389968],[74.91146189675152,31.57283639523591]]]}"
34_18,75.03388205605444,1940.7402751234804,1938.9228364283606,1935.8428398624678,31.632444141389968,31.57283639523591,1.4864866591565802,74.97267197640298,"{""geodesic"":false,""type"":""Polygon"",""coordinates"":[[[74.97267197640298,31.57283639523591],[75.03388205605444,31.57283639523591],[75.03388205605444,31.632444141389968],[74.97267197640298,31.632444141389968],[74.97267197640298,31.57283639523591]]]}"
34_19,75.0950921357059,1937.739107696107,1936.148848758588,1934.8260150063063,31.632444141389968,31.57283639523591,0.9822674314520267,75.03388205605444,"{""geodesic"":false,""type"":""Polygon"",""coordinates"":[[[75.03388205605444,31.57283639523591],[75.0950921357059,31.57283639523591],[75.0950921357059,31.632444141389968],[75.03388205605444,31.632444141389968],[75.03388205605444,31.57283639523591]]]}"
34_20,75.15630221535736,1935.7613155518738,1934.3771787136961,1931.1834701545538,31.632444141389968,31.57283639523591,1.4557317422105893,75.0950921357059,"{""geodesic"":false,""type"":""Polygon"",""coordinates"":[[[75.0950921357059,31.57283639523591],[75.15630221535736,31.57283639523591],[75.15630221535736,31.632444141389968],[75.0950921357059,31.632444141389968],[75.0950921357059,31.57283639523591]]]}"
34_21,75.21751229500882,1933.6056736766295,1932.840688470344,1931.1834701545538,31.632444141389968,31.57283639523591,0.9219684853136351,75.15630221535736,"{""geodesic"":false,""type"":""Polygon"",""coordinates"":[[[75.15630221535736,31.57283639523591],[75.21751229500882,31.57283639523591],[75.21751229500882,31.632444141389968],[75.15630221535736,31.632444141389968],[75.15630221535736,31.57283639523591]]]}"
34_22,75.27872237466028,1934.0157543513023,1931.152149928504,1930.5281421501768,31.632444141389968,31.57283639523591,1.2685610614642908,75.21751229500882,"{""geodesic"":false,""type"":""Polygon"",""coordinates"":[[[75.21751229500882,31.57283639523591],[75.27872237466028,31.57283639523591],[75.27872237466028,31.632444141389968],[75.21751229500882,31.632444141389968],[75.21751229500882,31.57283639523591]]]}"
34_23,75.33993245431174,1936.4537130666624,1932.753860401949,1931.9812292187682,31.632444141389968,31.57283639523591,1.542028258193501,75.27872237466028,"{""geodesic"":false,""type"":""Polygon"",""coordinates"":[[[75.27872237466028,31.57283639523591],[75.33993245431174,31.57283639523591],[75.33993245431174,31.632444141389968],[75.27872237466028,31.632444141389968],[75.27872237466028,31.57283639523591]]]}"
34_24,75.4011425339632,1937.1781100807955,1935.573702529005,1933.2898641898644,31.632444141389968,31.57283639523591,1.3492387089157765,75.33993245431174,"{""geodesic"":false,""type"":""Polygon"",""coordinates"":[[[75.33993245431174,31.57283639523591],[75.4011425339632,31.57283639523591],[75.4011425339632,31.632444141389968],[75.33993245431174,31.632444141389968],[75.33993245431174,31.57283639523591]]]}"
34_25,75.46235261361466,1937.1781100807955,1936.0379141710296,1932.9287484832435,31.632444141389968,31.57283639523591,1.4000273087961155,75.4011425339632,"{""geodesic"":false,""type"":""Polygon"",""coordinates"":[[[75.4011425339632,31.57283639523591],[75.46235261361466,31.57283639523591],[75.46235261361466,31.632444141389968],[75.4011425339632,31.632444141389968],[75.4011425339632,31.57283639523591]]]}"
34_26,75.52356269326613,1934.7801804376436,1932.967568384987,1931.1101536944677,31.632444141389968,31.57283639523591,1.1763290117341567,75.46235261361467,"{""geodesic"":false,""type"":""Polygon"",""coordinates"":[[[75.46235261361467,31.57283639523591],[75.52356269326613,31.57283639523591],[75.52356269326613,31.632444141389968],[75.46235261361467,31.632444141389968],[75.46235261361467,31.57283639523591]]]}"
34_27,75.58477277291759,1936.1913370986272,1932.631116346143,1931.1101536944677,31.632444141389968,31.57283639523591,1.5907964595351345,75.52356269326613,"{""geodesic"":false,""type"":""Polygon"",""coordinates"":[[[75.52356269326613,31.57283639523591],[75.58477277291759,31.57283639523591],[75.58477277291759,31.632444141389968],[75.52356269326613,31.632444141389968],[75.52356269326613,31.57283639523591]]]}"
34_28,75.64598285256905,1936.1913370986272,1932.302681361007,1928.6878858298069,31.632444141389968,31.57283639523591,2.229171440975032,75.58477277291759,"{""geodesic"":false,""type"":""Polygon"",""coordinates"":[[[75.58477277291759,31.57283639523591],[75.64598285256905,31.57283639523591],[75.64598285256905,31.632444141389968],[75.58477277291759,31.632444141389968],[75.58477277291759,31.57283639523591]]]}"
34_29,75.70719293222051,1933.658893672371,1930.1725468881812,1927.8616647054655,31.632444141389968,31.57283639523591,1.9771552557210466,75.64598285256905,"{""geodesic"":false,""type"":""Polygon"",""coordinates"":[[[75.64598285256905,31.57283639523591],[75.70719293222051,31.57283639523591],[75.70719293222051,31.632444141389968],[75.64598285256905,31.632444141389968],[75.64598285256905,31.57283639523591]]]}"
34_30,75.76840301187197,1930.3762878214345,1928.1405221150208,1925.7322609612977,31.632444141389968,31.57283639523591,1.440210373341107,75.70719293222051,"{""geodesic"":false,""type"":""Polygon"",""coordinates"":[[[75.70719293222051,31.57283639523591],[75.76840301187197,31.57283639523591],[75.76840301187197,31.632444141389968],[75.70719293222051,31.632444141389968],[75.70719293222051,31.57283639523591]]]}"
34_31,75.82961309152343,1929.8323937639873,1926.3896307638859,1919.5417745154841,31.632444141389968,31.57283639523591,3.132267704426853,75.76840301187197,"{""geodesic"":false,""type"":""Polygon"",""coordinates"":[[[75.76840301187197,31.57283639523591],[75.82961309152343,31.57283639523591],[75.82961309152343,31.632444141389968],[75.76840301187197,31.632444141389968],[75.76840301187197,31.57283639523591]]]}"
34_32,75.89082317117489,1926.2241272521053,1922.7340895889467,1917.9109572401817,31.632444141389968,31.57283639523591,2.915177446144559,75.82961309152343,"{""geodesic"":false,""type"":""Polygon"",""coordinates"":[[[75.82961309152343,31.57283639523591],[75.89082317117489,31.57283639523591],[75.89082317117489,31.632444141389968],[75.82961309152343,31.632444141389968],[75.82961309152343,31.57283639523591]]]}"
34_33,75.95203325082635,1924.1622509479087,1920.1957495740983,1915.4008595318849,31.632444141389968,31.57283639523591,3.12304992478814,75.89082317117489,"{""geodesic"":false,""type"":""Polygon"",""coordinates"":[[[75.89082317117489,31.57283639523591],[75.95203325082635,31.57283639523591],[75.95203325082635,31.632444141389968],[75.89082317117489,31.632444141389968],[75.89082317117489,31.57283639523591]]]}"
34_34,76.0132433304778,1920.5525959943689,1917.436574421609,1914.1948017813866,31.632444141389968,31.57283639523591,2.2994884948148338,75.95203325082635,"{""geodesic"":false,""type"":""Polygon"",""coordinates"":[[[75.95203325082635,31.57283639523591],[76.0132433304778,31.57283639523591],[76.0132433304778,31.632444141389968],[75.95203325082635,31.632444141389968],[75.95203325082635,31.57283639523591]]]}"
34_35,76.07445341012927,1918.586815674591,1916.425649735602,1915.238120381141,31.632444141389968,31.57283639523591,1.339889489997432,76.0132433304778,"{""geodesic"":false,""type"":""Polygon"",""coordinates"":[[[76.0132433304778,31.57283639523591],[76.07445341012927,31.57283639523591],[76.07445341012927,31.632444141389968],[76.0132433304778,31.632444141389968],[76.0132433304778,31.57283639523591]]]}"
35_10,74.54420141884276,1949.9185112978787,1946.531692098407,1946.287282465455,31.692051887544025,31.632444141389968,1.815614416333496,74.4829913391913,"{""geodesic"":false,""type"":""Polygon"",""coordinates"":[[[74.4829913391913,31.632444141389968],[74.54420141884276,31.632444141389968],[74.54420141884276,31.692051887544025],[74.4829913391913,31.692051887544025],[74.4829913391913,31.632444141389968]]]}"
35_11,74.60541149849422,1949.9185112978787,1946.1951298723875,1943.1296279485032,31.692051887544025,31.632444141389968,2.031544505068331,74.54420141884276,"{""geodesic"":false,""type"":""Polygon"",""coordinates"":[[[74.54420141884276,31.632444141389968],[74.60541149849422,31.632444141389968],[74.60541149849422,31.692051887544025],[74.54420141884276,31.692051887544025],[74.54420141884276,31.632444141389968]]]}"
35_12,74.66662157814568,1945.6170538428876,1944.4817551350855,1943.1296279485032,31.692051887544025,31.632444141389968,1.1886411167406168,74.60541149849422,"{""geodesic"":false,""type"":""Polygon"",""coordinates"":[[[74.60541149849422,31.632444141389968],[74.66662157814568,31.632444141389968],[74.66662157814568,31.692051887544025],[74.60541149849422,31.692051887544025],[74.60541149849422,31.632444141389968]]]}"
35_13,74.72783165779714,1946.3583156033342,1944.6936159611735,1943.138599061446,31.692051887544025,31.632444141389968,1.4020863551822405,74.66662157814568,"{""geodesic"":false,""type"":""Polygon"",""coordinates"":[[[74.66662157814568,31.632444141389968],[74.72783165779714,31.632444141389968],[74.72783165779714,31.692051887544025],[74.66662157814568,31.692051887544025],[74.66662157814568,31.632444141389968]]]}"
35_14,74.7890417374486,1946.3583156033342,1942.2660950664879,1940.5352516955597,31.692051887544025,31.632444141389968,1.9949090802113716,74.72783165779714,"{""geodesic"":false,""type"":""Polygon"",""coordinates"":[[[74.72783165779714,31.632444141389968],[74.7890417374486,31.632444141389968],[74.7890417374486,31.692051887544025],[74.72783165779714,31.692051887544025],[74.72783165779714,31.632444141389968]]]}"
35_15,74.85025181710006,1941.088495960468,1940.6268621658874,1939.9888317031828,31.692051887544025,31.632444141389968,0.39541406580074984,74.7890417374486,"{""geodesic"":false,""type"":""Polygon"",""coordinates"":[[[74.7890417374486,31.632444141389968],[74.85025181710006,31.632444141389968],[74.85025181710006,31.692051887544025],[74.7890417374486,31.692051887544025],[74.7890417374486,31.632444141389968]]]}"
35_16,74.91146189675152,1940.371110779984,1939.3071901239107,1938.7008823140116,31.692051887544025,31.632444141389968,0.7422862200584462,74.85025181710006,"{""geodesic"":false,""type"":""Polygon"",""coordinates"":[[[74.85025181710006,31.632444141389968],[74.91146189675152,31.632444141389968],[74.91146189675152,31.692051887544025],[74.85025181710006,31.692051887544025],[74.85025181710006,31.632444141389968]]]}"
35_17,74.97267197640298,1938.7400749669498,1937.3989900830134,1934.4971143615405,31.692051887544025,31.632444141389968,1.430913519132136,74.91146189675152,"{""geodesic"":false,""type"":""Polygon"",""coordinates"":[[[74.91146189675152,31.632444141389968],[74.97267197640298,31.632444141389968],[74.97267197640298,31.692051887544025],[74.91146189675152,31.692051887544025],[74.91146189675152,31.632444141389968]]]}"
35_18,75.03388205605444,1937.5704974867301,1935.6528257496166,1933.5321414594493,31.692051887544025,31.632444141389968,1.5169929352814093,74.97267197640298,"{""geodesic"":false,""type"":""Polygon"",""coordinates"":[[[74.97267197640298,31.632444141389968],[75.03388205605444,31.632444141389968],[75.03388205605444,31.692051887544025],[74.97267197640298,31.692051887544025],[74.97267197640298,31.632444141389968]]]}"
35_19,75.0950921357059,1935.8428398624678,1934.3885151897289,1933.3651819622937,31.692051887544025,31.632444141389968,1.0108185414485495,75.03388205605444,"{""geodesic"":false,""type"":""Polygon"",""coordinates"":[[[75.03388205605444,31.632444141389968],[75.0950921357059,31.632444141389968],[75.0950921357059,31.692051887544025],[75.03388205605444,31.692051887544025],[75.03388205605444,31.632444141389968]]]}"
35_20,75.15630221535736,1934.8260150063063,1933.455639334731,1932.2657563846012,31.692051887544025,31.632444141389968,0.850236287609523,75.0950921357059,"{""geodesic"":false,""type"":""Polygon"",""coordinates"":[[[75.0950921357059,31.632444141389968],[75.15630221535736,31.632444141389968],[75.15630221535736,31.692051887544025],[75.0950921357059,31.692051887544025],[75.0950921357059,31.632444141389968]]]}"
35_21,75.21751229500882,1933.8121371120321,1932.5332012209444,1931.2379307064955,31.692051887544025,31.632444141389968,0.9583819659531619,75.15630221535736,"{""geodesic"":false,""type"":""Polygon"",""coordinates"":[[[75.15630221535736,31.632444141389968],[75.21751229500882,31.632444141389968],[75.21751229500882,31.692051887544025],[75.15630221535736,31.692051887544025],[75.15630221535736,31.632444141389968]]]}"
35_22,75.27872237466028,1933.0876053492004,1931.6860412637889,1930.5503734160438,31.692051887544025,31.632444141389968,1.0598259011093871,75.21751229500882,"{""geodesic"":false,""type"":""Polygon"",""coordinates"":[[[75.21751229500882,31.632444141389968],[75.27872237466028,31.632444141389968],[75.27872237466028,31.692051887544025],[75.21751229500882,31.692051887544025],[75.21751229500882,31.632444141389968]]]}"
35_23,75.33993245431174,1935.1832481876825,1933.106123757256,1931.9812292187682,31.692051887544025,31.632444141389968,1.1419052243496677,75.27872237466028,"{""geodesic"":false,""type"":""Polygon"",""coordinates"":[[[75.27872237466028,31.632444141389968],[75.33993245431174,31.632444141389968],[75.33993245431174,31.692051887544025],[75.27872237466028,31.692051887544025],[75.27872237466028,31.632444141389968]]]}"
35_24,75.4011425339632,1935.6844389670532,1934.6996849103766,1933.2898641898644,31.692051887544025,31.632444141389968,0.8946173706618488,75.33993245431174,"{""geodesic"":false,""type"":""Polygon"",""coordinates"":[[[75.33993245431174,31.632444141389968],[75.4011425339632,31.632444141389968],[75.4011425339632,31.692051887544025],[75.33993245431174,31.692051887544025],[75.33993245431174,31.632444141389968]]]}"
35_25,75.46235261361466,1936.6360722725276,1935.3689688569125,1931.3076120991698,31.692051887544025,31.632444141389968,1.747186504087515,75.4011425339632,"{""geodesic"":false,""type"":""Polygon"",""coordinates"":[[[75.4011425339632,31.632444141389968],[75.46235261361466,31.632444141389968],[75.46235261361466,31.692051887544025],[75.4011425339632,31.692051887544025],[75.4011425339632,31.632444141389968]]]}"
35_26,75.52356269326613,1932.9287484832435,1932.1472302903553,1931.2815775708318,31.692051887544025,31.632444141389968,0.7453927837198031,75.46235261361467,"{""geodesic"":false,""type"":""Polygon"",""coordinates"":[[[75.46235261361467,31.632444141389968],[75.52356269326613,31.632444141389968],[75.52356269326613,31.692051887544025],[75.46235261361467,31.692051887544025],[75.46235261361467,31.632444141389968]]]}"
35_27,75.58477277291759,1932.6068171382547,1931.7411377288156,1930.6163905075775,31.692051887544025,31.632444141389968,0.7953360884869685,75.52356269326613,"{""geodesic"":false,""type"":""Polygon"",""coordinates"":[[[75.52356269326613,31.632444141389968],[75.58477277291759,31.632444141389968],[75.58477277291759,31.692051887544025],[75.52356269326613,31.692051887544025],[75.52356269326613,31.632444141389968]]]}"
35_28,75.64598285256905,1932.2988631897445,1929.7458650879596,1927.8872550849553,31.692051887544025,31.632444141389968,1.482827406286759,75.58477277291759,"{""geodesic"":false,""type"":""Polygon"",""coordinates"":[[[75.58477277291759,31.632444141389968],[75.64598285256905,31.632444141389968],[75.64598285256905,31.692051887544025],[75.58477277291759,31.692051887544025],[75.58477277291759,31.632444141389968]]]}"
35_29,75.70719293222051,1928.6878858298069,1928.0730022732046,1927.4287011588874,31.692051887544025,31.632444141389968,0.45466890221262374,75.64598285256905,"{""geodesic"":false,""type"":""Polygon"",""coordinates"":[[[75.64598285256905,31.632444141389968],[75.70719293222051,31.632444141389968],[75.70719293222051,31.692051887544025],[75.64598285256905,31.692051887544025],[75.64598285256905,31.632444141389968]]]}"
35_30,75.76840301187197,1927.8616647054655,1925.950839564278,1924.2393145657252,31.692051887544025,31.632444141389968,1.4387977488194994,75.70719293222051,"{""geodesic"":false,""type"":""Polygon"",""coordinates"":[[[75.70719293222051,31.632444141389968],[75.76840301187197,31.632444141389968],[75.76840301187197,31.692051887544025],[75.70719293222051,31.692051887544025],[75.70719293222051,31.632444141389968]]]}"
35_31,75.82961309152343,1925.7322609612977,1921.949417245549,1919.0805108308166,31.692051887544025,31.632444141389968,2.3839859853125787,75.76840301187197,"{""geodesic"":false,""type"":""Polygon"",""coordinates"":[[[75.76840301187197,31.632444141389968],[75.82961309152343,31.632444141389968],[75.82961309152343,31.692051887544025],[75.76840301187197,31.692051887544025],[75.76840301187197,31.632444141389968]]]}"
35_32,75.89082317117489,1919.5417745154841,1918.2163199721415,1915.6191863076056,31.692051887544025,31.632444141389968,1.517808133630616,75.82961309152343,"{""geodesic"":false,""type"":""Polygon"",""coordinates"":[[[75.82961309152343,31.632444141389968],[75.89082317117489,31.632444141389968],[75.89082317117489,31.692051887544025],[75.82961309152343,31.692051887544025],[75.82961309152343,31.632444141389968]]]}"
35_33,75.95203325082635,1917.9109572401817,1914.749434948164,1912.1063429945025,31.692051887544025,31.632444141389968,2.068935792156172,75.89082317117489,"{""geodesic"":false,""type"":""Polygon"",""coordinates"":[[[75.89082317117489,31.632444141389968],[75.95203325082635,31.632444141389968],[75.95203325082635,31.692051887544025],[75.89082317117489,31.692051887544025],[75.89082317117489,31.632444141389968]]]}"
35_34,76.0132433304778,1915.4008595318849,1913.4811373282905,1911.8744091161122,31.692051887544025,31.632444141389968,1.5070703157312357,75.95203325082635,"{""geodesic"":false,""type"":""Polygon"",""coordinates"":[[[75.95203325082635,31.632444141389968],[76.0132433304778,31.632444141389968],[76.0132433304778,31.692051887544025],[75.95203325082635,31.692051887544025],[75.95203325082635,31.632444141389968]]]}"
36_10,74.54420141884276,1946.287282465455,1945.5573180593126,1945.2334265678455,31.751659633698086,31.69205188754403,0.5269279491993654,74.4829913391913,"{""geodesic"":false,""type"":""Polygon"",""coordinates"":[[[74.4829913391913,31.69205188754403],[74.54420141884276,31.69205188754403],[74.54420141884276,31.751659633698086],[74.4829913391913,31.751659633698086],[74.4829913391913,31.69205188754403]]]}"
36_11,74.60541149849422,1946.287282465455,1943.9019900282321,1941.214204616199,31.751659633698086,31.69205188754403,1.9257492873303674,74.54420141884276,"{""geodesic"":false,""type"":""Polygon"",""coordinates"":[[[74.54420141884276,31.69205188754403],[74.60541149849422,31.69205188754403],[74.60541149849422,31.751659633698086],[74.54420141884276,31.751659633698086],[74.54420141884276,31.69205188754403]]]}"
36_12,74.66662157814568,1943.138599061446,1941.9755859771408,1941.214204616199,31.751659633698086,31.69205188754403,0.8003679668622639,74.60541149849422,"{""geodesic"":false,""type"":""Polygon"",""coordinates"":[[[74.60541149849422,31.69205188754403],[74.66662157814568,31.69205188754403],[74.66662157814568,31.751659633698086],[74.60541149849422,31.751659633698086],[74.60541149849422,31.69205188754403]]]}"
36_13,74.72783165779714,1943.1748330045764,1942.3087083863177,1941.760553321461,31.751659633698086,31.69205188754403,0.621474515212111,74.66662157814568,"{""geodesic"":false,""type"":""Polygon"",""coordinates"":[[[74.66662157814568,31.69205188754403],[74.72783165779714,31.69205188754403],[74.72783165779714,31.751659633698086],[74.66662157814568,31.751659633698086],[74.66662157814568,31.69205188754403]]]}"
36_14,74.7890417374486,1943.1748330045764,1941.2935427432726,1939.6427383024945,31.751659633698086,31.69205188754403,1.0970824589871007,74.72783165779714,"{""geodesic"":false,""type"":""Polygon"",""coordinates"":[[[74.72783165779714,31.69205188754403],[74.7890417374486,31.69205188754403],[74.7890417374486,31.751659633698086],[74.72783165779714,31.751659633698086],[74.72783165779714,31.69205188754403]]]}"
36_15,74.85025181710006,1940.5352516955597,1939.5108290009828,1938.1255107055545,31.751659633698086,31.69205188754403,0.8942780589260948,74.7890417374486,"{""geodesic"":false,""type"":""Polygon"",""coordinates"":[[[74.7890417374486,31.69205188754403],[74.85025181710006,31.69205188754403],[74.85025181710006,31.751659633698086],[74.7890417374486,31.751659633698086],[74.7890417374486,31.69205188754403]]]}"
36_16,74.91146189675152,1939.9888317031828,1938.4354386761956,1938.041213680142,31.751659633698086,31.69205188754403,0.7785313411715924,74.85025181710006,"{""geodesic"":false,""type"":""Polygon"",""coordinates"":[[[74.85025181710006,31.69205188754403],[74.91146189675152,31.69205188754403],[74.91146189675152,31.751659633698086],[74.85025181710006,31.751659633698086],[74.85025181710006,31.69205188754403]]]}"
36_17,74.97267197640298,1938.7400749669498,1936.6260491005748,1933.8776998947442,31.751659633698086,31.69205188754403,1.757058002707281,74.91146189675152,"{""geodesic"":false,""type"":""Polygon"",""coordinates"":[[[74.91146189675152,31.69205188754403],[74.97267197640298,31.69205188754403],[74.97267197640298,31.751659633698086],[74.91146189675152,31.751659633698086],[74.91146189675152,31.69205188754403]]]}"
36_18,75.03388205605444,1934.4971143615405,1933.7307696690689,1933.0910730751964,31.751659633698086,31.69205188754403,0.5138417056582749,74.97267197640298,"{""geodesic"":false,""type"":""Polygon"",""coordinates"":[[[74.97267197640298,31.69205188754403],[75.03388205605444,31.69205188754403],[75.03388205605444,31.751659633698086],[74.97267197640298,31.751659633698086],[74.97267197640298,31.69205188754403]]]}"
36_19,75.0950921357059,1933.5321414594493,1932.8484214374064,1932.3463173786936,31.751659633698086,31.69205188754403,0.4539050923142303,75.03388205605444,"{""geodesic"":false,""type"":""Polygon"",""coordinates"":[[[75.03388205605444,31.69205188754403],[75.0950921357059,31.69205188754403],[75.0950921357059,31.751659633698086],[75.03388205605444,31.751659633698086],[75.03388205605444,31.69205188754403]]]}"
36_20,75.15630221535736,1934.2972958577875,1932.6725125177825,1931.8592649612854,31.751659633698086,31.69205188754403,0.8623048707465744,75.0950921357059,"{""geodesic"":false,""type"":""Polygon"",""coordinates"":[[[75.0950921357059,31.69205188754403],[75.15630221535736,31.69205188754403],[75.15630221535736,31.751659633698086],[75.0950921357059,31.751659633698086],[75.0950921357059,31.69205188754403]]]}"
36_21,75.21751229500882,1933.8121371120321,1932.624262745487,1931.9636449225823,31.751659633698086,31.69205188754403,0.6888261239045574,75.15630221535736,"{""geodesic"":false,""type"":""Polygon"",""coordinates"":[[[75.15630221535736,31.69205188754403],[75.21751229500882,31.69205188754403],[75.21751229500882,31.751659633698086],[75.15630221535736,31.751659633698086],[75.15630221535736,31.69205188754403]]]}"
36_22,75.27872237466028,1933.0876053492004,1932.5601773462815,1931.9636449225823,31.751659633698086,31.69205188754403,0.41411845261020735,75.21751229500882,"{""geodesic"":false,""type"":""Polygon"",""coordinates"":[[[75.21751229500882,31.69205188754403],[75.27872237466028,31.69205188754403],[75.27872237466028,31.751659633698086],[75.21751229500882,31.751659633698086],[75.21751229500882,31.69205188754403]]]}"
36_23,75.33993245431174,1935.1832481876825,1932.9652189252354,1932.126327209908,31.751659633698086,31.69205188754403,1.0863535747749893,75.27872237466028,"{""geodesic"":false,""type"":""Polygon"",""coordinates"":[[[75.27872237466028,31.69205188754403],[75.33993245431174,31.69205188754403],[75.33993245431174,31.751659633698086],[75.27872237466028,31.751659633698086],[75.27872237466028,31.69205188754403]]]}"
36_24,75.4011425339632,1935.1832481876825,1934.00900357783,1933.416128114929,31.751659633698086,31.69205188754403,0.6868050924714723,75.33993245431174,"{""geodesic"":false,""type"":""Polygon"",""coordinates"":[[[75.33993245431174,31.69205188754403],[75.4011425339632,31.69205188754403],[75.4011425339632,31.751659633698086],[75.33993245431174,31.751659633698086],[75.33993245431174,31.69205188754403]]]}"
36_25,75.46235261361466,1934.5962576893771,1932.8801678481673,1928.7143073804525,31.751659633698086,31.69205188754403,2.074626978521374,75.4011425339632,"{""geodesic"":false,""type"":""Polygon"",""coordinates"":[[[75.4011425339632,31.69205188754403],[75.46235261361466,31.69205188754403],[75.46235261361466,31.751659633698086],[75.4011425339632,31.751659633698086],[75.4011425339632,31.69205188754403]]]}"
36_26,75.52356269326613,1931.3076120991698,1929.3432257260522,1927.9613676063802,31.751659633698086,31.69205188754403,1.5021827476341776,75.46235261361467,"{""geodesic"":false,""type"":""Polygon"",""coordinates"":[[[75.46235261361467,31.69205188754403],[75.52356269326613,31.69205188754403],[75.52356269326613,31.751659633698086],[75.46235261361467,31.751659633698086],[75.46235261361467,31.69205188754403]]]}"
36_27,75.58477277291759,1931.2815775708318,1928.420842576688,1926.8773060892343,31.751659633698086,31.69205188754403,1.8212111970348897,75.52356269326613,"{""geodesic"":false,""type"":""Polygon"",""coordinates"":[[[75.52356269326613,31.69205188754403],[75.58477277291759,31.69205188754403],[75.58477277291759,31.751659633698086],[75.52356269326613,31.751659633698086],[75.52356269326613,31.69205188754403]]]}"
36_28,75.64598285256905,1930.6163905075775,1927.1072627114713,1926.0169730650348,31.751659633698086,31.69205188754403,1.4709305844871405,75.58477277291759,"{""geodesic"":false,""type"":""Polygon"",""coordinates"":[[[75.58477277291759,31.69205188754403],[75.64598285256905,31.69205188754403],[75.64598285256905,31.751659633698086],[75.58477277291759,31.751659633698086],[75.58477277291759,31.69205188754403]]]}"
36_29,75.70719293222051,1927.8872550849553,1927.239878890942,1926.4962204070737,31.751659633698086,31.69205188754403,0.5033877869668785,75.64598285256905,"{""geodesic"":false,""type"":""Polygon"",""coordinates"":[[[75.64598285256905,31.69205188754403],[75.70719293222051,31.69205188754403],[75.70719293222051,31.751659633698086],[75.64598285256905,31.751659633698086],[75.64598285256905,31.69205188754403]]]}"
36_30,75.76840301187197,1927.4287011588874,1924.5098079225493,1922.9421267409714,31.751659633698086,31.69205188754403,1.7779721456568702,75.70719293222051,"{""geodesic"":false,""type"":""Polygon"",""coordinates"":[[[75.70719293222051,31.69205188754403],[75.76840301187197,31.69205188754403],[75.76840301187197,31.751659633698086],[75.70719293222051,31.751659633698086],[75.70719293222051,31.69205188754403]]]}"
36_31,75.82961309152343,1924.2393145657252,1920.9886319277255,1917.5960246424263,31.751659633698086,31.69205188754403,2.237669187153927,75.76840301187197,"{""geodesic"":false,""type"":""Polygon"",""coordinates"":[[[75.76840301187197,31.69205188754403],[75.82961309152343,31.69205188754403],[75.82961309152343,31.751659633698086],[75.76840301187197,31.751659633698086],[75.76840301187197,31.69205188754403]]]}"
36_32,75.89082317117489,1919.0805108308166,1916.248261695776,1913.4468335451534,31.751659633698086,31.69205188754403,2.117864188634504,75.82961309152343,"{""geodesic"":false,""type"":""Polygon"",""coordinates"":[[[75.82961309152343,31.69205188754403],[75.89082317117489,31.69205188754403],[75.89082317117489,31.751659633698086],[75.82961309152343,31.751659633698086],[75.82961309152343,31.69205188754403]]]}"
36_33,75.95203325082635,1915.6191863076056,1912.5090121173941,1911.8120005639194,31.751659633698086,31.69205188754403,1.5022915665321275,75.89082317117489,"{""geodesic"":false,""type"":""Polygon"",""coordinates"":[[[75.89082317117489,31.69205188754403],[75.95203325082635,31.69205188754403],[75.95203325082635,31.751659633698086],[75.89082317117489,31.751659633698086],[75.89082317117489,31.69205188754403]]]}"
36_34,76.0132433304778,1912.7174086958273,1912.200722117218,1911.8120005639194,31.751659633698086,31.69205188754403,0.3577830243671815,75.95203325082635,"{""geodesic"":false,""type"":""Polygon"",""coordinates"":[[[75.95203325082635,31.69205188754403],[76.0132433304778,31.69205188754403],[76.0132433304778,31.751659633698086],[75.95203325082635,31.751659633698086],[75.95203325082635,31.69205188754403]]]}"
37_10,74.54420141884276,1946.017998829231,1945.7600786720132,1945.1703761420763,31.811267379852143,31.751659633698086,0.38557218837639196,74.4829913391913,"{""geodesic"":false,""type"":""Polygon"",""coordinates"":[[[74.4829913391913,31.751659633698086],[74.54420141884276,31.751659633698086],[74.54420141884276,31.811267379852143],[74.4829913391913,31.811267379852143],[74.4829913391913,31.751659633698086]]]}"
37_11,74.60541149849422,1946.017998829231,1942.53029275214,1936.938086688208,31.811267379852143,31.751659633698086,2.9269284862691416,74.54420141884276,"{""geodesic"":false,""type"":""Polygon"",""coordinates"":[[[74.54420141884276,31.751659633698086],[74.60541149849422,31.751659633698086],[74.60541149849422,31.811267379852143],[74.54420141884276,31.811267379852143],[74.54420141884276,31.751659633698086]]]}"
37_12,74.66662157814568,1942.120069855203,1937.6791710992627,1936.938086688208,31.811267379852143,31.751659633698086,2.0459574597569206,74.60541149849422,"{""geodesic"":false,""type"":""Polygon"",""coordinates"":[[[74.60541149849422,31.751659633698086],[74.66662157814568,31.751659633698086],[74.66662157814568,31.811267379852143],[74.60541149849422,31.811267379852143],[74.60541149849422,31.751659633698086]]]}"
37_13,74.72783165779714,1942.120069855203,1938.2254491421693,1935.6908492894242,31.811267379852143,31.751659633698086,2.3422995330897356,74.66662157814568,"{""geodesic"":false,""type"":""Polygon"",""coordinates"":[[[74.66662157814568,31.751659633698086],[74.72783165779714,31.751659633698086],[74.72783165779714,31.811267379852143],[74.66662157814568,31.811267379852143],[74.66662157814568,31.751659633698086]]]}"
37_14,74.7890417374486,1941.760553321461,1938.3864617364088,1935.6908492894242,31.811267379852143,31.751659633698086,1.774848985693473,74.72783165779714,"{""geodesic"":false,""type"":""Polygon"",""coordinates"":[[[74.72783165779714,31.751659633698086],[74.7890417374486,31.751659633698086],[74.7890417374486,31.811267379852143],[74.72783165779714,31.811267379852143],[74.72783165779714,31.751659633698086]]]}"
37_15,74.85025181710006,1939.6427383024945,1937.9663136755173,1936.1932011666859,31.811267379852143,31.751659633698086,1.031420474760745,74.7890417374486,"{""geodesic"":false,""type"":""Polygon"",""coordinates"":[[[74.7890417374486,31.751659633698086],[74.85025181710006,31.751659633698086],[74.85025181710006,31.811267379852143],[74.7890417374486,31.811267379852143],[74.7890417374486,31.751659633698086]]]}"
37_16,74.91146189675152,1938.1255107055545,1936.6064630484168,1935.3759057077111,31.811267379852143,31.751659633698086,1.056593703240576,74.85025181710006,"{""geodesic"":false,""type"":""Polygon"",""coordinates"":[[[74.85025181710006,31.751659633698086],[74.91146189675152,31.751659633698086],[74.91146189675152,31.811267379852143],[74.85025181710006,31.811267379852143],[74.85025181710006,31.751659633698086]]]}"
37_17,74.97267197640298,1938.041213680142,1935.1945188506693,1933.8776998947442,31.811267379852143,31.751659633698086,1.3300052233220352,74.91146189675152,"{""geodesic"":false,""type"":""Polygon"",""coordinates"":[[[74.91146189675152,31.751659633698086],[74.97267197640298,31.751659633698086],[74.97267197640298,31.811267379852143],[74.91146189675152,31.811267379852143],[74.91146189675152,31.751659633698086]]]}"
37_18,75.03388205605444,1934.3678554662172,1933.966462980419,1932.8165461180342,31.811267379852143,31.751659633698086,0.5468609972705142,74.97267197640298,"{""geodesic"":false,""type"":""Polygon"",""coordinates"":[[[74.97267197640298,31.751659633698086],[75.03388205605444,31.751659633698086],[75.03388205605444,31.811267379852143],[74.97267197640298,31.811267379852143],[74.97267197640298,31.751659633698086]]]}"
37_19,75.0950921357059,1933.6640064275068,1932.477688824807,1931.6585912994667,31.811267379852143,31.751659633698086,0.6705203098969972,75.03388205605444,"{""geodesic"":false,""type"":""Polygon"",""coordinates"":[[[75.03388205605444,31.751659633698086],[75.0950921357059,31.751659633698086],[75.0950921357059,31.811267379852143],[75.03388205605444,31.811267379852143],[75.03388205605444,31.751659633698086]]]}"
37_20,75.15630221535736,1933.810227214688,1932.6781400068671,1931.6585912994667,31.811267379852143,31.751659633698086,0.6436237651237455,75.0950921357059,"{""geodesic"":false,""type"":""Polygon"",""coordinates"":[[[75.0950921357059,31.751659633698086],[75.15630221535736,31.751659633698086],[75.15630221535736,31.811267379852143],[75.0950921357059,31.811267379852143],[75.0950921357059,31.751659633698086]]]}"
37_21,75.21751229500882,1934.608764392856,1932.9146847558386,1931.9636449225823,31.811267379852143,31.751659633698086,0.971007352201845,75.15630221535736,"{""geodesic"":false,""type"":""Polygon"",""coordinates"":[[[75.15630221535736,31.751659633698086],[75.21751229500882,31.751659633698086],[75.21751229500882,31.811267379852143],[75.15630221535736,31.811267379852143],[75.15630221535736,31.751659633698086]]]}"
37_22,75.27872237466028,1934.608764392856,1932.4986113329303,1931.9636449225823,31.811267379852143,31.751659633698086,0.8922207744431746,75.21751229500882,"{""geodesic"":false,""type"":""Polygon"",""coordinates"":[[[75.21751229500882,31.751659633698086],[75.27872237466028,31.751659633698086],[75.27872237466028,31.811267379852143],[75.21751229500882,31.811267379852143],[75.21751229500882,31.751659633698086]]]}"
37_23,75.33993245431174,1933.6297069292673,1933.4225427125025,1932.126327209908,31.811267379852143,31.751659633698086,0.527368722135997,75.27872237466028,"{""geodesic"":false,""type"":""Polygon"",""coordinates"":[[[75.27872237466028,31.751659633698086],[75.33993245431174,31.751659633698086],[75.33993245431174,31.811267379852143],[75.27872237466028,31.811267379852143],[75.27872237466028,31.751659633698086]]]}"
37_24,75.4011425339632,1933.8020967295136,1932.833972588637,1932.2639431024566,31.811267379852143,31.751659633698086,0.5435525039709409,75.33993245431174,"{""geodesic"":false,""type"":""Polygon"",""coordinates"":[[[75.33993245431174,31.751659633698086],[75.4011425339632,31.751659633698086],[75.4011425339632,31.811267379852143],[75.33993245431174,31.811267379852143],[75.33993245431174,31.751659633698086]]]}"
37_25,75.46235261361466,1933.8020967295136,1929.8911904704291,1925.4076762785733,31.811267379852143,31.751659633698086,2.7266559390501746,75.4011425339632,"{""geodesic"":false,""type"":""Polygon"",""coordinates"":[[[75.4011425339632,31.751659633698086],[75.46235261361466,31.751659633698086],[75.46235261361466,31.811267379852143],[75.4011425339632,31.811267379852143],[75.4011425339632,31.751659633698086]]]}"
37_26,75.52356269326613,1928.7143073804525,1926.2020069842667,1924.2748732009507,31.811267379852143,31.751659633698086,1.5179492047943373,75.46235261361467,"{""geodesic"":false,""type"":""Polygon"",""coordinates"":[[[75.46235261361467,31.751659633698086],[75.52356269326613,31.751659633698086],[75.52356269326613,31.811267379852143],[75.46235261361467,31.811267379852143],[75.46235261361467,31.751659633698086]]]}"
37_27,75.58477277291759,1927.9613676063802,1925.0662822217087,1923.2039195358257,31.811267379852143,31.751659633698086,1.5865335863248946,75.52356269326613,"{""geodesic"":false,""type"":""Polygon"",""coordinates"":[[[75.52356269326613,31.751659633698086],[75.58477277291759,31.751659633698086],[75.58477277291759,31.811267379852143],[75.52356269326613,31.811267379852143],[75.52356269326613,31.751659633698086]]]}"
37_28,75.64598285256905,1927.378267029769,1924.9333057351823,1923.2039195358257,31.811267379852143,31.751659633698086,1.2488341901855484,75.58477277291759,"{""geodesic"":false,""type"":""Polygon"",""coordinates"":[[[75.58477277291759,31.751659633698086],[75.64598285256905,31.751659633698086],[75.64598285256905,31.811267379852143],[75.58477277291759,31.811267379852143],[75.58477277291759,31.751659633698086]]]}"
37_29,75.70719293222051,1927.378267029769,1925.569880639197,1924.5048736763556,31.811267379852143,31.751659633698086,0.971290459623239,75.64598285256905,"{""geodesic"":false,""type"":""Polygon"",""coordinates"":[[[75.64598285256905,31.751659633698086],[75.70719293222051,31.751659633698086],[75.70719293222051,31.811267379852143],[75.64598285256905,31.811267379852143],[75.64598285256905,31.751659633698086]]]}"
37_30,75.76840301187197,1926.4962204070737,1923.468122044192,1921.5419375774504,31.811267379852143,31.751659633698086,1.8010681046959873,75.70719293222051,"{""geodesic"":false,""type"":""Polygon"",""coordinates"":[[[75.70719293222051,31.751659633698086],[75.76840301187197,31.751659633698086],[75.76840301187197,31.811267379852143],[75.70719293222051,31.811267379852143],[75.70719293222051,31.751659633698086]]]}"
37_31,75.82961309152343,1922.9421267409714,1919.999367369924,1914.3469210118794,31.811267379852143,31.751659633698086,2.861703863272116,75.76840301187197,"{""geodesic"":false,""type"":""Polygon"",""coordinates"":[[[75.76840301187197,31.751659633698086],[75.82961309152343,31.751659633698086],[75.82961309152343,31.811267379852143],[75.76840301187197,31.811267379852143],[75.76840301187197,31.751659633698086]]]}"
37_32,75.89082317117489,1917.5960246424263,1913.5493660133045,1910.7565525336056,31.811267379852143,31.751659633698086,2.5150319913669095,75.82961309152343,"{""geodesic"":false,""type"":""Polygon"",""coordinates"":[[[75.82961309152343,31.751659633698086],[75.89082317117489,31.751659633698086],[75.89082317117489,31.811267379852143],[75.82961309152343,31.811267379852143],[75.82961309152343,31.751659633698086]]]}"
37_33,75.95203325082635,1913.4468335451534,1909.8084483105395,1909.0927414671041,31.811267379852143,31.751659633698086,1.5024435162955596,75.89082317117489,"{""geodesic"":false,""type"":""Polygon"",""coordinates"":[[[75.89082317117489,31.751659633698086],[75.95203325082635,31.751659633698086],[75.95203325082635,31.811267379852143],[75.89082317117489,31.811267379852143],[75.89082317117489,31.751659633698086]]]}"
37_34,76.0132433304778,1912.7174086958273,1911.4460006481165,1909.0927414671041,31.811267379852143,31.751659633698086,1.376679328995477,75.95203325082635,"{""geodesic"":false,""type"":""Polygon"",""coordinates"":[[[75.95203325082635,31.751659633698086],[76.0132433304778,31.751659633698086],[76.0132433304778,31.811267379852143],[75.95203325082635,31.811267379852143],[75.95203325082635,31.751659633698086]]]}"
38_10,74.54420141884276,1945.1703761420763,1945.1703761420763,1945.1703761420763,31.8708751260062,31.811267379852143,0.0,74.4829913391913,"{""geodesic"":false,""type"":""Polygon"",""coordinates"":[[[74.4829913391913,31.811267379852143],[74.54420141884276,31.811267379852143],[74.54420141884276,31.8708751260062],[74.4829913391913,31.8708751260062],[74.4829913391913,31.811267379852143]]]}"
38_11,74.60541149849422,1945.1703761420763,1942.388580912439,1937.3308533600164,31.8708751260062,31.811267379852143,2.7310311144897437,74.54420141884276,"{""geodesic"":false,""type"":""Polygon"",""coordinates"":[[[74.54420141884276,31.811267379852143],[74.60541149849422,31.811267379852143],[74.60541149849422,31.8708751260062],[74.54420141884276,31.8708751260062],[74.54420141884276,31.811267379852143]]]}"
38_12,74.66662157814568,1938.7024267112731,1937.4834773341545,1935.4811895746138,31.8708751260062,31.811267379852143,1.1431250398288724,74.60541149849422,"{""geodesic"":false,""type"":""Polygon"",""coordinates"":[[[74.60541149849422,31.811267379852143],[74.66662157814568,31.811267379852143],[74.66662157814568,31.8708751260062],[74.60541149849422,31.8708751260062],[74.60541149849422,31.811267379852143]]]}"
38_13,74.72783165779714,1937.1418250227125,1936.032874462759,1935.4811895746138,31.8708751260062,31.811267379852143,0.6643861812735545,74.66662157814568,"{""geodesic"":false,""type"":""Polygon"",""coordinates"":[[[74.66662157814568,31.811267379852143],[74.72783165779714,31.811267379852143],[74.72783165779714,31.8708751260062],[74.66662157814568,31.8708751260062],[74.66662157814568,31.811267379852143]]]}"
38_14,74.7890417374486,1938.8252077596908,1937.3956929460437,1935.6883360771044,31.8708751260062,31.811267379852143,1.1481978451301,74.72783165779714,"{""geodesic"":false,""type"":""Polygon"",""coordinates"":[[[74.72783165779714,31.811267379852143],[74.7890417374486,31.811267379852143],[74.7890417374486,31.8708751260062],[74.72783165779714,31.8708751260062],[74.72783165779714,31.811267379852143]]]}"
38_15,74.85025181710006,1937.5726206230447,1936.30112747048,1933.808964125538,31.8708751260062,31.811267379852143,1.3467333451342791,74.7890417374486,"{""geodesic"":false,""type"":""Polygon"",""coordinates"":[[[74.7890417374486,31.811267379852143],[74.85025181710006,31.811267379852143],[74.85025181710006,31.8708751260062],[74.7890417374486,31.8708751260062],[74.7890417374486,31.811267379852143]]]}"
38_16,74.91146189675152,1936.1932011666859,1934.7572030543818,1933.3050463301759,31.8708751260062,31.811267379852143,1.1643585712228677,74.85025181710006,"{""geodesic"":false,""type"":""Polygon"",""coordinates"":[[[74.85025181710006,31.811267379852143],[74.91146189675152,31.811267379852143],[74.91146189675152,31.8708751260062],[74.85025181710006,31.8708751260062],[74.85025181710006,31.811267379852143]]]}"
38_17,74.97267197640298,1935.3759057077111,1933.4617329505672,1932.0820770648943,31.8708751260062,31.811267379852143,1.060567417144879,74.91146189675152,"{""geodesic"":false,""type"":""Polygon"",""coordinates"":[[[74.91146189675152,31.811267379852143],[74.97267197640298,31.811267379852143],[74.97267197640298,31.8708751260062],[74.91146189675152,31.8708751260062],[74.91146189675152,31.811267379852143]]]}"
38_18,75.03388205605444,1934.1192098140464,1933.1143613923655,1931.972930403916,31.8708751260062,31.811267379852143,0.7680750723299589,74.97267197640298,"{""geodesic"":false,""type"":""Polygon"",""coordinates"":[[[74.97267197640298,31.811267379852143],[75.03388205605444,31.811267379852143],[75.03388205605444,31.8708751260062],[74.97267197640298,31.8708751260062],[74.97267197640298,31.811267379852143]]]}"
38_19,75.0950921357059,1932.8165461180342,1931.7334151857763,1930.9995410076444,31.8708751260062,31.811267379852143,0.653581368601864,75.03388205605444,"{""geodesic"":false,""type"":""Polygon"",""coordinates"":[[[75.03388205605444,31.811267379852143],[75.0950921357059,31.811267379852143],[75.0950921357059,31.8708751260062],[75.03388205605444,31.8708751260062],[75.03388205605444,31.811267379852143]]]}"
38_20,75.15630221535736,1933.810227214688,1932.3793077634753,1930.9995410076444,31.8708751260062,31.811267379852143,0.922732372088513,75.0950921357059,"{""geodesic"":false,""type"":""Polygon"",""coordinates"":[[[75.0950921357059,31.811267379852143],[75.15630221535736,31.811267379852143],[75.15630221535736,31.8708751260062],[75.0950921357059,31.8708751260062],[75.0950921357059,31.811267379852143]]]}"
38_21,75.21751229500882,1934.608764392856,1933.466234369215,1931.7951491306712,31.8708751260062,31.811267379852143,1.025710341700342,75.15630221535736,"{""geodesic"":false,""type"":""Polygon"",""coordinates"":[[[75.15630221535736,31.811267379852143],[75.21751229500882,31.811267379852143],[75.21751229500882,31.8708751260062],[75.15630221535736,31.8708751260062],[75.15630221535736,31.811267379852143]]]}"
38_22,75.27872237466028,1934.608764392856,1933.0492258300228,1932.5228958671698,31.8708751260062,31.811267379852143,0.8010803266020605,75.21751229500882,"{""geodesic"":false,""type"":""Polygon"",""coordinates"":[[[75.21751229500882,31.811267379852143],[75.27872237466028,31.811267379852143],[75.27872237466028,31.8708751260062],[75.21751229500882,31.8708751260062],[75.21751229500882,31.811267379852143]]]}"
38_23,75.33993245431174,1933.265642160667,1932.4968995398458,1931.452653160581,31.8708751260062,31.811267379852143,0.7156833697235578,75.27872237466028,"{""geodesic"":false,""type"":""Polygon"",""coordinates"":[[[75.27872237466028,31.811267379852143],[75.33993245431174,31.811267379852143],[75.33993245431174,31.8708751260062],[75.27872237466028,31.8708751260062],[75.27872237466028,31.811267379852143]]]}"
38_24,75.4011425339632,1932.6645227845097,1932.3448499996366,1931.452653160581,31.8708751260062,31.811267379852143,0.4937087007042273,75.33993245431174,"{""geodesic"":false,""type"":""Polygon"",""coordinates"":[[[75.33993245431174,31.811267379852143],[75.4011425339632,31.811267379852143],[75.4011425339632,31.8708751260062],[75.33993245431174,31.8708751260062],[75.33993245431174,31.811267379852143]]]}"
38_25,75.46235261361466,1932.6645227845097,1930.2151916608718,1925.4076762785733,31.8708751260062,31.811267379852143,2.8883451834173663,75.4011425339632,"{""geodesic"":false,""type"":""Polygon"",""coordinates"":[[[75.4011425339632,31.811267379852143],[75.46235261361466,31.811267379852143],[75.46235261361466,31.8708751260062],[75.4011425339632,31.8708751260062],[75.4011425339632,31.811267379852143]]]}"
38_26,75.52356269326613,1925.8060091539394,1925.097027963678,1923.9008466454638,31.8708751260062,31.811267379852143,0.783675825552385,75.46235261361467,"{""geodesic"":false,""type"":""Polygon"",""coordinates"":[[[75.46235261361467,31.811267379852143],[75.52356269326613,31.811267379852143],[75.52356269326613,31.8708751260062],[75.46235261361467,31.8708751260062],[75.46235261361467,31.811267379852143]]]}"
38_27,75.58477277291759,1924.2748732009507,1923.550271021088,1923.1225023954166,31.8708751260062,31.811267379852143,0.481725545904687,75.52356269326613,"{""geodesic"":false,""type"":""Polygon"",""coordinates"":[[[75.52356269326613,31.811267379852143],[75.58477277291759,31.811267379852143],[75.58477277291759,31.8708751260062],[75.52356269326613,31.8708751260062],[75.52356269326613,31.811267379852143]]]}"
38_28,75.64598285256905,1924.5048736763556,1923.8545227222291,1923.1225023954166,31.8708751260062,31.811267379852143,0.5259914059438522,75.58477277291759,"{""geodesic"":false,""type"":""Polygon"",""coordinates"":[[[75.58477277291759,31.811267379852143],[75.64598285256905,31.811267379852143],[75.64598285256905,31.8708751260062],[75.58477277291759,31.8708751260062],[75.58477277291759,31.811267379852143]]]}"
38_29,75.70719293222051,1924.809884102483,1924.406287071791,1923.9723816117144,31.8708751260062,31.811267379852143,0.314752863847556,75.64598285256905,"{""geodesic"":false,""type"":""Polygon"",""coordinates"":[[[75.64598285256905,31.811267379852143],[75.70719293222051,31.811267379852143],[75.70719293222051,31.8708751260062],[75.64598285256905,31.8708751260062],[75.64598285256905,31.811267379852143]]]}"
38_30,75.76840301187197,1924.809884102483,1922.9746817931411,1921.5419375774504,31.8708751260062,31.811267379852143,1.2082860315187693,75.70719293222051,"{""geodesic"":false,""type"":""Polygon"",""coordinates"":[[[75.70719293222051,31.811267379852143],[75.76840301187197,31.811267379852143],[75.76840301187197,31.8708751260062],[75.70719293222051,31.8708751260062],[75.70719293222051,31.811267379852143]]]}"
38_31,75.82961309152343,1923.1206253057678,1918.9066446361408,1911.9182060473772,31.8708751260062,31.811267379852143,4.000228775874953,75.76840301187197,"{""geodesic"":false,""type"":""Polygon"",""coordinates"":[[[75.76840301187197,31.811267379852143],[75.82961309152343,31.811267379852143],[75.82961309152343,31.8708751260062],[75.76840301187197,31.8708751260062],[75.76840301187197,31.811267379852143]]]}"
38_32,75.89082317117489,1914.3469210118794,1911.9969049772724,1910.0716429362647,31.8708751260062,31.811267379852143,1.625879380898948,75.82961309152343,"{""geodesic"":false,""type"":""Polygon"",""coordinates"":[[[75.82961309152343,31.811267379852143],[75.89082317117489,31.811267379852143],[75.89082317117489,31.8708751260062],[75.82961309152343,31.8708751260062],[75.82961309152343,31.811267379852143]]]}"
38_33,75.95203325082635,1910.7565525336056,1909.6262023021516,1909.1848234303172,31.8708751260062,31.811267379852143,0.6027988305891595,75.89082317117489,"{""geodesic"":false,""type"":""Polygon"",""coordinates"":[[[75.89082317117489,31.811267379852143],[75.95203325082635,31.811267379852143],[75.95203325082635,31.8708751260062],[75.89082317117489,31.8708751260062],[75.89082317117489,31.811267379852143]]]}"
38_34,76.0132433304778,1910.4294078898467,1910.291596686207,1909.1848234303172,31.8708751260062,31.811267379852143,0.5319101728934115,75.95203325082635,"{""geodesic"":false,""type"":""Polygon"",""coordinates"":[[[75.95203325082635,31.811267379852143],[76.0132433304778,31.811267379852143],[76.0132433304778,31.8708751260062],[75.95203325082635,31.8708751260062],[75.95203325082635,31.811267379852143]]]}"
39_12,74.66662157814568,1938.7024267112731,1938.125053441837,1935.4811895746138,31.93048287216026,31.8708751260062,1.511859105081348,74.60541149849422,"{""geodesic"":false,""type"":""Polygon"",""coordinates"":[[[74.60541149849422,31.8708751260062],[74.66662157814568,31.8708751260062],[74.66662157814568,31.93048287216026],[74.60541149849422,31.93048287216026],[74.60541149849422,31.8708751260062]]]}"
39_13,74.72783165779714,1938.6740389331235,1936.7459941841842,1935.4811895746138,31.93048287216026,31.8708751260062,1.2683010609467542,74.66662157814568,"{""geodesic"":false,""type"":""Polygon"",""coordinates"":[[[74.66662157814568,31.8708751260062],[74.72783165779714,31.8708751260062],[74.72783165779714,31.93048287216026],[74.66662157814568,31.93048287216026],[74.66662157814568,31.8708751260062]]]}"
39_14,74.7890417374486,1936.8739505901922,1934.5639361120907,1932.7748571083341,31.93048287216026,31.8708751260062,1.4338082491747095,74.72783165779714,"{""geodesic"":false,""type"":""Polygon"",""coordinates"":[[[74.72783165779714,31.8708751260062],[74.7890417374486,31.8708751260062],[74.7890417374486,31.93048287216026],[74.72783165779714,31.93048287216026],[74.72783165779714,31.8708751260062]]]}"
39_15,74.85025181710006,1935.9306617743052,1934.2919882000963,1933.0876797617489,31.93048287216026,31.8708751260062,1.0451470397620248,74.7890417374486,"{""geodesic"":false,""type"":""Polygon"",""coordinates"":[[[74.7890417374486,31.8708751260062],[74.85025181710006,31.8708751260062],[74.85025181710006,31.93048287216026],[74.7890417374486,31.93048287216026],[74.7890417374486,31.8708751260062]]]}"
39_16,74.91146189675152,1933.808964125538,1932.7942709577533,1932.0377849358763,31.93048287216026,31.8708751260062,0.6455007165325457,74.85025181710006,"{""geodesic"":false,""type"":""Polygon"",""coordinates"":[[[74.85025181710006,31.8708751260062],[74.91146189675152,31.8708751260062],[74.91146189675152,31.93048287216026],[74.85025181710006,31.93048287216026],[74.85025181710006,31.8708751260062]]]}"
39_17,74.97267197640298,1933.3050463301759,1931.2703689797638,1930.4010617399204,31.93048287216026,31.8708751260062,0.9283711132251377,74.91146189675152,"{""geodesic"":false,""type"":""Polygon"",""coordinates"":[[[74.91146189675152,31.8708751260062],[74.97267197640298,31.8708751260062],[74.97267197640298,31.93048287216026],[74.91146189675152,31.93048287216026],[74.91146189675152,31.8708751260062]]]}"
39_18,75.03388205605444,1932.8007277895656,1931.9498428518655,1931.485925372748,31.93048287216026,31.8708751260062,0.4707364697734691,74.97267197640298,"{""geodesic"":false,""type"":""Polygon"",""coordinates"":[[[74.97267197640298,31.8708751260062],[75.03388205605444,31.8708751260062],[75.03388205605444,31.93048287216026],[74.97267197640298,31.93048287216026],[74.97267197640298,31.8708751260062]]]}"
39_19,75.0950921357059,1932.346869150425,1931.942688522873,1930.9995410076444,31.93048287216026,31.8708751260062,0.5039498874894852,75.03388205605444,"{""geodesic"":false,""type"":""Polygon"",""coordinates"":[[[75.03388205605444,31.8708751260062],[75.0950921357059,31.8708751260062],[75.0950921357059,31.93048287216026],[75.03388205605444,31.93048287216026],[75.03388205605444,31.8708751260062]]]}"
39_20,75.15630221535736,1932.346869150425,1931.311509272349,1930.9995410076444,31.93048287216026,31.8708751260062,0.48682784319279526,75.0950921357059,"{""geodesic"":false,""type"":""Polygon"",""coordinates"":[[[75.0950921357059,31.8708751260062],[75.15630221535736,31.8708751260062],[75.15630221535736,31.93048287216026],[75.0950921357059,31.93048287216026],[75.0950921357059,31.8708751260062]]]}"
39_21,75.21751229500882,1933.3368957949347,1931.3503023193111,1930.4193724290105,31.93048287216026,31.8708751260062,1.0788461840411816,75.15630221535736,"{""geodesic"":false,""type"":""Polygon"",""coordinates"":[[[75.15630221535736,31.8708751260062],[75.21751229500882,31.8708751260062],[75.21751229500882,31.93048287216026],[75.15630221535736,31.93048287216026],[75.15630221535736,31.8708751260062]]]}"
39_22,75.27872237466028,1933.3368957949347,1931.5050082766888,1930.4193724290105,31.93048287216026,31.8708751260062,1.1490949434465887,75.21751229500882,"{""geodesic"":false,""type"":""Polygon"",""coordinates"":[[[75.21751229500882,31.8708751260062],[75.27872237466028,31.8708751260062],[75.27872237466028,31.93048287216026],[75.21751229500882,31.93048287216026],[75.21751229500882,31.8708751260062]]]}"
39_23,75.33993245431174,1931.7747836434712,1930.891475814085,1930.397891091447,31.93048287216026,31.8708751260062,0.5365782695479143,75.27872237466028,"{""geodesic"":false,""type"":""Polygon"",""coordinates"":[[[75.27872237466028,31.8708751260062],[75.33993245431174,31.8708751260062],[75.33993245431174,31.93048287216026],[75.27872237466028,31.93048287216026],[75.27872237466028,31.8708751260062]]]}"
39_24,75.4011425339632,1932.3500933107016,1930.7418931653015,1929.6098236346043,31.93048287216026,31.8708751260062,0.9975012066262131,75.33993245431174,"{""geodesic"":false,""type"":""Polygon"",""coordinates"":[[[75.33993245431174,31.8708751260062],[75.4011425339632,31.8708751260062],[75.4011425339632,31.93048287216026],[75.33993245431174,31.93048287216026],[75.33993245431174,31.8708751260062]]]}"
39_25,75.46235261361466,1932.3500933107016,1928.326547775626,1925.3104949408435,31.93048287216026,31.8708751260062,2.3940011580424536,75.4011425339632,"{""geodesic"":false,""type"":""Polygon"",""coordinates"":[[[75.4011425339632,31.8708751260062],[75.46235261361466,31.8708751260062],[75.46235261361466,31.93048287216026],[75.4011425339632,31.93048287216026],[75.4011425339632,31.8708751260062]]]}"
39_26,75.52356269326613,1925.8060091539394,1925.1127934625197,1923.9008466454638,31.93048287216026,31.8708751260062,0.7191197857098497,75.46235261361467,"{""geodesic"":false,""type"":""Polygon"",""coordinates"":[[[75.46235261361467,31.8708751260062],[75.52356269326613,31.8708751260062],[75.52356269326613,31.93048287216026],[75.46235261361467,31.93048287216026],[75.46235261361467,31.8708751260062]]]}"
39_27,75.58477277291759,1924.8064502210404,1924.3112016895616,1923.1225023954166,31.93048287216026,31.8708751260062,0.663159964970056,75.52356269326613,"{""geodesic"":false,""type"":""Polygon"",""coordinates"":[[[75.52356269326613,31.8708751260062],[75.58477277291759,31.8708751260062],[75.58477277291759,31.93048287216026],[75.52356269326613,31.93048287216026],[75.52356269326613,31.8708751260062]]]}"
39_28,75.64598285256905,1924.8305763129174,1924.2273987310489,1923.1225023954166,31.93048287216026,31.8708751260062,0.631520691358741,75.58477277291759,"{""geodesic"":false,""type"":""Polygon"",""coordinates"":[[[75.58477277291759,31.8708751260062],[75.64598285256905,31.8708751260062],[75.64598285256905,31.93048287216026],[75.58477277291759,31.93048287216026],[75.58477277291759,31.8708751260062]]]}"
39_29,75.70719293222051,1924.8305763129174,1924.1213320224385,1923.0402136518499,31.93048287216026,31.8708751260062,0.6430523685466992,75.64598285256905,"{""geodesic"":false,""type"":""Polygon"",""coordinates"":[[[75.64598285256905,31.8708751260062],[75.70719293222051,31.8708751260062],[75.70719293222051,31.93048287216026],[75.64598285256905,31.93048287216026],[75.64598285256905,31.8708751260062]]]}"
39_30,75.76840301187197,1923.9723816117144,1922.456560125413,1921.4691775964206,31.93048287216026,31.8708751260062,0.9035470417657059,75.70719293222051,"{""geodesic"":false,""type"":""Polygon"",""coordinates"":[[[75.70719293222051,31.8708751260062],[75.76840301187197,31.8708751260062],[75.76840301187197,31.93048287216026],[75.70719293222051,31.93048287216026],[75.70719293222051,31.8708751260062]]]}"
39_31,75.82961309152343,1923.1206253057678,1918.045747989085,1911.9182060473772,31.93048287216026,31.8708751260062,3.966037568791504,75.76840301187197,"{""geodesic"":false,""type"":""Polygon"",""coordinates"":[[[75.76840301187197,31.8708751260062],[75.82961309152343,31.8708751260062],[75.82961309152343,31.93048287216026],[75.76840301187197,31.93048287216026],[75.76840301187197,31.8708751260062]]]}"
39_32,75.89082317117489,1914.1603180235493,1912.8801720135518,1910.0716429362647,31.93048287216026,31.8708751260062,1.5378920505571334,75.82961309152343,"{""geodesic"":false,""type"":""Polygon"",""coordinates"":[[[75.82961309152343,31.8708751260062],[75.89082317117489,31.8708751260062],[75.89082317117489,31.93048287216026],[75.82961309152343,31.93048287216026],[75.82961309152343,31.8708751260062]]]}"
39_33,75.95203325082635,1913.2476863130348,1910.9787644370979,1909.4732967179132,31.93048287216026,31.8708751260062,1.4376245263638976,75.89082317117489,"{""geodesic"":false,""type"":""Polygon"",""coordinates"":[[[75.89082317117489,31.8708751260062],[75.95203325082635,31.8708751260062],[75.95203325082635,31.93048287216026],[75.89082317117489,31.93048287216026],[75.89082317117489,31.8708751260062]]]}"
40_13,74.72783165779714,1941.2075630243835,1939.7952064530064,1936.8739505901922,31.99009061831432,31.930482872160262,1.7776157281092422,74.66662157814568,"{""geodesic"":false,""type"":""Polygon"",""coordinates"":[[[74.66662157814568,31.930482872160262],[74.72783165779714,31.930482872160262],[74.72783165779714,31.99009061831432],[74.66662157814568,31.99009061831432],[74.66662157814568,31.930482872160262]]]}"
40_14,74.7890417374486,1941.2075630243835,1937.1444806116567,1932.7748571083341,31.99009061831432,31.930482872160262,2.856036058575466,74.72783165779714,"{""geodesic"":false,""type"":""Polygon"",""coordinates"":[[[74.72783165779714,31.930482872160262],[74.7890417374486,31.930482872160262],[74.7890417374486,31.99009061831432],[74.72783165779714,31.99009061831432],[74.72783165779714,31.930482872160262]]]}"
40_15,74.85025181710006,1938.8905388247863,1933.61162305384,1933.0876797617489,31.99009061831432,31.930482872160262,2.0365271865606807,74.7890417374486,"{""geodesic"":false,""type"":""Polygon"",""coordinates"":[[[74.7890417374486,31.930482872160262],[74.85025181710006,31.930482872160262],[74.85025181710006,31.99009061831432],[74.7890417374486,31.99009061831432],[74.7890417374486,31.930482872160262]]]}"
40_16,74.91146189675152,1935.155320918126,1931.9065562426274,1930.729679855111,31.99009061831432,31.930482872160262,1.544882145293238,74.85025181710006,"{""geodesic"":false,""type"":""Polygon"",""coordinates"":[[[74.85025181710006,31.930482872160262],[74.91146189675152,31.930482872160262],[74.91146189675152,31.99009061831432],[74.85025181710006,31.99009061831432],[74.85025181710006,31.930482872160262]]]}"
40_17,74.97267197640298,1932.0377849358763,1929.7655915490188,1929.0710636649294,31.99009061831432,31.930482872160262,0.9277922390298472,74.91146189675152,"{""geodesic"":false,""type"":""Polygon"",""coordinates"":[[[74.91146189675152,31.930482872160262],[74.97267197640298,31.930482872160262],[74.97267197640298,31.99009061831432],[74.91146189675152,31.99009061831432],[74.91146189675152,31.930482872160262]]]}"
40_18,75.03388205605444,1932.026951299998,1930.610551347033,1929.3627347289282,31.99009061831432,31.930482872160262,0.8867839349546377,74.97267197640298,"{""geodesic"":false,""type"":""Polygon"",""coordinates"":[[[74.97267197640298,31.930482872160262],[75.03388205605444,31.930482872160262],[75.03388205605444,31.99009061831432],[74.97267197640298,31.99009061831432],[74.97267197640298,31.930482872160262]]]}"
40_19,75.0950921357059,1932.346869150425,1931.2277288679159,1929.7741208808018,31.99009061831432,31.930482872160262,0.8145674012421656,75.03388205605444,"{""geodesic"":false,""type"":""Polygon"",""coordinates"":[[[75.03388205605444,31.930482872160262],[75.0950921357059,31.930482872160262],[75.0950921357059,31.99009061831432],[75.03388205605444,31.99009061831432],[75.03388205605444,31.930482872160262]]]}"
40_20,75.15630221535736,1932.346869150425,1930.2116691606557,1929.7741208808018,31.99009061831432,31.930482872160262,0.7950078754731396,75.0950921357059,"{""geodesic"":false,""type"":""Polygon"",""coordinates"":[[[75.0950921357059,31.930482872160262],[75.15630221535736,31.930482872160262],[75.15630221535736,31.99009061831432],[75.0950921357059,31.99009061831432],[75.0950921357059,31.930482872160262]]]}"
40_21,75.21751229500882,1931.1246863873757,1930.1023181518917,1929.5063513441714,31.99009061831432,31.930482872160262,0.4992747790525381,75.15630221535736,"{""geodesic"":false,""type"":""Polygon"",""coordinates"":[[[75.15630221535736,31.930482872160262],[75.21751229500882,31.930482872160262],[75.21751229500882,31.99009061831432],[75.15630221535736,31.99009061831432],[75.15630221535736,31.930482872160262]]]}"
40_22,75.27872237466028,1931.094014945968,1930.0770973015565,1929.5063513441714,31.99009061831432,31.930482872160262,0.5021522568565236,75.21751229500882,"{""geodesic"":false,""type"":""Polygon"",""coordinates"":[[[75.21751229500882,31.930482872160262],[75.27872237466028,31.930482872160262],[75.27872237466028,31.99009061831432],[75.21751229500882,31.99009061831432],[75.21751229500882,31.930482872160262]]]}"
40_23,75.33993245431174,1930.9041765456593,1930.580405133871,1929.2698246152363,31.99009061831432,31.930482872160262,0.569478147531503,75.27872237466028,"{""geodesic"":false,""type"":""Polygon"",""coordinates"":[[[75.27872237466028,31.930482872160262],[75.33993245431174,31.930482872160262],[75.33993245431174,31.99009061831432],[75.27872237466028,31.99009061831432],[75.27872237466028,31.930482872160262]]]}"
40_24,75.4011425339632,1930.818074884064,1929.3578986093207,1928.1768453853176,31.99009061831432,31.930482872160262,1.0359999301514469,75.33993245431174,"{""geodesic"":false,""type"":""Polygon"",""coordinates"":[[[75.33993245431174,31.930482872160262],[75.4011425339632,31.930482872160262],[75.4011425339632,31.99009061831432],[75.33993245431174,31.99009061831432],[75.33993245431174,31.930482872160262]]]}"
40_25,75.46235261361466,1929.6098236346043,1927.019563337484,1924.3849139695517,31.99009061831432,31.930482872160262,1.7120618002666095,75.4011425339632,"{""geodesic"":false,""type"":""Polygon"",""coordinates"":[[[75.4011425339632,31.930482872160262],[75.46235261361466,31.930482872160262],[75.46235261361466,31.99009061831432],[75.4011425339632,31.99009061831432],[75.4011425339632,31.930482872160262]]]}"
40_26,75.52356269326613,1925.3104949408435,1924.258878601074,1923.0581290712373,31.99009061831432,31.930482872160262,0.6830665244616476,75.46235261361467,"{""geodesic"":false,""type"":""Polygon"",""coordinates"":[[[75.46235261361467,31.930482872160262],[75.52356269326613,31.930482872160262],[75.52356269326613,31.99009061831432],[75.46235261361467,31.99009061831432],[75.46235261361467,31.930482872160262]]]}"
40_27,75.58477277291759,1925.480306163415,1924.4660982573328,1922.2344874847454,31.99009061831432,31.930482872160262,1.09722219145583,75.52356269326613,"{""geodesic"":false,""type"":""Polygon"",""coordinates"":[[[75.52356269326613,31.930482872160262],[75.58477277291759,31.930482872160262],[75.58477277291759,31.99009061831432],[75.52356269326613,31.99009061831432],[75.52356269326613,31.930482872160262]]]}"
40_28,75.64598285256905,1925.7784941505454,1925.0991192695355,1922.2344874847454,31.99009061831432,31.930482872160262,1.2086013253203416,75.58477277291759,"{""geodesic"":false,""type"":""Polygon"",""coordinates"":[[[75.58477277291759,31.930482872160262],[75.64598285256905,31.930482872160262],[75.64598285256905,31.99009061831432],[75.58477277291759,31.99009061831432],[75.58477277291759,31.930482872160262]]]}"
40_29,75.70719293222051,1925.3236481191923,1924.321638239023,1922.2000461242544,31.99009061831432,31.930482872160262,1.071461278298167,75.64598285256905,"{""geodesic"":false,""type"":""Polygon"",""coordinates"":[[[75.64598285256905,31.930482872160262],[75.70719293222051,31.930482872160262],[75.70719293222051,31.99009061831432],[75.64598285256905,31.99009061831432],[75.64598285256905,31.930482872160262]]]}"
40_30,75.76840301187197,1923.6935878224954,1922.717354388428,1921.4691775964206,31.99009061831432,31.930482872160262,0.7140266342149961,75.70719293222051,"{""geodesic"":false,""type"":""Polygon"",""coordinates"":[[[75.70719293222051,31.930482872160262],[75.76840301187197,31.930482872160262],[75.76840301187197,31.99009061831432],[75.70719293222051,31.99009061831432],[75.70719293222051,31.930482872160262]]]}"
40_31,75.82961309152343,1922.5276003979295,1920.71979712873,1913.9868482224203,31.99009061831432,31.930482872160262,3.0598985168093558,75.76840301187197,"{""geodesic"":false,""type"":""Polygon"",""coordinates"":[[[75.76840301187197,31.930482872160262],[75.82961309152343,31.930482872160262],[75.82961309152343,31.99009061831432],[75.76840301187197,31.99009061831432],[75.76840301187197,31.930482872160262]]]}"
40_32,75.89082317117489,1919.000840189407,1916.739230776389,1913.2476863130348,31.99009061831432,31.930482872160262,2.109259537962947,75.82961309152343,"{""geodesic"":false,""type"":""Polygon"",""coordinates"":[[[75.82961309152343,31.930482872160262],[75.89082317117489,31.930482872160262],[75.89082317117489,31.99009061831432],[75.82961309152343,31.99009061831432],[75.82961309152343,31.930482872160262]]]}"
40_33,75.95203325082635,1913.7410045780844,1913.1890244256801,1911.151867830888,31.99009061831432,31.930482872160262,1.122469852209216,75.89082317117489,"{""geodesic"":false,""type"":""Polygon"",""coordinates"":[[[75.89082317117489,31.930482872160262],[75.95203325082635,31.930482872160262],[75.95203325082635,31.99009061831432],[75.89082317117489,31.99009061831432],[75.89082317117489,31.930482872160262]]]}"
41_15,74.85025181710006,1938.8905388247863,1935.4571567085634,1935.155320918126,32.04969836446838,31.99009061831432,1.8676089534147955,74.7890417374486,"{""geodesic"":false,""type"":""Polygon"",""coordinates"":[[[74.7890417374486,31.99009061831432],[74.85025181710006,31.99009061831432],[74.85025181710006,32.04969836446838],[74.7890417374486,32.04969836446838],[74.7890417374486,31.99009061831432]]]}"
41_16,74.91146189675152,1935.155320918126,1932.5529787648666,1930.729679855111,32.04969836446838,31.99009061831432,1.8083517592073866,74.85025181710006,"{""geodesic"":false,""type"":""Polygon"",""coordinates"":[[[74.85025181710006,31.99009061831432],[74.91146189675152,31.99009061831432],[74.91146189675152,32.04969836446838],[74.85025181710006,32.04969836446838],[74.85025181710006,31.99009061831432]]]}"
41_17,74.97267197640298,1932.7816020806142,1930.2235936759787,1929.0710636649294,32.04969836446838,31.99009061831432,1.2818031246192367,74.91146189675152,"{""geodesic"":false,""type"":""Polygon"",""coordinates"":[[[74.91146189675152,31.99009061831432],[74.97267197640298,31.99009061831432],[74.97267197640298,32.04969836446838],[74.91146189675152,32.04969836446838],[74.91146189675152,31.99009061831432]]]}"
41_18,75.03388205605444,1933.4638943768614,1931.023108209344,1929.3627347289282,32.04969836446838,31.99009061831432,1.4532618632839387,74.97267197640298,"{""geodesic"":false,""type"":""Polygon"",""coordinates"":[[[74.97267197640298,31.99009061831432],[75.03388205605444,31.99009061831432],[75.03388205605444,32.04969836446838],[74.97267197640298,32.04969836446838],[74.97267197640298,31.99009061831432]]]}"
41_19,75.0950921357059,1935.5458704047517,1932.194903004345,1929.7741208808018,32.04969836446838,31.99009061831432,2.172502122383355,75.03388205605444,"{""geodesic"":false,""type"":""Polygon"",""coordinates"":[[[75.03388205605444,31.99009061831432],[75.0950921357059,31.99009061831432],[75.0950921357059,32.04969836446838],[75.03388205605444,32.04969836446838],[75.03388205605444,31.99009061831432]]]}"
41_20,75.15630221535736,1935.5458704047517,1930.58801474897,1929.7741208808018,32.04969836446838,31.99009061831432,2.0054799807251027,75.0950921357059,"{""geodesic"":false,""type"":""Polygon"",""coordinates"":[[[75.0950921357059,31.99009061831432],[75.15630221535736,31.99009061831432],[75.15630221535736,32.04969836446838],[75.0950921357059,32.04969836446838],[75.0950921357059,31.99009061831432]]]}"
41_21,75.21751229500882,1930.7426465588005,1930.0818643964553,1928.8860070801827,32.04969836446838,31.99009061831432,0.6755213413390414,75.15630221535736,"{""geodesic"":false,""type"":""Polygon"",""coordinates"":[[[75.15630221535736,31.99009061831432],[75.21751229500882,31.99009061831432],[75.21751229500882,32.04969836446838],[75.15630221535736,32.04969836446838],[75.15630221535736,31.99009061831432]]]}"
41_22,75.27872237466028,1930.1731130177213,1929.4695652874334,1928.8860070801827,32.04969836446838,31.99009061831432,0.5601214088460711,75.21751229500882,"{""geodesic"":false,""type"":""Polygon"",""coordinates"":[[[75.21751229500882,31.99009061831432],[75.27872237466028,31.99009061831432],[75.27872237466028,32.04969836446838],[75.21751229500882,32.04969836446838],[75.21751229500882,31.99009061831432]]]}"
41_23,75.33993245431174,1929.9545469501234,1928.9413038613172,1928.2198909014814,32.04969836446838,31.99009061831432,0.7332724699244183,75.27872237466028,"{""geodesic"":false,""type"":""Polygon"",""coordinates"":[[[75.27872237466028,31.99009061831432],[75.33993245431174,31.99009061831432],[75.33993245431174,32.04969836446838],[75.27872237466028,32.04969836446838],[75.27872237466028,31.99009061831432]]]}"
41_24,75.4011425339632,1929.9545469501234,1928.5135340283014,1927.2602164277466,32.04969836446838,31.99009061831432,0.9677672270489923,75.33993245431174,"{""geodesic"":false,""type"":""Polygon"",""coordinates"":[[[75.33993245431174,31.99009061831432],[75.4011425339632,31.99009061831432],[75.4011425339632,32.04969836446838],[75.33993245431174,32.04969836446838],[75.33993245431174,31.99009061831432]]]}"
41_25,75.46235261361466,1928.3024369895156,1926.845102635601,1924.3894766303956,32.04969836446838,31.99009061831432,1.3790054422944535,75.4011425339632,"{""geodesic"":false,""type"":""Polygon"",""coordinates"":[[[75.4011425339632,31.99009061831432],[75.46235261361466,31.99009061831432],[75.46235261361466,32.04969836446838],[75.4011425339632,32.04969836446838],[75.4011425339632,31.99009061831432]]]}"
41_26,75.52356269326613,1924.7413289758094,1924.057780692516,1923.0581290712373,32.04969836446838,31.99009061831432,0.746961951655996,75.46235261361467,"{""geodesic"":false,""type"":""Polygon"",""coordinates"":[[[75.46235261361467,31.99009061831432],[75.52356269326613,31.99009061831432],[75.52356269326613,32.04969836446838],[75.46235261361467,32.04969836446838],[75.46235261361467,31.99009061831432]]]}"
41_27,75.58477277291759,1923.128222744516,1922.6323279551539,1922.2344874847454,32.04969836446838,31.99009061831432,0.3835517250152145,75.52356269326613,"{""geodesic"":false,""type"":""Polygon"",""coordinates"":[[[75.52356269326613,31.99009061831432],[75.58477277291759,31.99009061831432],[75.58477277291759,32.04969836446838],[75.52356269326613,32.04969836446838],[75.52356269326613,31.99009061831432]]]}"
41_28,75.64598285256905,1923.1624644190292,1922.5127542940604,1921.5969086693792,32.04969836446838,31.99009061831432,0.4824661911495196,75.58477277291759,"{""geodesic"":false,""type"":""Polygon"",""coordinates"":[[[75.58477277291759,31.99009061831432],[75.64598285256905,31.99009061831432],[75.64598285256905,32.04969836446838],[75.58477277291759,32.04969836446838],[75.58477277291759,31.99009061831432]]]}"
41_29,75.70719293222051,1923.1624644190292,1922.136168709104,1920.6494614808948,32.04969836446838,31.99009061831432,0.9137197747585359,75.64598285256905,"{""geodesic"":false,""type"":""Polygon"",""coordinates"":[[[75.64598285256905,31.99009061831432],[75.70719293222051,31.99009061831432],[75.70719293222051,32.04969836446838],[75.64598285256905,32.04969836446838],[75.64598285256905,31.99009061831432]]]}"
41_30,75.76840301187197,1922.2000461242544,1921.6692968686996,1919.3888607929891,32.04969836446838,31.99009061831432,1.1478284914714156,75.70719293222051,"{""geodesic"":false,""type"":""Polygon"",""coordinates"":[[[75.70719293222051,31.99009061831432],[75.76840301187197,31.99009061831432],[75.76840301187197,32.04969836446838],[75.70719293222051,32.04969836446838],[75.70719293222051,31.99009061831432]]]}"
41_31,75.82961309152343,1922.0650336534918,1919.895409581661,1913.9868482224203,32.04969836446838,31.99009061831432,2.9437755200831086,75.76840301187197,"{""geodesic"":false,""type"":""Polygon"",""coordinates"":[[[75.76840301187197,31.99009061831432],[75.82961309152343,31.99009061831432],[75.82961309152343,32.04969836446838],[75.76840301187197,32.04969836446838],[75.76840301187197,31.99009061831432]]]}"
42_16,74.91146189675152,1932.7816020806142,1932.7816020806142,1932.7816020806142,32.109306110622434,32.04969836446838,0.0,74.85025181710006,"{""geodesic"":false,""type"":""Polygon"",""coordinates"":[[[74.85025181710006,32.04969836446838],[74.91146189675152,32.04969836446838],[74.91146189675152,32.109306110622434],[74.85025181710006,32.109306110622434],[74.85025181710006,32.04969836446838]]]}"
42_17,74.97267197640298,1932.7816020806142,1931.486809303364,1931.233909369812,32.109306110622434,32.04969836446838,0.6568994062092702,74.91146189675152,"{""geodesic"":false,""type"":""Polygon"",""coordinates"":[[[74.91146189675152,32.04969836446838],[74.97267197640298,32.04969836446838],[74.97267197640298,32.109306110622434],[74.91146189675152,32.109306110622434],[74.91146189675152,32.04969836446838]]]}"
42_19,75.0950921357059,1935.5458704047517,1934.8518783954546,1933.4638943768614,32.109306110622434,32.04969836446838,1.0409880141520471,75.03388205605444,"{""geodesic"":false,""type"":""Polygon"",""coordinates"":[[[75.03388205605444,32.04969836446838],[75.0950921357059,32.04969836446838],[75.0950921357059,32.109306110622434],[75.03388205605444,32.109306110622434],[75.03388205605444,32.04969836446838]]]}"
42_20,75.15630221535736,1935.5458704047517,1931.5191390571695,1930.0797207051926,32.109306110622434,32.04969836446838,2.0874519608161,75.0950921357059,"{""geodesic"":false,""type"":""Polygon"",""coordinates"":[[[75.0950921357059,32.04969836446838],[75.15630221535736,32.04969836446838],[75.15630221535736,32.109306110622434],[75.0950921357059,32.109306110622434],[75.0950921357059,32.04969836446838]]]}"
42_21,75.21751229500882,1933.1851404091028,1930.2430322241962,1928.8860070801827,32.109306110622434,32.04969836446838,1.5717988175699587,75.15630221535736,"{""geodesic"":false,""type"":""Polygon"",""coordinates"":[[[75.15630221535736,32.04969836446838],[75.21751229500882,32.04969836446838],[75.21751229500882,32.109306110622434],[75.15630221535736,32.109306110622434],[75.15630221535736,32.04969836446838]]]}"
42_22,75.27872237466028,1930.922962685618,1929.0022526584069,1928.1967609095013,32.109306110622434,32.04969836446838,1.0205638432064932,75.21751229500882,"{""geodesic"":false,""type"":""Polygon"",""coordinates"":[[[75.21751229500882,32.04969836446838],[75.27872237466028,32.04969836446838],[75.27872237466028,32.109306110622434],[75.21751229500882,32.109306110622434],[75.21751229500882,32.04969836446838]]]}"
42_23,75.33993245431174,1928.2359410364306,1927.3172401976303,1925.722988389997,32.109306110622434,32.04969836446838,1.0241198046656055,75.27872237466028,"{""geodesic"":false,""type"":""Polygon"",""coordinates"":[[[75.27872237466028,32.04969836446838],[75.33993245431174,32.04969836446838],[75.33993245431174,32.109306110622434],[75.27872237466028,32.109306110622434],[75.27872237466028,32.04969836446838]]]}"
42_24,75.4011425339632,1928.2359410364306,1926.0557537711409,1924.7499598121237,32.109306110622434,32.04969836446838,1.346993818084351,75.33993245431174,"{""geodesic"":false,""type"":""Polygon"",""coordinates"":[[[75.33993245431174,32.04969836446838],[75.4011425339632,32.04969836446838],[75.4011425339632,32.109306110622434],[75.33993245431174,32.109306110622434],[75.33993245431174,32.04969836446838]]]}"
42_25,75.46235261361466,1927.2602164277466,1925.3763360037576,1924.5510089235293,32.109306110622434,32.04969836446838,1.148052672539941,75.4011425339632,"{""geodesic"":false,""type"":""Polygon"",""coordinates"":[[[75.4011425339632,32.04969836446838],[75.46235261361466,32.04969836446838],[75.46235261361466,32.109306110622434],[75.4011425339632,32.109306110622434],[75.4011425339632,32.04969836446838]]]}"
42_26,75.52356269326613,1926.953867883055,1925.8930492355519,1923.128222744516,32.109306110622434,32.04969836446838,1.4846300450297647,75.46235261361467,"{""geodesic"":false,""type"":""Polygon"",""coordinates"":[[[75.46235261361467,32.04969836446838],[75.52356269326613,32.04969836446838],[75.52356269326613,32.109306110622434],[75.46235261361467,32.109306110622434],[75.46235261361467,32.04969836446838]]]}"
42_27,75.58477277291759,1926.32622158873,1924.4646634661187,1922.4521182648186,32.109306110622434,32.04969836446838,1.4968810224648357,75.52356269326613,"{""geodesic"":false,""type"":""Polygon"",""coordinates"":[[[75.52356269326613,32.04969836446838],[75.58477277291759,32.04969836446838],[75.58477277291759,32.109306110622434],[75.52356269326613,32.109306110622434],[75.52356269326613,32.04969836446838]]]}"
42_28,75.64598285256905,1924.697580060079,1922.9516947962986,1921.5969086693792,32.109306110622434,32.04969836446838,1.0439375269557587,75.58477277291759,"{""geodesic"":false,""type"":""Polygon"",""coordinates"":[[[75.58477277291759,32.04969836446838],[75.64598285256905,32.04969836446838],[75.64598285256905,32.109306110622434],[75.58477277291759,32.109306110622434],[75.58477277291759,32.04969836446838]]]}"
42_29,75.70719293222051,1922.3220398725568,1921.3209244902623,1920.6494614808948,32.109306110622434,32.04969836446838,0.6848349288807788,75.64598285256905,"{""geodesic"":false,""type"":""Polygon"",""coordinates"":[[[75.64598285256905,32.04969836446838],[75.70719293222051,32.04969836446838],[75.70719293222051,32.109306110622434],[75.64598285256905,32.109306110622434],[75.64598285256905,32.04969836446838]]]}"
43_21,75.21751229500882,1933.1851404091028,1931.4212423362783,1930.922962685618,32.16891385677649,32.109306110622434,0.9498291097334661,75.15630221535736,"{""geodesic"":false,""type"":""Polygon"",""coordinates"":[[[75.15630221535736,32.109306110622434],[75.21751229500882,32.109306110622434],[75.21751229500882,32.16891385677649],[75.15630221535736,32.16891385677649],[75.15630221535736,32.109306110622434]]]}"
43_22,75.27872237466028,1931.583198085885,1929.2211006494963,1928.1967609095013,32.16891385677649,32.109306110622434,1.2927457090894618,75.21751229500882,"{""geodesic"":false,""type"":""Polygon"",""coordinates"":[[[75.21751229500882,32.109306110622434],[75.27872237466028,32.109306110622434],[75.27872237466028,32.16891385677649],[75.21751229500882,32.16891385677649],[75.21751229500882,32.109306110622434]]]}"
43_23,75.33993245431174,1928.801237716839,1926.6575790389866,1923.9608434558236,32.16891385677649,32.109306110622434,1.5161892501791547,75.27872237466028,"{""geodesic"":false,""type"":""Polygon"",""coordinates"":[[[75.27872237466028,32.109306110622434],[75.33993245431174,32.109306110622434],[75.33993245431174,32.16891385677649],[75.27872237466028,32.16891385677649],[75.27872237466028,32.109306110622434]]]}"
43_24,75.4011425339632,1925.722988389997,1924.9859664514322,1923.9608434558236,32.16891385677649,32.109306110622434,0.669856939977881,75.33993245431174,"{""geodesic"":false,""type"":""Polygon"",""coordinates"":[[[75.33993245431174,32.109306110622434],[75.4011425339632,32.109306110622434],[75.4011425339632,32.16891385677649],[75.33993245431174,32.16891385677649],[75.33993245431174,32.109306110622434]]]}"
43_25,75.46235261361466,1927.3045905343888,1924.5015573049147,1923.8730446092222,32.16891385677649,32.109306110622434,1.1527309140895607,75.4011425339632,"{""geodesic"":false,""type"":""Polygon"",""coordinates"":[[[75.4011425339632,32.109306110622434],[75.46235261361466,32.109306110622434],[75.46235261361466,32.16891385677649],[75.4011425339632,32.16891385677649],[75.4011425339632,32.109306110622434]]]}"
43_26,75.52356269326613,1928.517835131112,1927.2819505037528,1925.4185205663125,32.16891385677649,32.109306110622434,1.0334157781973126,75.46235261361467,"{""geodesic"":false,""type"":""Polygon"",""coordinates"":[[[75.46235261361467,32.109306110622434],[75.52356269326613,32.109306110622434],[75.52356269326613,32.16891385677649],[75.46235261361467,32.16891385677649],[75.46235261361467,32.109306110622434]]]}"
43_27,75.58477277291759,1928.517835131112,1926.5348627032156,1923.5581780550838,32.16891385677649,32.109306110622434,1.528144102531358,75.52356269326613,"{""geodesic"":false,""type"":""Polygon"",""coordinates"":[[[75.52356269326613,32.109306110622434],[75.58477277291759,32.109306110622434],[75.58477277291759,32.16891385677649],[75.52356269326613,32.16891385677649],[75.52356269326613,32.109306110622434]]]}"
43_28,75.64598285256905,1926.1325700741954,1923.564177635679,1917.844466570657,32.16891385677649,32.109306110622434,2.321853525467609,75.58477277291759,"{""geodesic"":false,""type"":""Polygon"",""coordinates"":[[[75.58477277291759,32.109306110622434],[75.64598285256905,32.109306110622434],[75.64598285256905,32.16891385677649],[75.58477277291759,32.16891385677649],[75.58477277291759,32.109306110622434]]]}"
43_29,75.70719293222051,1922.3220398725568,1919.8039717654372,1917.844466570657,32.16891385677649,32.109306110622434,1.847328149846947,75.64598285256905,"{""geodesic"":false,""type"":""Polygon"",""coordinates"":[[[75.64598285256905,32.109306110622434],[75.70719293222051,32.109306110622434],[75.70719293222051,32.16891385677649],[75.64598285256905,32.16891385677649],[75.64598285256905,32.109306110622434]]]}"
44_23,75.33993245431174,1928.801237716839,1925.5002207175792,1923.9608434558236,32.22852160293055,32.16891385677649,1.9913531689611346,75.27872237466028,"{""geodesic"":false,""type"":""Polygon"",""coordinates"":[[[75.27872237466028,32.16891385677649],[75.33993245431174,32.16891385677649],[75.33993245431174,32.22852160293055],[75.27872237466028,32.22852160293055],[75.27872237466028,32.16891385677649]]]}"
44_24,75.4011425339632,1925.8588997579755,1924.1814061526134,1923.9608434558236,32.22852160293055,32.16891385677649,0.7904716675904905,75.33993245431174,"{""geodesic"":false,""type"":""Polygon"",""coordinates"":[[[75.33993245431174,32.16891385677649],[75.4011425339632,32.16891385677649],[75.4011425339632,32.22852160293055],[75.33993245431174,32.22852160293055],[75.33993245431174,32.16891385677649]]]}"
44_25,75.46235261361466,1925.4185205663125,1923.4963690062116,1921.2227556862517,32.22852160293055,32.16891385677649,1.3411424636026905,75.4011425339632,"{""geodesic"":false,""type"":""Polygon"",""coordinates"":[[[75.4011425339632,32.16891385677649],[75.46235261361466,32.16891385677649],[75.46235261361466,32.22852160293055],[75.4011425339632,32.22852160293055],[75.4011425339632,32.16891385677649]]]}"
44_26,75.52356269326613,1925.7554049217879,1923.8693615601114,1921.2227556862517,32.22852160293055,32.16891385677649,2.064910296929442,75.46235261361467,"{""geodesic"":false,""type"":""Polygon"",""coordinates"":[[[75.46235261361467,32.16891385677649],[75.52356269326613,32.16891385677649],[75.52356269326613,32.22852160293055],[75.46235261361467,32.22852160293055],[75.46235261361467,32.16891385677649]]]}"
44_27,75.58477277291759,1925.7554049217879,1923.299072190368,1921.474147139934,32.22852160293055,32.16891385677649,1.7144286413882497,75.52356269326613,"{""geodesic"":false,""type"":""Polygon"",""coordinates"":[[[75.52356269326613,32.16891385677649],[75.58477277291759,32.16891385677649],[75.58477277291759,32.22852160293055],[75.52356269326613,32.22852160293055],[75.52356269326613,32.16891385677649]]]}"
44_28,75.64598285256905,1923.5581780550838,1920.9347091989616,1917.844466570657,32.22852160293055,32.16891385677649,1.9424858165680967,75.58477277291759,"{""geodesic"":false,""type"":""Polygon"",""coordinates"":[[[75.58477277291759,32.16891385677649],[75.64598285256905,32.16891385677649],[75.64598285256905,32.22852160293055],[75.58477277291759,32.22852160293055],[75.58477277291759,32.16891385677649]]]}"
44_29,75.70719293222051,1917.844466570657,1917.844466570657,1917.844466570657,32.22852160293055,32.16891385677649,0.0,75.64598285256905,"{""geodesic"":false,""type"":""Polygon"",""coordinates"":[[[75.64598285256905,32.16891385677649],[75.70719293222051,32.16891385677649],[75.70719293222051,32.22852160293055],[75.64598285256905,32.22852160293055],[75.64598285256905,32.16891385677649]]]}"
45_24,75.4011425339632,1927.5807142391616,1925.2248260366082,1923.9858980395386,32.288129349084606,32.22852160293055,1.329650740221816,75.33993245431174,"{""geodesic"":false,""type"":""Polygon"",""coordinates"":[[[75.33993245431174,32.22852160293055],[75.4011425339632,32.22852160293055],[75.4011425339632,32.288129349084606],[75.33993245431174,32.288129349084606],[75.33993245431174,32.22852160293055]]]}"
45_25,75.46235261361466,1924.9090797447784,1923.2221184955376,1920.5495713694522,32.288129349084606,32.22852160293055,1.5182721509922867,75.4011425339632,"{""geodesic"":false,""type"":""Polygon"",""coordinates"":[[[75.4011425339632,32.22852160293055],[75.46235261361466,32.22852160293055],[75.46235261361466,32.288129349084606],[75.4011425339632,32.288129349084606],[75.4011425339632,32.22852160293055]]]}"
45_26,75.52356269326613,1921.7374724830436,1920.625634784723,1919.4758375663314,32.288129349084606,32.22852160293055,0.8459033357407517,75.46235261361467,"{""geodesic"":false,""type"":""Polygon"",""coordinates"":[[[75.46235261361467,32.22852160293055],[75.52356269326613,32.22852160293055],[75.52356269326613,32.288129349084606],[75.46235261361467,32.288129349084606],[75.46235261361467,32.22852160293055]]]}"
45_27,75.58477277291759,1921.7374724830436,1920.36781225034,1919.4758375663314,32.288129349084606,32.22852160293055,0.9806524333594832,75.52356269326613,"{""geodesic"":false,""type"":""Polygon"",""coordinates"":[[[75.52356269326613,32.22852160293055],[75.58477277291759,32.22852160293055],[75.58477277291759,32.288129349084606],[75.52356269326613,32.288129349084606],[75.52356269326613,32.22852160293055]]]}"
45_28,75.64598285256905,1921.474147139934,1919.2546284038735,1917.0568657389922,32.288129349084606,32.22852160293055,1.4296166762022697,75.58477277291759,"{""geodesic"":false,""type"":""Polygon"",""coordinates"":[[[75.58477277291759,32.22852160293055],[75.64598285256905,32.22852160293055],[75.64598285256905,32.288129349084606],[75.58477277291759,32.288129349084606],[75.58477277291759,32.22852160293055]]]}"
45_29,75.70719293222051,1917.0568657389922,1916.2212499098723,1914.9395002058834,32.288129349084606,32.22852160293055,1.0586827665640968,75.64598285256905,"{""geodesic"":false,""type"":""Polygon"",""coordinates"":[[[75.64598285256905,32.22852160293055],[75.70719293222051,32.22852160293055],[75.70719293222051,32.288129349084606],[75.64598285256905,32.288129349084606],[75.64598285256905,32.22852160293055]]]}"
45_30,75.76840301187197,1914.9395002058834,1913.8706611413397,1912.1009440016853,32.288129349084606,32.22852160293055,1.4192781020373535,75.70719293222051,"{""geodesic"":false,""type"":""Polygon"",""coordinates"":[[[75.70719293222051,32.22852160293055],[75.76840301187197,32.22852160293055],[75.76840301187197,32.288129349084606],[75.70719293222051,32.288129349084606],[75.70719293222051,32.22852160293055]]]}"
46_23,75.33993245431174,1927.5807142391616,1926.4256686749318,1926.2750105578582,32.34773709523867,32.28812934908461,0.6528518405553768,75.27872237466028,"{""geodesic"":false,""type"":""Polygon"",""coordinates"":[[[75.27872237466028,32.28812934908461],[75.33993245431174,32.28812934908461],[75.33993245431174,32.34773709523867],[75.27872237466028,32.34773709523867],[75.27872237466028,32.28812934908461]]]}"
46_24,75.4011425339632,1927.5807142391616,1925.5367853488826,1924.7834045895675,32.34773709523867,32.28812934908461,1.1394594069648725,75.33993245431174,"{""geodesic"":false,""type"":""Polygon"",""coordinates"":[[[75.33993245431174,32.28812934908461],[75.4011425339632,32.28812934908461],[75.4011425339632,32.34773709523867],[75.33993245431174,32.34773709523867],[75.33993245431174,32.28812934908461]]]}"
46_25,75.46235261361466,1925.139793821339,1924.651478905233,1920.3809796448836,32.34773709523867,32.28812934908461,1.8594928142572849,75.4011425339632,"{""geodesic"":false,""type"":""Polygon"",""coordinates"":[[[75.4011425339632,32.28812934908461],[75.46235261361466,32.28812934908461],[75.46235261361466,32.34773709523867],[75.4011425339632,32.34773709523867],[75.4011425339632,32.28812934908461]]]}"
46_26,75.52356269326613,1923.0628879507012,1921.67890125543,1919.4758375663314,32.34773709523867,32.28812934908461,1.1924058264725201,75.46235261361467,"{""geodesic"":false,""type"":""Polygon"",""coordinates"":[[[75.46235261361467,32.28812934908461],[75.52356269326613,32.28812934908461],[75.52356269326613,32.34773709523867],[75.46235261361467,32.34773709523867],[75.46235261361467,32.28812934908461]]]}"
46_27,75.58477277291759,1920.5736504387087,1919.1036760949191,1918.5562135069615,32.34773709523867,32.28812934908461,0.6289320672898433,75.52356269326613,"{""geodesic"":false,""type"":""Polygon"",""coordinates"":[[[75.52356269326613,32.28812934908461],[75.58477277291759,32.28812934908461],[75.58477277291759,32.34773709523867],[75.52356269326613,32.34773709523867],[75.52356269326613,32.28812934908461]]]}"
46_28,75.64598285256905,1920.1393734760684,1918.1929949940725,1917.0568657389922,32.34773709523867,32.28812934908461,1.0892299530583964,75.58477277291759,"{""geodesic"":false,""type"":""Polygon"",""coordinates"":[[[75.58477277291759,32.28812934908461],[75.64598285256905,32.28812934908461],[75.64598285256905,32.34773709523867],[75.58477277291759,32.34773709523867],[75.58477277291759,32.28812934908461]]]}"
46_29,75.70719293222051,1918.4007997453732,1916.5222607229607,1912.9322152152927,32.34773709523867,32.28812934908461,1.7580313334413558,75.64598285256905,"{""geodesic"":false,""type"":""Polygon"",""coordinates"":[[[75.64598285256905,32.28812934908461],[75.70719293222051,32.28812934908461],[75.70719293222051,32.34773709523867],[75.64598285256905,32.34773709523867],[75.64598285256905,32.28812934908461]]]}"
46_30,75.76840301187197,1915.9122749032688,1913.5151634865454,1906.1761299240497,32.34773709523867,32.28812934908461,3.1497039777796743,75.70719293222051,"{""geodesic"":false,""type"":""Polygon"",""coordinates"":[[[75.70719293222051,32.28812934908461],[75.76840301187197,32.28812934908461],[75.76840301187197,32.34773709523867],[75.70719293222051,32.34773709523867],[75.70719293222051,32.28812934908461]]]}"
46_31,75.82961309152343,1913.8108582430132,1907.7106915945287,1899.3516145055503,32.34773709523867,32.28812934908461,5.473411908486008,75.76840301187197,"{""geodesic"":false,""type"":""Polygon"",""coordinates"":[[[75.76840301187197,32.28812934908461],[75.82961309152343,32.28812934908461],[75.82961309152343,32.34773709523867],[75.76840301187197,32.34773709523867],[75.76840301187197,32.28812934908461]]]}"
47_27,75.58477277291759,1920.5736504387087,1920.1526948552903,1920.1393734760684,32.40734484139273,32.34773709523867,0.21713847985333135,75.52356269326613,"{""geodesic"":false,""type"":""Polygon"",""coordinates"":[[[75.52356269326613,32.34773709523867],[75.58477277291759,32.34773709523867],[75.58477277291759,32.40734484139273],[75.52356269326613,32.40734484139273],[75.52356269326613,32.34773709523867]]]}"
47_28,75.64598285256905,1920.1393734760684,1919.1646934748621,1917.1183553956323,32.40734484139273,32.34773709523867,1.2332899965652477,75.58477277291759,"{""geodesic"":false,""type"":""Polygon"",""coordinates"":[[[75.58477277291759,32.34773709523867],[75.64598285256905,32.34773709523867],[75.64598285256905,32.40734484139273],[75.58477277291759,32.40734484139273],[75.58477277291759,32.34773709523867]]]}"
47_29,75.70719293222051,1918.4007997453732,1915.265235186256,1909.610720668654,32.40734484139273,32.34773709523867,3.4797292036292577,75.64598285256905,"{""geodesic"":false,""type"":""Polygon"",""coordinates"":[[[75.64598285256905,32.34773709523867],[75.70719293222051,32.34773709523867],[75.70719293222051,32.40734484139273],[75.64598285256905,32.40734484139273],[75.64598285256905,32.34773709523867]]]}"
47_30,75.76840301187197,1912.9322152152927,1906.4990537648903,1900.194843974829,32.40734484139273,32.34773709523867,4.7113464749378755,75.70719293222051,"{""geodesic"":false,""type"":""Polygon"",""coordinates"":[[[75.70719293222051,32.34773709523867],[75.76840301187197,32.34773709523867],[75.76840301187197,32.40734484139273],[75.70719293222051,32.40734484139273],[75.70719293222051,32.34773709523867]]]}"
47_31,75.82961309152343,1906.1761299240497,1899.7604297049127,1896.2714957609999,32.40734484139273,32.34773709523867,3.4166006097559825,75.76840301187197,"{""geodesic"":false,""type"":""Polygon"",""coordinates"":[[[75.76840301187197,32.34773709523867],[75.82961309152343,32.34773709523867],[75.82961309152343,32.40734484139273],[75.76840301187197,32.40734484139273],[75.76840301187197,32.34773709523867]]]}"
47_32,75.89082317117489,1899.3516145055503,1896.887424131595,1895.7598138375306,32.40734484139273,32.34773709523867,1.5794796199164163,75.82961309152343,"{""geodesic"":false,""type"":""Polygon"",""coordinates"":[[[75.82961309152343,32.34773709523867],[75.89082317117489,32.34773709523867],[75.89082317117489,32.40734484139273],[75.82961309152343,32.40734484139273],[75.82961309152343,32.34773709523867]]]}"
47_33,75.95203325082635,1895.7598138375306,1895.196932775937,1894.7044118470428,32.40734484139273,32.34773709523867,0.5277009950432521,75.89082317117489,"{""geodesic"":false,""type"":""Polygon"",""coordinates"":[[[75.89082317117489,32.34773709523867],[75.95203325082635,32.34773709523867],[75.95203325082635,32.40734484139273],[75.89082317117489,32.40734484139273],[75.89082317117489,32.34773709523867]]]}"
48_29,75.70719293222051,1917.1183553956323,1913.306786995782,1909.610720668654,32.466952587546785,32.40734484139273,3.7538173634746155,75.64598285256905,"{""geodesic"":false,""type"":""Polygon"",""coordinates"":[[[75.64598285256905,32.40734484139273],[75.70719293222051,32.40734484139273],[75.70719293222051,32.466952587546785],[75.64598285256905,32.466952587546785],[75.64598285256905,32.40734484139273]]]}"
48_30,75.76840301187197,1909.610720668654,1894.9178878120254,1886.2602480358923,32.466952587546785,32.40734484139273,9.592104797823106,75.70719293222051,"{""geodesic"":false,""type"":""Polygon"",""coordinates"":[[[75.70719293222051,32.40734484139273],[75.76840301187197,32.40734484139273],[75.76840301187197,32.466952587546785],[75.70719293222051,32.466952587546785],[75.70719293222051,32.40734484139273]]]}"
48_31,75.82961309152343,1900.194843974829,1890.1240479551195,1886.0712834033425,32.466952587546785,32.40734484139273,5.802142258449899,75.76840301187197,"{""geodesic"":false,""type"":""Polygon"",""coordinates"":[[[75.76840301187197,32.40734484139273],[75.82961309152343,32.40734484139273],[75.82961309152343,32.466952587546785],[75.76840301187197,32.466952587546785],[75.76840301187197,32.40734484139273]]]}"
48_32,75.89082317117489,1896.3104722740525,1888.4404690351314,1881.6835398209216,32.466952587546785,32.40734484139273,6.276706801441434,75.82961309152343,"{""geodesic"":false,""type"":""Polygon"",""coordinates"":[[[75.82961309152343,32.40734484139273],[75.89082317117489,32.40734484139273],[75.89082317117489,32.466952587546785],[75.82961309152343,32.466952587546785],[75.82961309152343,32.40734484139273]]]}"
48_33,75.95203325082635,1895.7598138375306,1887.1771179245331,1878.4132522647772,32.466952587546785,32.40734484139273,7.688458604893402,75.89082317117489,"{""geodesic"":false,""type"":""Polygon"",""coordinates"":[[[75.89082317117489,32.40734484139273],[75.95203325082635,32.40734484139273],[75.95203325082635,32.466952587546785],[75.89082317117489,32.466952587546785],[75.89082317117489,32.40734484139273]]]}"
49_31,75.82961309152343,1886.5286803031752,1881.9735756948623,1861.2034271148434,32.52656033370084,32.466952587546785,9.078726684811826,75.76840301187197,"{""geodesic"":false,""type"":""Polygon"",""coordinates"":[[[75.76840301187197,32.466952587546785],[75.82961309152343,32.466952587546785],[75.82961309152343,32.52656033370084],[75.76840301187197,32.52656033370084],[75.76840301187197,32.466952587546785]]]}"
49_32,75.89082317117489,1886.0712834033425,1877.456248446415,1861.2034271148434,32.52656033370084,32.466952587546785,10.282930076104009,75.82961309152343,"{""geodesic"":false,""type"":""Polygon"",""coordinates"":[[[75.82961309152343,32.466952587546785],[75.89082317117489,32.466952587546785],[75.89082317117489,32.52656033370084],[75.82961309152343,32.52656033370084],[75.82961309152343,32.466952587546785]]]}"
49_33,75.95203325082635,1881.6835398209216,1873.6080065125839,1862.0027165232211,32.52656033370084,32.466952587546785,8.61094439073257,75.89082317117489,"{""geodesic"":false,""type"":""Polygon"",""coordinates"":[[[75.89082317117489,32.466952587546785],[75.95203325082635,32.466952587546785],[75.95203325082635,32.52656033370084],[75.89082317117489,32.52656033370084],[75.89082317117489,32.466952587546785]]]}"
